{
    "Node_0": 24210564218.92208,
    "Node_1": 958.686531469667,
    "Node_2": 2077465300.2616487,
    "Node_3": 14619446297.20033,
    "Node_4": 441.3376623376623,
    "Node_5": 21839102.37312367,
    "Node_6": 6329981554.599396,
    "Node_7": 763.8733419511667,
    "Node_8": 72594853.73902997,
    "Node_9": 7130502396.256042,
    "Node_10": 28791652718.420155,
    "Node_11": 438.2627350393977,
    "Node_12": 105279333.29273783,
    "Node_13": 32182823929.098766,
    "Node_14": 52405362.21685323,
    "Node_15": 12441139.300970593,
    "Node_16": 36496615.06749421,
    "Node_17": 11325196.03876827,
    "Node_18": 5603760160.429297,
    "Node_19": 0.0,
    "Node_20": 0.0,
    "Node_21": 4860570.428519659,
    "Node_22": 650.8719975617756,
    "Node_23": 19245263.60316051,
    "Node_24": 46659893.4874027,
    "Node_25": 8916470.164918905,
    "Node_26": 13271549.49048641,
    "Node_27": 546446.9130849779,
    "Node_28": 1292958.494483028,
    "Node_29": 466.95282746478523,
    "Node_30": 0.0,
    "Node_31": 38490354.13484279,
    "Node_32": 1660.8545692184268,
    "Node_33": 3453.6987559503095,
    "Node_34": 903.9743157803154,
    "Node_35": 17874478.081625666,
    "Node_36": 41859286.9050674,
    "Node_37": 79872480.93245575,
    "Node_38": 2201774.0772471908,
    "Node_39": 7878441.933091843,
    "Node_40": 40647502.65785225,
    "Node_41": 6493264.720875549,
    "Node_42": 822981.538905511,
    "Node_43": 38240518.39667854,
    "Node_44": 17497484415.3099,
    "Node_45": 54422865919.19171,
    "Node_46": 3555.5811529317184,
    "Node_47": 12223018804.780785,
    "Node_48": 1408.0257802849665,
    "Node_49": 0.0,
    "Node_50": 25421027.678041376,
    "Node_51": 698.7595741470469,
    "Node_52": 25983769416.388424,
    "Node_53": 213.28414872613516,
    "Node_54": 614.6095414515978,
    "Node_55": 174.9892039355888,
    "Node_56": 14473500.2256609,
    "Node_57": 948545.226962639,
    "Node_58": 380.9281326020621,
    "Node_59": 5514377.948106929,
    "Node_60": 2365.540419162833,
    "Node_61": 62339968382.75235,
    "Node_62": 786.7721354032141,
    "Node_63": 660.4049066160999,
    "Node_64": 10763897.14267665,
    "Node_65": 2505.3525562421632,
    "Node_66": 7822575747.350126,
    "Node_67": 1190.8457543280035,
    "Node_68": 17575567.5971728,
    "Node_69": 31971217401.963314,
    "Node_70": 57119938.08403412,
    "Node_71": 489.61825339751323,
    "Node_72": 72594853.73902997,
    "Node_73": 3774864.4133095397,
    "Node_74": 50529550.506471224,
    "Node_75": 33325637475.621666,
    "Node_76": 764.6465324980976,
    "Node_77": 1840.7644422261221,
    "Node_78": 2754.978819621986,
    "Node_79": 800.1139006907953,
    "Node_80": 638.2416841230934,
    "Node_81": 14112415.70604387,
    "Node_82": 0.0,
    "Node_83": 79328006.8246039,
    "Node_84": 26186178.091047555,
    "Node_85": 38428609.04989928,
    "Node_86": 1137.8489396264604,
    "Node_87": 1099817.97487954,
    "Node_88": 1542.49757062412,
    "Node_89": 823.6044391164484,
    "Node_90": 23638952.55543133,
    "Node_91": 269.0928590097351,
    "Node_92": 35835351459.96072,
    "Node_93": 946.1992609961011,
    "Node_94": 73382782.70459138,
    "Node_95": 8374997030.225331,
    "Node_96": 2363.590416447698,
    "Node_97": 0.0,
    "Node_98": 365.41747651833595,
    "Node_99": 6966940667.231501,
    "average_error": 4189065110.496417
}