{
    "Node_1": 3.147775,
    "Node_11": 0.8514999999999999,
    "Node_15": 109965.73600636663,
    "Node_19": 0.0015000000000000002,
    "Node_20": 0.0015000000000000002,
    "Node_22": 5.8233837500000005,
    "Node_23": 1874024.1699895537,
    "Node_25": 52129.654700637155,
    "Node_26": 149992.18642290565,
    "Node_28": 6581.989583029768,
    "Node_31": 139237.98371944932,
    "Node_35": 105683.67992736406,
    "Node_40": 182376.7454823478,
    "Node_41": 151348.28434544947,
    "Node_48": 5.5495424374999995,
    "Node_53": 2.297775,
    "Node_54": 1.7015,
    "Node_55": 0.8514999999999999,
    "Node_59": 131546.44393271857,
    "Node_64": 111822.97764638266,
    "Node_67": 3.147775,
    "Node_68": 312507.96991766465,
    "Node_71": 5.4233174375,
    "Node_74": 1599491.928920641,
    "Node_79": 1.7015,
    "Node_81": 105678.13188492657,
    "Node_88": 5.2958174375,
    "Node_91": 1.7015,
    "Node_12": 330727.80116731813,
    "Node_16": 657663.3567521079,
    "Node_17": 550173.1913241138,
    "Node_21": 33337.153589028945,
    "Node_24": 389878.1493576912,
    "Node_27": 3733.9988722878825,
    "Node_33": 6.843564550578123,
    "Node_38": 7802.390340713524,
    "Node_50": 761317.0519901711,
    "Node_57": 5752.21791213283,
    "Node_62": 1.7015,
    "Node_65": 6.6685298679914045,
    "Node_76": 1.7015,
    "Node_86": 2.93210875,
    "Node_87": 2570.9485865548945,
    "Node_93": 3.52710875,
    "Node_94": 748765.845117717,
    "Node_96": 4.445817437500001,
    "Node_4": 0.8514999999999999,
    "Node_5": 720127.8318670063,
    "Node_7": 1.7015,
    "Node_14": 139717.32484024036,
    "Node_29": 0.8514999999999999,
    "Node_30": 0.0015000000000000002,
    "Node_34": 1.7015,
    "Node_37": 612109.5085869554,
    "Node_39": 241766.56983542032,
    "Node_56": 61318.134630580484,
    "Node_60": 12.5394500909375,
    "Node_63": 1.447775,
    "Node_70": 612114.9684067772,
    "Node_73": 54456.16846371417,
    "Node_78": 9.89902951875,
    "Node_0": 186393826.29858333,
    "Node_3": 419165131.69893426,
    "Node_13": 227059430.18748865,
    "Node_42": 2111.861035383259,
    "Node_43": 76356.46152252053,
    "Node_45": 543116493.7078412,
    "Node_47": 437275142.4447885,
    "Node_51": 1.7015,
    "Node_52": 658258366.5687567,
    "Node_58": 0.8514999999999999,
    "Node_61": 559858179.6032346,
    "Node_69": 376699737.6411106,
    "Node_72": 265631.77593001496,
    "Node_75": 356380195.83886606,
    "Node_80": 1.57655,
    "Node_82": 0.0015000000000000002,
    "Node_83": 154295.8395786616,
    "Node_92": 376609911.22900844,
    "Node_98": 0.8514999999999999,
    "Node_2": 70948483.73543063,
    "Node_6": 75195016.65345392,
    "Node_8": 265631.77593001496,
    "Node_9": 103622386.07164024,
    "Node_10": 88079029.01239419,
    "Node_18": 100213285.69818884,
    "Node_32": 5.801376187500001,
    "Node_36": 361006.46415919444,
    "Node_44": 88079029.8623942,
    "Node_46": 8.049487706562498,
    "Node_49": 0.0015000000000000002,
    "Node_66": 134289409.6919198,
    "Node_77": 7.6269849375000005,
    "Node_84": 127494.2099594698,
    "Node_85": 89831.12943825945,
    "Node_89": 1.7015,
    "Node_90": 114988.37788425549,
    "Node_95": 75273027.92016762,
    "Node_97": 0.0015000000000000002,
    "Node_99": 443070483.7970687
}