{
    "Node_1": 3.147775,
    "Node_11": 0.8514999999999999,
    "Node_15": 109965.73600636663,
    "Node_19": 0.0015000000000000002,
    "Node_20": 0.0015000000000000002,
    "Node_22": 5.8233837500000005,
    "Node_23": 1874024.1699895537,
    "Node_25": 52129.654700637155,
    "Node_26": 149992.18642290565,
    "Node_28": 6581.989583029768,
    "Node_31": 139237.98371944932,
    "Node_35": 105683.67992736406,
    "Node_40": 182376.7454823478,
    "Node_41": 151348.28434544947,
    "Node_48": 5.5495424374999995,
    "Node_53": 2.297775,
    "Node_54": 1.7015,
    "Node_55": 0.8514999999999999,
    "Node_59": 131546.44393271857,
    "Node_64": 111822.97764638266,
    "Node_67": 3.147775,
    "Node_68": 312507.96991766465,
    "Node_71": 5.4233174375,
    "Node_74": 1599491.928920641,
    "Node_79": 1.7015,
    "Node_81": 105678.13188492657,
    "Node_88": 5.2958174375,
    "Node_91": 1.7015
}