{
    "Node_12": 330727.80116731813,
    "Node_16": 657663.3567521079,
    "Node_17": 550173.1913241138,
    "Node_21": 33337.153589028945,
    "Node_24": 389878.1493576912,
    "Node_27": 3733.9988722878825,
    "Node_33": 6.843564550578123,
    "Node_38": 7802.390340713524,
    "Node_50": 761317.0519901711,
    "Node_57": 5752.21791213283,
    "Node_62": 1.7015,
    "Node_65": 6.6685298679914045,
    "Node_76": 1.7015,
    "Node_86": 2.93210875,
    "Node_87": 2570.9485865548945,
    "Node_93": 3.52710875,
    "Node_94": 748765.845117717,
    "Node_96": 4.445817437500001
}