{
    "Node_4": 0.8514999999999999,
    "Node_5": 720127.8318670063,
    "Node_7": 1.7015,
    "Node_14": 139717.32484024036,
    "Node_29": 0.8514999999999999,
    "Node_30": 0.0015000000000000002,
    "Node_34": 1.7015,
    "Node_37": 612109.5085869554,
    "Node_39": 241766.56983542032,
    "Node_56": 61318.134630580484,
    "Node_60": 12.5394500909375,
    "Node_63": 1.447775,
    "Node_70": 612114.9684067772,
    "Node_73": 54456.16846371417,
    "Node_78": 9.89902951875
}