{
    "Node_0": 186393826.29858333,
    "Node_3": 419165131.69893426,
    "Node_13": 227059430.18748865,
    "Node_42": 2111.861035383259,
    "Node_43": 76356.46152252053,
    "Node_45": 543116493.7078412,
    "Node_47": 437275142.4447885,
    "Node_51": 1.7015,
    "Node_52": 658258366.5687567,
    "Node_58": 0.8514999999999999,
    "Node_61": 559858179.6032346,
    "Node_69": 376699737.6411106,
    "Node_72": 265631.77593001496,
    "Node_75": 356380195.83886606,
    "Node_80": 1.57655,
    "Node_82": 0.0015000000000000002,
    "Node_83": 154295.8395786616,
    "Node_92": 376609911.22900844,
    "Node_98": 0.8514999999999999
}