{
    "Node_2": 70948483.73543063,
    "Node_6": 75195016.65345392,
    "Node_8": 265631.77593001496,
    "Node_9": 103622386.07164024,
    "Node_10": 88079029.01239419,
    "Node_18": 100213285.69818884,
    "Node_32": 5.801376187500001,
    "Node_36": 361006.46415919444,
    "Node_44": 88079029.8623942,
    "Node_46": 8.049487706562498,
    "Node_49": 0.0015000000000000002,
    "Node_66": 134289409.6919198,
    "Node_77": 7.6269849375000005,
    "Node_84": 127494.2099594698,
    "Node_85": 89831.12943825945,
    "Node_89": 1.7015,
    "Node_90": 114988.37788425549,
    "Node_95": 75273027.92016762,
    "Node_97": 0.0015000000000000002,
    "Node_99": 443070483.7970687
}