{
    "Node_2": 3.0175257206413932,
    "Node_20": 0.8500139030494022,
    "Node_30": 1.445025720641394,
    "Node_157": 1.7000139030494021,
    "Node_182": 2.550013903049402,
    "Node_187": 5.100013903049402,
    "Node_221": 5.185037538233386,
    "Node_295": 13.557561173417369,
    "Node_317": 2.550013903049402,
    "Node_458": 11.092549355825378,
    "Node_464": 3.400013903049402,
    "Node_488": 3.1450257206413936,
    "Node_566": 14.847410765594585,
    "Node_592": 4.250013903049402,
    "Node_630": 1.7000139030494021,
    "Node_633": 11.262525720641394,
    "Node_741": 36.42262026137732,
    "Node_782": 6.885037538233386,
    "Node_979": 5.100013903049402,
    "Node_980": 1.7000139030494021,
    "Node_1085": 2.550013903049402,
    "Node_1141": 3.0175257206413932,
    "Node_1164": 4.5900257206413935,
    "Node_1265": 1.7000139030494021,
    "Node_1286": 1.3903049402168878e-05,
    "Node_1297": 6.417537538233386,
    "Node_1341": 8.585037538233385,
    "Node_1365": 4.250013903049402,
    "Node_1370": 21.590025720641393,
    "Node_1482": 2.550013903049402,
    "Node_1594": 1.7000139030494021,
    "Node_1638": 5.100013903049402,
    "Node_1642": 6.290025720641394,
    "Node_1874": 4.845025720641394,
    "Node_1882": 6.035037538233386,
    "Node_1969": 0.8500139030494022,
    "Node_2042": 0.8500139030494022,
    "Node_2051": 1.7000139030494021,
    "Node_2115": 9.690025720641392,
    "Node_2140": 14.620049355825376,
    "Node_2175": 1.7000139030494021,
    "Node_2183": 0.8500139030494022,
    "Node_2197": 2.4225257206413935,
    "Node_2212": 0.8500139030494022,
    "Node_2270": 3.759160765594587,
    "Node_2401": 0.8500139030494022,
    "Node_2448": 7.607525720641394,
    "Node_2471": 11.475025720641392,
    "Node_2495": 3121.422241741009,
    "Node_2510": 3.400013903049402,
    "Node_2524": 3.8675257206413938,
    "Node_2574": 2.550013903049402,
    "Node_2615": 3.400013903049402,
    "Node_2633": 4.972525720641394,
    "Node_2664": 19.16754935582538,
    "Node_2840": 9.91743440077857,
    "Node_2853": 4.250013903049402,
    "Node_2938": 3.7400257206413934,
    "Node_3045": 5.9075375382333855,
    "Node_3083": 12.750013903049402,
    "Node_3170": 5.567525720641394,
    "Node_3191": 8.372525720641391,
    "Node_3240": 1.3903049402168878e-05,
    "Node_3311": 14.110049355825378,
    "Node_3405": 1.7000139030494021,
    "Node_3514": 5.185049355825377,
    "Node_3519": 0.8500139030494022,
    "Node_3692": 1.3903049402168878e-05,
    "Node_3742": 0.8500139030494022,
    "Node_3789": 1.7000139030494021,
    "Node_3874": 1.7000139030494021,
    "Node_3931": 27.965061173417368,
    "Node_4034": 4.590037538233386,
    "Node_4050": 4.717525720641394,
    "Node_4052": 1.7000139030494021,
    "Node_4055": 10.242549355825375,
    "Node_4085": 1.7000257206413942,
    "Node_4091": 1.3903049402168878e-05,
    "Node_4166": 3.995025720641394,
    "Node_4187": 101.4732886620632,
    "Node_4207": 4.250013903049402,
    "Node_4262": 3.1450257206413936,
    "Node_4431": 6.035025720641394,
    "Node_4471": 6.035037538233386,
    "Node_4505": 4.250013903049402,
    "Node_4608": 5.3125257206413945,
    "Node_4619": 29.41006117341737,
    "Node_4636": 14.280037538233385,
    "Node_4676": 1.3903049402168878e-05,
    "Node_4785": 0.8500139030494022,
    "Node_4820": 41.35252572064139,
    "Node_4871": 1.3903049402168878e-05,
    "Node_4905": 6.162525720641394,
    "Node_4915": 1.7000139030494021,
    "Node_4937": 2.550013903049402,
    "Node_4974": 2.550013903049402,
    "Node_5007": 4.3350257206413945,
    "Node_5061": 0.8500139030494022,
    "Node_5091": 2.550013903049402,
    "Node_5103": 4.122525720641394,
    "Node_5105": 9.902525720641393,
    "Node_5112": 2.550013903049402,
    "Node_5203": 2.2950257206413935,
    "Node_5247": 9.562525720641394,
    "Node_5324": 5.100013903049402,
    "Node_5346": 8.075037538233385,
    "Node_5381": 6.417525720641394,
    "Node_5411": 1.7000139030494021,
    "Node_5414": 1.7000139030494021,
    "Node_5441": 0.8500139030494022,
    "Node_5534": 2.550013903049402,
    "Node_5548": 8.457525720641394,
    "Node_5614": 7.352537538233387,
    "Node_5629": 4.590037538233386,
    "Node_5630": 4.250013903049402,
    "Node_5644": 3.0175257206413932,
    "Node_5812": 1.3903049402168878e-05,
    "Node_5846": 5.440025720641394,
    "Node_5888": 1.3903049402168878e-05,
    "Node_6115": 6.630049355825378,
    "Node_6252": 7.607525720641394,
    "Node_6264": 1.7000139030494021,
    "Node_6282": 58.7563986235981,
    "Node_6342": 1.7000139030494021,
    "Node_6346": 27.771684400778568,
    "Node_6408": 2.1675257206413936,
    "Node_6437": 2.295037538233385,
    "Node_6450": 0.8500139030494022,
    "Node_6557": 0.8500139030494022,
    "Node_6571": 261.7983663337659,
    "Node_6600": 8.457537538233385,
    "Node_6676": 10.922537538233387,
    "Node_6681": 93.75519116692927,
    "Node_6712": 194.3544210526346,
    "Node_6818": 0.8500139030494022,
    "Node_6858": 1.7000139030494021,
    "Node_6937": 24.692547583186585,
    "Node_6975": 8.500025720641394,
    "Node_6987": 5.100013903049402,
    "Node_7042": 5.3125257206413945,
    "Node_7081": 7.862525720641395,
    "Node_7090": 4.5900257206413935,
    "Node_7147": 3.8675257206413938,
    "Node_7151": 5.3125257206413945,
    "Node_7202": 2.550013903049402,
    "Node_7349": 58.90502572064139,
    "Node_7395": 0.850025720641394,
    "Node_7400": 11.815037538233383,
    "Node_7404": 10.667537538233386,
    "Node_7443": 0.722525720641394,
    "Node_7518": 11.674785765594585,
    "Node_7548": 18.487561173417372,
    "Node_7558": 0.8500139030494022,
    "Node_7623": 3.886660765594587,
    "Node_7727": 0.8500139030494022,
    "Node_7774": 16.83004935582538,
    "Node_7793": 9.350013903049401,
    "Node_7821": 3240.0966834686956,
    "Node_7862": 39.44004935582537,
    "Node_7873": 1.3903049402168878e-05,
    "Node_7976": 8.330025720641393,
    "Node_8012": 3.0175257206413932,
    "Node_8095": 8.117525720641392,
    "Node_8137": 95.29158625683567,
    "Node_8160": 0.8500139030494022,
    "Node_8172": 3.0175257206413932,
    "Node_8420": 25.470315900454164,
    "Node_8427": 6.417537538233386,
    "Node_8432": 4.250013903049402,
    "Node_8505": 1.5725257206413938,
    "Node_8507": 13.260061173417368,
    "Node_8511": 2.550013903049402,
    "Node_8623": 0.8500139030494022,
    "Node_8628": 3.400013903049402,
    "Node_8631": 5.567525720641394,
    "Node_8705": 0.8500139030494022,
    "Node_8782": 3.400013903049402,
    "Node_8882": 0.8500139030494022,
    "Node_8933": 1.4450375382333858,
    "Node_8955": 27.06832121837056,
    "Node_8958": 1.7000139030494021,
    "Node_9042": 4.250013903049402,
    "Node_9128": 3.7400257206413934,
    "Node_9129": 1.7000139030494021,
    "Node_9141": 2.550013903049402,
    "Node_9149": 10.880049355825376,
    "Node_9237": 2.2950257206413935,
    "Node_9282": 3.8675257206413938,
    "Node_9289": 1.7000139030494021,
    "Node_9335": 3.2725257206413936,
    "Node_9412": 11.651422583186578,
    "Node_9453": 0.8500139030494022,
    "Node_9575": 6227.509426908384,
    "Node_9577": 1.3903049402168878e-05,
    "Node_9615": 1.445025720641394,
    "Node_9665": 1.7000139030494021,
    "Node_9768": 1.7000139030494021,
    "Node_9775": 3.2725257206413936,
    "Node_9829": 4.250013903049402,
    "Node_9837": 0.8500139030494022,
    "Node_9897": 145.08677034479564,
    "Node_9948": 12.665061173417369,
    "Node_10051": 8.117525720641392,
    "Node_10069": 2.550013903049402,
    "Node_10085": 90.50230926580312,
    "Node_10163": 2.550013903049402,
    "Node_10216": 2.8900257206413933,
    "Node_10528": 3.400013903049402,
    "Node_10547": 2.550013903049402,
    "Node_10607": 4.250013903049402,
    "Node_10625": 8.202525720641393,
    "Node_10696": 1.7000139030494021,
    "Node_10706": 7.862525720641395
}