{
    "Node_25": 3.8675257206413938,
    "Node_124": 0.8500139030494022,
    "Node_296": 3.2725257206413936,
    "Node_303": 1.7000139030494021,
    "Node_414": 0.8500139030494022,
    "Node_466": 1.7000139030494021,
    "Node_479": 3.1450257206413936,
    "Node_571": 2.550013903049402,
    "Node_663": 12.070049355825377,
    "Node_829": 3.2725257206413936,
    "Node_871": 1.7000139030494021,
    "Node_916": 20.70395271804616,
    "Node_1001": 4.5900257206413935,
    "Node_1080": 2.550013903049402,
    "Node_1109": 1.7000139030494021,
    "Node_1153": 1.3903049402168878e-05,
    "Node_1181": 4.250013903049402,
    "Node_1314": 2.550013903049402,
    "Node_1329": 4.5900257206413935,
    "Node_1339": 41.11457949068496,
    "Node_1419": 2.550013903049402,
    "Node_1615": 0.8500139030494022,
    "Node_1626": 0.8500139030494022,
    "Node_1774": 3.8675257206413938,
    "Node_1894": 6.035025720641394,
    "Node_1907": 7.225037538233386,
    "Node_2004": 4.250013903049402,
    "Node_2045": 2.8900257206413933,
    "Node_2087": 64.10926712392252,
    "Node_2162": 1.7000139030494021,
    "Node_2174": 1.3903049402168878e-05,
    "Node_2234": 4.250013903049402,
    "Node_2265": 22.992561173417368,
    "Node_2326": 3.0175257206413932,
    "Node_2429": 1.7000139030494021,
    "Node_2445": 1.7000139030494021,
    "Node_2648": 2.550013903049402,
    "Node_2730": 330.0076336905645,
    "Node_2855": 15.767525720641395,
    "Node_2947": 94.637165434702,
    "Node_2970": 11.135025720641393,
    "Node_2971": 112.30641398646769,
    "Node_3057": 1.3903049402168878e-05,
    "Node_3059": 2.2950257206413935,
    "Node_3119": 1.3903049402168878e-05,
    "Node_3123": 35.70006117341737,
    "Node_3212": 64.34504935582537,
    "Node_3234": 1.3903049402168878e-05,
    "Node_3291": 4.250013903049402,
    "Node_3533": 3.400013903049402,
    "Node_3576": 2.550013903049402,
    "Node_3647": 6.502525720641394,
    "Node_3731": 2.550013903049402,
    "Node_3753": 0.8500139030494022,
    "Node_3821": 2.4225257206413935,
    "Node_3823": 0.8500139030494022,
    "Node_3862": 1.7000139030494021,
    "Node_3958": 43.76020271804616,
    "Node_4027": 2.5720641394012423e-05,
    "Node_4056": 7.395025720641394,
    "Node_4088": 16.456035765594585,
    "Node_4099": 8.330037538233384,
    "Node_4127": 9.775025720641393,
    "Node_4130": 2.550013903049402,
    "Node_4145": 3.400013903049402,
    "Node_4205": 3.7400257206413934,
    "Node_4231": 3.8675257206413938,
    "Node_4259": 27.455037538233384,
    "Node_4285": 5.3125257206413945,
    "Node_4359": 3.400013903049402,
    "Node_4401": 3.400013903049402,
    "Node_4408": 3.400013903049402,
    "Node_4508": 5.695025720641395,
    "Node_4544": 6.162525720641394,
    "Node_4579": 10.965025720641393,
    "Node_4675": 4.462525720641394,
    "Node_4678": 4.717525720641394,
    "Node_4694": 3.2725257206413936,
    "Node_4759": 61.07265571415329,
    "Node_4774": 10.497537538233384,
    "Node_4797": 12.703309400778569,
    "Node_4874": 1.7000139030494021,
    "Node_4916": 1.7000139030494021,
    "Node_4955": 2.550013903049402,
    "Node_4992": 13.189910765594584,
    "Node_5015": 37.867572991009354,
    "Node_5029": 1.3903049402168878e-05,
    "Node_5045": 14.407561173417369,
    "Node_5102": 62.815049355825366,
    "Node_5129": 0.8500139030494022,
    "Node_5164": 0.8500139030494022,
    "Node_5213": 8.840037538233384,
    "Node_5284": 0.8500139030494022,
    "Node_5347": 0.8500139030494022,
    "Node_5525": 0.8500139030494022,
    "Node_5549": 3.7400257206413934,
    "Node_5608": 3.400013903049402,
    "Node_5611": 1.3903049402168878e-05,
    "Node_5738": 0.8500139030494022,
    "Node_5764": 1.7000139030494021,
    "Node_5780": 8.202537538233384,
    "Node_5789": 5.100013903049402,
    "Node_5819": 1.3903049402168878e-05,
    "Node_5875": 0.8500139030494022,
    "Node_5907": 376.9942446704977,
    "Node_5921": 1.3903049402168878e-05,
    "Node_5952": 2.8900257206413933,
    "Node_5984": 3.0175257206413932,
    "Node_5997": 2.550013903049402,
    "Node_6044": 0.8500139030494022,
    "Node_6064": 1.7000139030494021,
    "Node_6081": 1.7000139030494021,
    "Node_6157": 8.330037538233384,
    "Node_6405": 0.8500139030494022,
    "Node_6476": 3.995025720641394,
    "Node_6482": 73.11494621837058,
    "Node_6519": 2.4225257206413935,
    "Node_6554": 1.7000139030494021,
    "Node_6565": 112.53595121188246,
    "Node_6578": 1.7000139030494021,
    "Node_6765": 3.7400257206413934,
    "Node_6775": 9.775037538233386,
    "Node_6804": 3.400013903049402,
    "Node_6811": 0.8500139030494022,
    "Node_6826": 1.7000139030494021,
    "Node_6850": 8.670037538233386,
    "Node_6860": 114.87777861711004,
    "Node_6985": 12.452549355825377,
    "Node_7045": 11.602561173417369,
    "Node_7094": 2.4225257206413935,
    "Node_7191": 5.695025720641395,
    "Node_7196": 4.845025720641394,
    "Node_7245": 9.435025720641391,
    "Node_7376": 2.550013903049402,
    "Node_7402": 0.8500139030494022,
    "Node_7417": 3.0175257206413932,
    "Node_7619": 0.8500139030494022,
    "Node_7626": 7.607525720641394,
    "Node_7702": 6.162525720641394,
    "Node_7731": 4.968285765594588,
    "Node_7791": 4.250013903049402,
    "Node_7816": 33.95760844378534,
    "Node_7876": 7.862525720641395,
    "Node_7924": 2.550013903049402,
    "Node_7932": 8.457537538233387,
    "Node_7942": 1.7000139030494021,
    "Node_8003": 4.845025720641394,
    "Node_8040": 5.3125257206413945,
    "Node_8073": 1.7000139030494021,
    "Node_8100": 3.0175257206413932,
    "Node_8106": 5.695025720641395,
    "Node_8110": 0.8500139030494022,
    "Node_8126": 1.7000139030494021,
    "Node_8191": 6.800013903049402,
    "Node_8206": 2.550013903049402,
    "Node_8267": 0.8500139030494022,
    "Node_8421": 1.7000139030494021,
    "Node_8424": 1.3903049402168878e-05,
    "Node_8500": 0.8500139030494022,
    "Node_8528": 26.52006117341737,
    "Node_8565": 17.382561173417372,
    "Node_8597": 8.712525720641395,
    "Node_8598": 20.31506117341737,
    "Node_8610": 0.8500139030494022,
    "Node_8645": 3.400013903049402,
    "Node_8702": 7.267525720641394,
    "Node_8736": 2.550013903049402,
    "Node_8772": 1.7000139030494021,
    "Node_8987": 1.7000139030494021,
    "Node_9046": 8.585037538233385,
    "Node_9049": 2.550013903049402,
    "Node_9090": 3.400013903049402,
    "Node_9229": 2.550013903049402,
    "Node_9404": 1.445025720641394,
    "Node_9472": 6.417525720641394,
    "Node_9478": 2.550013903049402,
    "Node_9504": 71.72746125683564,
    "Node_9616": 8.854922583186578,
    "Node_9633": 4.717525720641394,
    "Node_9700": 15.980037538233384,
    "Node_9723": 13.515037538233384,
    "Node_9740": 3.1450257206413936,
    "Node_9760": 3.400013903049402,
    "Node_9803": 1.5725257206413938,
    "Node_9869": 1.7000139030494021,
    "Node_9911": 0.8500139030494022,
    "Node_9914": 3.400013903049402,
    "Node_9993": 3.400013903049402,
    "Node_10067": 1.7000139030494021,
    "Node_10090": 1.5725257206413938,
    "Node_10098": 3.400013903049402,
    "Node_10154": 0.8500139030494022,
    "Node_10225": 4.250013903049402,
    "Node_10360": 8.797537538233385,
    "Node_10366": 6.162525720641394,
    "Node_10449": 5.100013903049402,
    "Node_10457": 11.220037538233386,
    "Node_10527": 12.240025720641393,
    "Node_10614": 52.391187479724714,
    "Node_10701": 4.250013903049402,
    "Node_10713": 16.91504935582538
}