{
    "Node_104": 2.550013903049402,
    "Node_186": 10.030037538233385,
    "Node_266": 10.795037538233386,
    "Node_350": 3.400013903049402,
    "Node_352": 2.2950257206413935,
    "Node_422": 3.400013903049402,
    "Node_423": 2.550013903049402,
    "Node_433": 1.3903049402168878e-05,
    "Node_457": 2.550013903049402,
    "Node_524": 2.550013903049402,
    "Node_527": 3.7400257206413934,
    "Node_541": 7.480049355825378,
    "Node_582": 4.122525720641394,
    "Node_637": 0.8500139030494022,
    "Node_800": 1.7000139030494021,
    "Node_805": 46.87757299100936,
    "Node_865": 69.10086671609972,
    "Node_943": 8.670025720641393,
    "Node_990": 1.3903049402168878e-05,
    "Node_996": 2.550013903049402,
    "Node_1058": 2.550013903049402,
    "Node_1100": 7.267549355825378,
    "Node_1125": 6.162525720641394,
    "Node_1196": 3.0175257206413932,
    "Node_1233": 1.7000139030494021,
    "Node_1263": 1.7000139030494021,
    "Node_1292": 4.335037538233386,
    "Node_1356": 2.550013903049402,
    "Node_1375": 1.3903049402168878e-05,
    "Node_1416": 9.690025720641392,
    "Node_1426": 8.075025720641392,
    "Node_1436": 1.7000139030494021,
    "Node_1499": 3.0175257206413932,
    "Node_1546": 12.410072991009361,
    "Node_1573": 8.075037538233385,
    "Node_1603": 3.1450257206413936,
    "Node_1614": 12.354082461303177,
    "Node_1653": 0.8500139030494022,
    "Node_1704": 7.012537538233385,
    "Node_1733": 1.3903049402168878e-05,
    "Node_1902": 0.8500139030494022,
    "Node_1946": 9.902525720641393,
    "Node_1953": 11.83418440077857,
    "Node_2126": 4.845025720641394,
    "Node_2144": 1.7000139030494021,
    "Node_2148": 15.385037538233385,
    "Node_2152": 6.6300375382333865,
    "Node_2381": 5.3125257206413945,
    "Node_2382": 7.352525720641394,
    "Node_2392": 5.695025720641395,
    "Node_2470": 37.69753753823338,
    "Node_2483": 0.8500139030494022,
    "Node_2519": 1.7000139030494021,
    "Node_2538": 7.803057628139773,
    "Node_2669": 3.400013903049402,
    "Node_2677": 3.0175257206413932,
    "Node_2687": 49.85262026137733,
    "Node_2835": 2.550013903049402,
    "Node_2858": 2.1675257206413936,
    "Node_2903": 1.7000139030494021,
    "Node_2909": 13.597091166349983,
    "Node_2974": 5.440025720641394,
    "Node_2983": 10.285037538233386,
    "Node_3007": 0.8500139030494022,
    "Node_3094": 7.012525720641395,
    "Node_3151": 7.267525720641394,
    "Node_3197": 3.1450257206413936,
    "Node_3367": 0.8500139030494022,
    "Node_3430": 2.550013903049402,
    "Node_3448": 0.8500139030494022,
    "Node_3494": 3.7400257206413934,
    "Node_3503": 3.0175375382333853,
    "Node_3592": 12.146547583186576,
    "Node_3598": 1.7000139030494021,
    "Node_3614": 3.1450257206413936,
    "Node_3700": 3.400013903049402,
    "Node_3762": 1.7000139030494021,
    "Node_3807": 1.7000139030494021,
    "Node_3834": 0.8500139030494022,
    "Node_3883": 1.7000139030494021,
    "Node_3908": 2.1675257206413936,
    "Node_3977": 50.70264389656131,
    "Node_3982": 2.4225257206413935,
    "Node_3989": 1.7000139030494021,
    "Node_3992": 0.8500139030494022,
    "Node_4001": 0.8500139030494022,
    "Node_4015": 3.400013903049402,
    "Node_4032": 0.8500139030494022,
    "Node_4040": 48.875072991009354,
    "Node_4131": 1.7000139030494021,
    "Node_4195": 2.550013903049402,
    "Node_4250": 1.3903049402168878e-05,
    "Node_4323": 19.975049355825377,
    "Node_4360": 8.925037538233385,
    "Node_4399": 17.97756117341737,
    "Node_4519": 5.3125257206413945,
    "Node_4524": 2.550025720641394,
    "Node_4532": 3.8675257206413938,
    "Node_4534": 1.5725257206413938,
    "Node_4601": 8.797537538233385,
    "Node_4657": 2.550013903049402,
    "Node_4698": 1.7000139030494021,
    "Node_4810": 14.577537538233386,
    "Node_4813": 9.350013903049401,
    "Node_4930": 3.400013903049402,
    "Node_4935": 1.7000139030494021,
    "Node_5002": 6.035025720641394,
    "Node_5161": 1.7000139030494021,
    "Node_5181": 0.8500139030494022,
    "Node_5280": 3.400013903049402,
    "Node_5343": 1.7000139030494021,
    "Node_5410": 1.5725257206413938,
    "Node_5466": 1.7000139030494021,
    "Node_5474": 2.550013903049402,
    "Node_5528": 2.550013903049402,
    "Node_5530": 10.625049355825377,
    "Node_5605": 4.5900257206413935,
    "Node_5648": 0.8500139030494022,
    "Node_5664": 0.8500139030494022,
    "Node_5670": 11.532434400778568,
    "Node_5684": 3.400013903049402,
    "Node_5689": 3.400013903049402,
    "Node_5723": 2.550013903049402,
    "Node_5730": 4.250013903049402,
    "Node_5750": 2.550013903049402,
    "Node_5788": 0.8500139030494022,
    "Node_6014": 5.312537538233386,
    "Node_6192": 7.140025720641394,
    "Node_6196": 0.8500139030494022,
    "Node_6223": 5.3125257206413945,
    "Node_6277": 0.8500139030494022,
    "Node_6286": 3.1450257206413936,
    "Node_6316": 0.722525720641394,
    "Node_6368": 0.8500139030494022,
    "Node_6374": 6.630037538233386,
    "Node_6375": 1.7000139030494021,
    "Node_6602": 27.19158126332376,
    "Node_6605": 1.7000139030494021,
    "Node_6725": 5.440025720641394,
    "Node_6790": 66.99506439429048,
    "Node_6827": 1.5725257206413938,
    "Node_7079": 62.17753753823337,
    "Node_7135": 5.185025720641394,
    "Node_7145": 1.7000139030494021,
    "Node_7220": 8.202549355825376,
    "Node_7237": 3.400013903049402,
    "Node_7244": 2.550013903049402,
    "Node_7278": 6.290025720641394,
    "Node_7297": 1.7000139030494021,
    "Node_7307": 6.545025720641394,
    "Node_7327": 3.400013903049402,
    "Node_7358": 0.8500139030494022,
    "Node_7461": 3.0175257206413932,
    "Node_7475": 16.192537538233385,
    "Node_7526": 51.85008480860135,
    "Node_7575": 56.9650490314209,
    "Node_7581": 1.7000139030494021,
    "Node_7788": 0.8500139030494022,
    "Node_7790": 2.550013903049402,
    "Node_7802": 9.520037538233385,
    "Node_7822": 2.550013903049402,
    "Node_7842": 0.8500139030494022,
    "Node_7977": 2.2950257206413935,
    "Node_7987": 7.282410765594588,
    "Node_8128": 3.7400257206413934,
    "Node_8173": 3.8675257206413938,
    "Node_8208": 47.98258480860135,
    "Node_8234": 4.122525720641394,
    "Node_8246": 3.7400375382333855,
    "Node_8373": 3.2725257206413936,
    "Node_8536": 5.440025720641394,
    "Node_8607": 1.7000139030494021,
    "Node_8642": 7.862549355825378,
    "Node_8661": 9.562525720641394,
    "Node_8688": 5.185025720641394,
    "Node_8841": 4.250013903049402,
    "Node_8930": 9.647561173417369,
    "Node_8977": 26.13756117341737,
    "Node_9018": 0.8500139030494022,
    "Node_9065": 3.400013903049402,
    "Node_9082": 9.690037538233383,
    "Node_9150": 1.7000139030494021,
    "Node_9174": 1.7000139030494021,
    "Node_9293": 2.550025720641394,
    "Node_9492": 1.5725257206413938,
    "Node_9513": 4.462525720641394,
    "Node_9592": 0.8500139030494022,
    "Node_9627": 2.4225257206413935,
    "Node_9669": 5.100013903049402,
    "Node_9674": 1.7000139030494021,
    "Node_9769": 8.202537538233384,
    "Node_9916": 1.3903049402168878e-05,
    "Node_9920": 3.1450257206413936,
    "Node_9938": 15.215037538233386,
    "Node_9960": 3.400013903049402,
    "Node_9994": 3.400013903049402,
    "Node_10068": 8.49155762813977,
    "Node_10072": 4.462525720641394,
    "Node_10252": 1.7000139030494021,
    "Node_10276": 5.100013903049402,
    "Node_10330": 3.400013903049402,
    "Node_10500": 4.250013903049402,
    "Node_10513": 4.8450375382333855,
    "Node_10558": 0.8500139030494022,
    "Node_10571": 25.642505306330516,
    "Node_10621": 4.3350257206413945,
    "Node_10640": 2.550013903049402,
    "Node_10672": 26.39256117341737,
    "Node_10704": 4.250013903049402,
    "Node_10735": 3.400013903049402,
    "Node_10785": 5.440037538233386
}