{
    "Node_6": 4.845025720641394,
    "Node_43": 0.8500139030494022,
    "Node_45": 1.3903049402168878e-05,
    "Node_91": 8.202525720641393,
    "Node_137": 0.8500139030494022,
    "Node_215": 4.250013903049402,
    "Node_264": 4.245797583186579,
    "Node_336": 1.7000139030494021,
    "Node_348": 2.5720641394012423e-05,
    "Node_366": 0.8500139030494022,
    "Node_371": 4.770670810547779,
    "Node_379": 1.7000139030494021,
    "Node_439": 22.64404758318658,
    "Node_517": 1.7000139030494021,
    "Node_521": 2.550013903049402,
    "Node_536": 4.122525720641394,
    "Node_551": 3.400013903049402,
    "Node_719": 3.400013903049402,
    "Node_770": 3.7400257206413934,
    "Node_858": 6.649172583186579,
    "Node_890": 1.7000139030494021,
    "Node_930": 1.7000139030494021,
    "Node_950": 8.202537538233386,
    "Node_1039": 6.885037538233386,
    "Node_1195": 6.290025720641394,
    "Node_1202": 2.550013903049402,
    "Node_1212": 6.885025720641393,
    "Node_1333": 13.872607727198998,
    "Node_1372": 0.8500139030494022,
    "Node_1421": 28.432537538233383,
    "Node_1474": 1.7000257206413942,
    "Node_1560": 5.100013903049402,
    "Node_1726": 15.470049355825376,
    "Node_1807": 6.93817258318658,
    "Node_1855": 7.012549355825378,
    "Node_1913": 2.550013903049402,
    "Node_1962": 3.8675257206413938,
    "Node_1990": 48.91753753823338,
    "Node_2196": 1.7000139030494021,
    "Node_2222": 1.7000139030494021,
    "Node_2245": 1.445025720641394,
    "Node_2251": 4.972525720641394,
    "Node_2267": 8.585037538233385,
    "Node_2311": 1.7000139030494021,
    "Node_2329": 3.0175257206413932,
    "Node_2332": 1.7000139030494021,
    "Node_2354": 5.695025720641395,
    "Node_2358": 6.502537538233386,
    "Node_2389": 2.550013903049402,
    "Node_2451": 0.8500139030494022,
    "Node_2478": 3.7400375382333855,
    "Node_2480": 67.6176740314209,
    "Node_2533": 4.845025720641394,
    "Node_2593": 10.540025720641394,
    "Node_2667": 1.3903049402168878e-05,
    "Node_2799": 16.405049355825376,
    "Node_2857": 11.220037538233385,
    "Node_2993": 5.3125257206413945,
    "Node_3053": 1.7000139030494021,
    "Node_3061": 7.990025720641394,
    "Node_3116": 10.625025720641393,
    "Node_3122": 1.5725257206413938,
    "Node_3131": 1.5725257206413938,
    "Node_3168": 5.440025720641394,
    "Node_3181": 1.3903049402168878e-05,
    "Node_3252": 1.3903049402168878e-05,
    "Node_3320": 3.995025720641394,
    "Node_3338": 1.7000139030494021,
    "Node_3364": 8.670025720641393,
    "Node_3379": 2.550013903049402,
    "Node_3467": 3.400013903049402,
    "Node_3524": 3.2725257206413936,
    "Node_3534": 7.990049355825378,
    "Node_3543": 3.8675257206413938,
    "Node_3544": 0.8500139030494022,
    "Node_3560": 3.612537538233385,
    "Node_3561": 1.3903049402168878e-05,
    "Node_3608": 4.717525720641394,
    "Node_3676": 3.400013903049402,
    "Node_3694": 4.717525720641394,
    "Node_3719": 1.3903049402168878e-05,
    "Node_3772": 6.6300375382333865,
    "Node_3809": 2.550013903049402,
    "Node_3842": 0.8500139030494022,
    "Node_3863": 1.7000139030494021,
    "Node_3901": 2.550013903049402,
    "Node_3994": 11.092525720641392,
    "Node_4035": 1.7000139030494021,
    "Node_4054": 8.925061173417369,
    "Node_4066": 0.8500139030494022,
    "Node_4128": 1.7000139030494021,
    "Node_4181": 0.8500139030494022,
    "Node_4311": 0.8500139030494022,
    "Node_4314": 3.1450257206413936,
    "Node_4395": 1.3903049402168878e-05,
    "Node_4497": 2.5720641394012423e-05,
    "Node_4648": 29.28257299100936,
    "Node_4690": 9.449922583186577,
    "Node_4714": 1.7000139030494021,
    "Node_4764": 1.3903049402168878e-05,
    "Node_4878": 2.5720641394012423e-05,
    "Node_4883": 7.7690475831865795,
    "Node_4933": 10.625037538233384,
    "Node_4961": 4.968285765594588,
    "Node_5009": 3.400013903049402,
    "Node_5014": 13.982561173417368,
    "Node_5075": 5.440025720641394,
    "Node_5166": 1.3903049402168878e-05,
    "Node_5173": 11.347525720641393,
    "Node_5176": 1.3903049402168878e-05,
    "Node_5224": 3.995025720641394,
    "Node_5302": 3.523285765594587,
    "Node_5305": 2.8900257206413933,
    "Node_5338": 18.28571630827695,
    "Node_5377": 5.907525720641394,
    "Node_5379": 26.647525720641394,
    "Node_5404": 3.400013903049402,
    "Node_5445": 2.550013903049402,
    "Node_5566": 3.400013903049402,
    "Node_5620": 0.8500139030494022,
    "Node_5725": 2.550013903049402,
    "Node_5736": 4.122537538233386,
    "Node_5748": 4.462525720641394,
    "Node_5790": 2.550013903049402,
    "Node_5868": 1.7000139030494021,
    "Node_5951": 6.162525720641394,
    "Node_6092": 1.3903049402168878e-05,
    "Node_6146": 7.607525720641394,
    "Node_6151": 1.7000139030494021,
    "Node_6171": 0.8500139030494022,
    "Node_6184": 3.7400257206413934,
    "Node_6203": 11.475025720641392,
    "Node_6229": 3.400013903049402,
    "Node_6240": 6.162525720641394,
    "Node_6242": 31.14411848873853,
    "Node_6251": 8.457537538233385,
    "Node_6284": 1.7000139030494021,
    "Node_6288": 1.3903049402168878e-05,
    "Node_6318": 3.0175257206413932,
    "Node_6355": 2.550013903049402,
    "Node_6396": 2.550013903049402,
    "Node_6502": 2.550013903049402,
    "Node_6561": 0.8500139030494022,
    "Node_6568": 25.287584808601352,
    "Node_6592": 2.8900257206413933,
    "Node_6623": 21.50508480860135,
    "Node_6673": 1.7000139030494021,
    "Node_6799": 1.3903049402168878e-05,
    "Node_6959": 0.8500139030494022,
    "Node_6988": 8.925049355825376,
    "Node_7010": 2.550013903049402,
    "Node_7020": 1.7000139030494021,
    "Node_7060": 43.74743262813977,
    "Node_7063": 11.815037538233385,
    "Node_7206": 2.1675257206413936,
    "Node_7214": 6.035025720641394,
    "Node_7285": 4.5900257206413935,
    "Node_7317": 2.4225257206413935,
    "Node_7389": 9.052525720641393,
    "Node_7516": 1.7000139030494021,
    "Node_7556": 1.5725257206413938,
    "Node_7737": 20.31506117341737,
    "Node_7779": 2.550013903049402,
    "Node_7808": 3.1450257206413936,
    "Node_7886": 3.1450257206413936,
    "Node_7901": 1.7000139030494021,
    "Node_7904": 0.8500139030494022,
    "Node_7906": 5.950013903049403,
    "Node_7986": 3.995025720641394,
    "Node_8016": 3.400013903049402,
    "Node_8033": 2.550013903049402,
    "Node_8193": 2.550013903049402,
    "Node_8251": 9.001535765594586,
    "Node_8276": 0.8500139030494022,
    "Node_8325": 1.445025720641394,
    "Node_8349": 3.017537538233385,
    "Node_8377": 0.722525720641394,
    "Node_8588": 0.8500139030494022,
    "Node_8602": 2.2950257206413935,
    "Node_8652": 9.180049355825377,
    "Node_8670": 1.445025720641394,
    "Node_8707": 2.4225257206413935,
    "Node_8961": 4.250013903049402,
    "Node_9106": 1.7000139030494021,
    "Node_9151": 42.631883260728515,
    "Node_9256": 0.8500139030494022,
    "Node_9381": 2.550013903049402,
    "Node_9442": 43.302761537213826,
    "Node_9471": 4.590037538233386,
    "Node_9527": 6.417525720641394,
    "Node_9784": 3.2725257206413936,
    "Node_9855": 5.3125257206413945,
    "Node_9893": 1.7000139030494021,
    "Node_9910": 1.3903049402168878e-05,
    "Node_9972": 1.7000139030494021,
    "Node_9979": 3.7400257206413934,
    "Node_10009": 1.3903049402168878e-05,
    "Node_10031": 1.7000139030494021,
    "Node_10152": 3.1450257206413936,
    "Node_10169": 3.8675257206413938,
    "Node_10179": 3.8675257206413938,
    "Node_10371": 6.45154581054778,
    "Node_10372": 1.7000139030494021,
    "Node_10380": 6.757537538233386,
    "Node_10406": 3.612537538233385,
    "Node_10417": 5.3125257206413945,
    "Node_10437": 3.7400257206413934,
    "Node_10446": 0.8500139030494022,
    "Node_10460": 1.7000139030494021,
    "Node_10486": 6.290025720641394,
    "Node_10501": 1.7000139030494021,
    "Node_10511": 1.5725257206413938,
    "Node_10659": 1.7000139030494021,
    "Node_10694": 2.550013903049402,
    "Node_10781": 3.0175257206413932
}