{
    "Node_99": 1.7000139030494021,
    "Node_106": 3.0175257206413932,
    "Node_123": 3.2725257206413936,
    "Node_163": 1.7000139030494021,
    "Node_227": 13.217525720641394,
    "Node_280": 3.7400257206413934,
    "Node_304": 5.100013903049402,
    "Node_343": 73.89912676105291,
    "Node_393": 15.342572991009357,
    "Node_432": 3.400013903049402,
    "Node_468": 4.335037538233386,
    "Node_590": 16.87256117341737,
    "Node_603": 13.217525720641394,
    "Node_664": 10.115025720641393,
    "Node_683": 2.550013903049402,
    "Node_753": 0.8500139030494022,
    "Node_756": 3.400013903049402,
    "Node_763": 1.7000139030494021,
    "Node_845": 0.8500139030494022,
    "Node_863": 1.7000139030494021,
    "Node_964": 1.7000139030494021,
    "Node_1017": 1.7000139030494021,
    "Node_1035": 38.632572991009354,
    "Node_1168": 6.035025720641394,
    "Node_1252": 0.8500139030494022,
    "Node_1304": 2.550013903049402,
    "Node_1305": 9.775025720641393,
    "Node_1313": 0.8500139030494022,
    "Node_1318": 1.3903049402168878e-05,
    "Node_1388": 9.052537538233386,
    "Node_1400": 6.800013903049402,
    "Node_1464": 3.400013903049402,
    "Node_1537": 5.100013903049402,
    "Node_1559": 2.4225257206413935,
    "Node_1566": 0.8500139030494022,
    "Node_1579": 2.2950257206413935,
    "Node_1610": 1.5725257206413938,
    "Node_1613": 2.550013903049402,
    "Node_1628": 5.185025720641394,
    "Node_1639": 3.400013903049402,
    "Node_1645": 1.7000139030494021,
    "Node_1651": 4.122525720641394,
    "Node_1710": 1.7000139030494021,
    "Node_1749": 2.550013903049402,
    "Node_1768": 0.8500139030494022,
    "Node_1792": 10.965025720641393,
    "Node_1886": 7.267525720641394,
    "Node_1915": 2.550013903049402,
    "Node_1923": 1.445025720641394,
    "Node_1938": 10.965037538233386,
    "Node_1947": 8.075037538233383,
    "Node_2022": 59.05170803596255,
    "Node_2166": 0.8500139030494022,
    "Node_2179": 6.162537538233385,
    "Node_2185": 2.550013903049402,
    "Node_2189": 2.550013903049402,
    "Node_2240": 5.907525720641394,
    "Node_2264": 1.7000139030494021,
    "Node_2281": 2.550013903049402,
    "Node_2299": 7.650013903049402,
    "Node_2306": 2.550013903049402,
    "Node_2309": 1.7000139030494021,
    "Node_2604": 12.580049355825377,
    "Node_2638": 0.8500139030494022,
    "Node_2690": 35.70007299100936,
    "Node_2708": 2.5720641394012423e-05,
    "Node_2741": 0.8500139030494022,
    "Node_2819": 5.3125257206413945,
    "Node_2823": 1.7000139030494021,
    "Node_2831": 15.482807628139772,
    "Node_2866": 1.7000139030494021,
    "Node_2886": 0.8500139030494022,
    "Node_2918": 2886.811751116879,
    "Node_2928": 3.8675257206413938,
    "Node_2995": 1.7000139030494021,
    "Node_3085": 3.1450257206413936,
    "Node_3129": 6.162525720641394,
    "Node_3192": 5.799184400778571,
    "Node_3270": 2.550013903049402,
    "Node_3300": 6.417537538233385,
    "Node_3330": 4.250013903049402,
    "Node_3549": 5.100013903049402,
    "Node_3642": 7.480037538233385,
    "Node_3721": 3.400013903049402,
    "Node_3781": 12.835049355825378,
    "Node_3787": 1.7000139030494021,
    "Node_3811": 0.8500139030494022,
    "Node_3816": 14.77730762813977,
    "Node_3827": 1.7000139030494021,
    "Node_3922": 50.405061173417366,
    "Node_3951": 1.7000139030494021,
    "Node_4006": 3.612525720641394,
    "Node_4013": 73.90756117341736,
    "Node_4072": 11.347561173417368,
    "Node_4079": 3.995025720641394,
    "Node_4095": 16.830025720641395,
    "Node_4106": 1.445025720641394,
    "Node_4107": 1.3903049402168878e-05,
    "Node_4284": 3.8675257206413938,
    "Node_4318": 6.035037538233386,
    "Node_4355": 6.630025720641394,
    "Node_4382": 3.2725257206413936,
    "Node_4392": 1.7000139030494021,
    "Node_4447": 2.550013903049402,
    "Node_4470": 4.250013903049402,
    "Node_4500": 9.435049355825377,
    "Node_4567": 6.035025720641394,
    "Node_4617": 6.630025720641394,
    "Node_4663": 11.942549355825378,
    "Node_4683": 0.8500139030494022,
    "Node_4746": 0.8500139030494022,
    "Node_4786": 2.550013903049402,
    "Node_4846": 9.350013903049401,
    "Node_4932": 6.162537538233386,
    "Node_4981": 6.6300375382333865,
    "Node_5095": 58.160827400593185,
    "Node_5124": 3.8675257206413938,
    "Node_5175": 1.5725257206413938,
    "Node_5219": 21.33506117341737,
    "Node_5403": 2.550013903049402,
    "Node_5424": 1.3903049402168878e-05,
    "Node_5435": 17.297549355825378,
    "Node_5450": 3.400013903049402,
    "Node_5527": 0.8500139030494022,
    "Node_5561": 4.845025720641394,
    "Node_5615": 0.8500139030494022,
    "Node_5633": 9.647537538233385,
    "Node_5686": 8.712537538233386,
    "Node_5721": 0.8500139030494022,
    "Node_5751": 1.7000139030494021,
    "Node_5774": 0.8500139030494022,
    "Node_5787": 12.737309400778571,
    "Node_5850": 0.8500139030494022,
    "Node_5968": 4.845025720641394,
    "Node_5972": 2.550013903049402,
    "Node_6031": 1.7000139030494021,
    "Node_6034": 3.995025720641394,
    "Node_6209": 1.7000139030494021,
    "Node_6217": 3.7400257206413934,
    "Node_6276": 1.3903049402168878e-05,
    "Node_6314": 4.590037538233386,
    "Node_6435": 54.485096626193325,
    "Node_6589": 3.0175257206413932,
    "Node_6680": 18.61507299100936,
    "Node_6685": 7.012537538233386,
    "Node_6752": 9.435037538233384,
    "Node_6763": 0.8500139030494022,
    "Node_6903": 28.602561173417367,
    "Node_6915": 9.090819445731762,
    "Node_6934": 2.550013903049402,
    "Node_6983": 3.2725257206413936,
    "Node_7003": 2.550013903049402,
    "Node_7076": 0.8500139030494022,
    "Node_7194": 1.3903049402168878e-05,
    "Node_7215": 1.7000139030494021,
    "Node_7219": 10.965049355825377,
    "Node_7334": 3.0175257206413932,
    "Node_7355": 2.4225257206413935,
    "Node_7380": 1.7000139030494021,
    "Node_7421": 2.295037538233385,
    "Node_7427": 3.7400257206413934,
    "Node_7445": 0.8500139030494022,
    "Node_7480": 0.8500139030494022,
    "Node_7490": 4.8450375382333855,
    "Node_7578": 3.8675257206413938,
    "Node_7685": 5.100013903049402,
    "Node_7690": 5.057537538233386,
    "Node_7729": 13.260049355825377,
    "Node_7813": 4.972525720641394,
    "Node_7859": 7.140025720641394,
    "Node_7999": 2.2950257206413935,
    "Node_8054": 1.7000139030494021,
    "Node_8218": 0.8500139030494022,
    "Node_8254": 2.550013903049402,
    "Node_8326": 4.717525720641394,
    "Node_8343": 1.7000139030494021,
    "Node_8499": 1.5725257206413938,
    "Node_8519": 6.8850493558253785,
    "Node_8522": 0.8500139030494022,
    "Node_8527": 6.502537538233387,
    "Node_8531": 1.7000139030494021,
    "Node_8717": 2.550013903049402,
    "Node_8766": 2.550013903049402,
    "Node_8775": 0.8500139030494022,
    "Node_8937": 5.950013903049403,
    "Node_9015": 3.995025720641394,
    "Node_9226": 1.7000139030494021,
    "Node_9231": 2.550013903049402,
    "Node_9251": 2.550013903049402,
    "Node_9304": 3.8675257206413938,
    "Node_9378": 4.250013903049402,
    "Node_9386": 6.630037538233386,
    "Node_9531": 1.7000139030494021,
    "Node_9534": 8.075025720641392,
    "Node_9540": 2.550013903049402,
    "Node_9588": 2.1675257206413936,
    "Node_9639": 43.69431590045416,
    "Node_9670": 2.550013903049402,
    "Node_9683": 4.250013903049402,
    "Node_9695": 3.8675257206413938,
    "Node_9828": 1.7000139030494021,
    "Node_9942": 12.835037538233385,
    "Node_9984": 0.8500139030494022,
    "Node_10091": 0.8500139030494022,
    "Node_10171": 0.8500139030494022,
    "Node_10192": 2.550013903049402,
    "Node_10194": 0.8500139030494022,
    "Node_10195": 8.330049355825377,
    "Node_10290": 9.052525720641393,
    "Node_10305": 3.400013903049402,
    "Node_10347": 7.012525720641395,
    "Node_10468": 1.3903049402168878e-05,
    "Node_10573": 9.350013903049401,
    "Node_10633": 2.2950257206413935,
    "Node_10775": 230.2760607910835
}