{
    "Node_167": 0.8500139030494022,
    "Node_169": 3.7400257206413934,
    "Node_309": 3.400013903049402,
    "Node_328": 41.31002572064139,
    "Node_358": 3.0175257206413932,
    "Node_395": 1.7000139030494021,
    "Node_537": 17.340037538233386,
    "Node_644": 1.7000139030494021,
    "Node_726": 3.400013903049402,
    "Node_733": 4.373285765594587,
    "Node_785": 3.867537538233386,
    "Node_887": 7.607537538233386,
    "Node_928": 7.140037538233386,
    "Node_944": 2.550013903049402,
    "Node_1041": 0.8500139030494022,
    "Node_1070": 28.305037538233385,
    "Node_1094": 13.005049355825378,
    "Node_1133": 11.220049355825378,
    "Node_1295": 6.035025720641394,
    "Node_1404": 55.81742258318656,
    "Node_1440": 10.242537538233384,
    "Node_1488": 9.647537538233385,
    "Node_1495": 6.885025720641393,
    "Node_1545": 3.7400257206413934,
    "Node_1569": 5.3125257206413945,
    "Node_1625": 2.550013903049402,
    "Node_1717": 12.707537538233385,
    "Node_1732": 1.7000139030494021,
    "Node_1739": 6.885025720641393,
    "Node_1779": 1.3903049402168878e-05,
    "Node_1806": 2.8900257206413933,
    "Node_1819": 1.7000139030494021,
    "Node_1920": 0.8500139030494022,
    "Node_1963": 4.972525720641394,
    "Node_2029": 3.400013903049402,
    "Node_2036": 25.287525720641394,
    "Node_2074": 77.98762026137732,
    "Node_2079": 5.185037538233386,
    "Node_2107": 2.550013903049402,
    "Node_2127": 1.7000139030494021,
    "Node_2143": 3.400013903049402,
    "Node_2236": 1.7000139030494021,
    "Node_2302": 5.567525720641394,
    "Node_2375": 64.86992258318658,
    "Node_2405": 3.0175257206413932,
    "Node_2432": 2.550013903049402,
    "Node_2469": 2.1675257206413936,
    "Node_2485": 2.550013903049402,
    "Node_2509": 2.550013903049402,
    "Node_2595": 2.2950257206413935,
    "Node_2814": 2.295037538233385,
    "Node_2901": 1.7000139030494021,
    "Node_2904": 7.267525720641394,
    "Node_2917": 1.7000139030494021,
    "Node_2937": 2.550013903049402,
    "Node_2985": 1.7000139030494021,
    "Node_3056": 22.057537538233387,
    "Node_3098": 5.440037538233385,
    "Node_3113": 7.862537538233386,
    "Node_3139": 1.445025720641394,
    "Node_3155": 3.400013903049402,
    "Node_3163": 13.430061173417368,
    "Node_3174": 1.7000139030494021,
    "Node_3239": 5.567525720641394,
    "Node_3262": 65.25445991634999,
    "Node_3415": 3.0175257206413932,
    "Node_3594": 255.7150217594888,
    "Node_3595": 10.540049355825376,
    "Node_3611": 2.550013903049402,
    "Node_3624": 3.995025720641394,
    "Node_3646": 28.092549355825376,
    "Node_3649": 8.457537538233385,
    "Node_3672": 1.7000139030494021,
    "Node_3748": 3.7400257206413934,
    "Node_3803": 2.4225257206413935,
    "Node_3904": 0.722525720641394,
    "Node_3939": 3.1450257206413936,
    "Node_3980": 45.73006117341737,
    "Node_4100": 9.902525720641393,
    "Node_4132": 1.7000139030494021,
    "Node_4203": 0.8500139030494022,
    "Node_4211": 2.550013903049402,
    "Node_4245": 1.3903049402168878e-05,
    "Node_4255": 10.667525720641393,
    "Node_4266": 12.19756117341737,
    "Node_4288": 4.5900257206413935,
    "Node_4289": 8.83579581054778,
    "Node_4308": 1.7000139030494021,
    "Node_4374": 13.302537538233386,
    "Node_4385": 8.797537538233385,
    "Node_4390": 14.747537538233384,
    "Node_4475": 3.7400257206413934,
    "Node_4607": 3.2725257206413936,
    "Node_4672": 16.83004935582538,
    "Node_4739": 14.577537538233383,
    "Node_4788": 5.100013903049402,
    "Node_4847": 6.162525720641394,
    "Node_4851": 1.7000139030494021,
    "Node_4856": 129.06196453563814,
    "Node_4886": 7.395037538233385,
    "Node_4922": 1.5725257206413938,
    "Node_4956": 0.8500139030494022,
    "Node_4960": 6.630025720641394,
    "Node_5057": 8.797525720641392,
    "Node_5078": 1.445025720641394,
    "Node_5163": 7.862525720641395,
    "Node_5192": 8.457537538233387,
    "Node_5268": 0.8500139030494022,
    "Node_5288": 19.46506117341737,
    "Node_5316": 2.550013903049402,
    "Node_5334": 10.625037538233386,
    "Node_5400": 3.400013903049402,
    "Node_5418": 6.757537538233386,
    "Node_5431": 1.7000139030494021,
    "Node_5457": 4.122525720641394,
    "Node_5463": 4.717525720641394,
    "Node_5678": 1.5725257206413938,
    "Node_5710": 5.100013903049402,
    "Node_5728": 2.2950257206413935,
    "Node_5816": 2.550013903049402,
    "Node_5898": 1.5725257206413938,
    "Node_6060": 2.550013903049402,
    "Node_6063": 17.212549355825377,
    "Node_6082": 1.7000139030494021,
    "Node_6129": 9.647537538233385,
    "Node_6181": 1.7000139030494021,
    "Node_6197": 2.550013903049402,
    "Node_6198": 1.7000139030494021,
    "Node_6206": 1.7000139030494021,
    "Node_6221": 6.290025720641394,
    "Node_6238": 1.7000139030494021,
    "Node_6283": 2.550013903049402,
    "Node_6292": 4.845025720641394,
    "Node_6383": 0.8500139030494022,
    "Node_6546": 2.550013903049402,
    "Node_6802": 1.7000139030494021,
    "Node_6870": 2.550025720641394,
    "Node_6884": 1.7000139030494021,
    "Node_6965": 0.8500139030494022,
    "Node_6986": 7.480025720641394,
    "Node_7007": 37.88670803596255,
    "Node_7048": 1.5725257206413938,
    "Node_7101": 0.722525720641394,
    "Node_7103": 4.462525720641394,
    "Node_7128": 5.780025720641394,
    "Node_7315": 6.290025720641394,
    "Node_7455": 5.185037538233386,
    "Node_7470": 0.8500139030494022,
    "Node_7566": 0.8500139030494022,
    "Node_7609": 3.1450257206413936,
    "Node_7669": 11.347537538233386,
    "Node_7759": 19.21006117341737,
    "Node_7782": 2.4225257206413935,
    "Node_7786": 3.0175257206413932,
    "Node_7880": 2.550013903049402,
    "Node_7882": 1.7000139030494021,
    "Node_8087": 2.550013903049402,
    "Node_8140": 0.8500139030494022,
    "Node_8182": 65.53718440077857,
    "Node_8199": 1.7000139030494021,
    "Node_8220": 53.84760844378533,
    "Node_8353": 1.7000139030494021,
    "Node_8430": 23.970037538233388,
    "Node_8431": 1.7000139030494021,
    "Node_8436": 3.2725257206413936,
    "Node_8464": 2.550013903049402,
    "Node_8470": 2.550013903049402,
    "Node_8483": 62.43263207896932,
    "Node_8490": 8.840025720641393,
    "Node_8543": 8.075037538233385,
    "Node_8572": 2.550013903049402,
    "Node_8579": 14.560577718046156,
    "Node_8666": 7.012525720641395,
    "Node_8732": 5.567525720641394,
    "Node_8915": 3.867537538233386,
    "Node_9024": 6.417525720641394,
    "Node_9075": 3.867537538233385,
    "Node_9112": 13.85506117341737,
    "Node_9158": 6.885037538233386,
    "Node_9176": 7.4800493558253764,
    "Node_9274": 6.885025720641393,
    "Node_9296": 5.695025720641395,
    "Node_9302": 1.7000139030494021,
    "Node_9519": 2.2950257206413935,
    "Node_9521": 2.550013903049402,
    "Node_9553": 5.312537538233386,
    "Node_9582": 6.035025720641394,
    "Node_9590": 276.03115582190196,
    "Node_9649": 1.7000139030494021,
    "Node_9663": 3.1450257206413936,
    "Node_9671": 3.0175257206413932,
    "Node_9738": 5.312537538233386,
    "Node_9743": 1.5725257206413938,
    "Node_9906": 32.00256117341736,
    "Node_9953": 3.8675257206413938,
    "Node_9967": 7.140025720641394,
    "Node_10017": 3.400013903049402,
    "Node_10156": 5.312537538233386,
    "Node_10188": 0.8500139030494022,
    "Node_10318": 1.7000139030494021,
    "Node_10324": 6.035025720641394,
    "Node_10343": 6.885025720641393,
    "Node_10471": 4.462525720641394,
    "Node_10526": 74.12228898646768,
    "Node_10597": 1.7000139030494021,
    "Node_10635": 0.850025720641394,
    "Node_10729": 6.885037538233386,
    "Node_10732": 1.7000139030494021
}