{
    "Node_138": 2.550013903049402,
    "Node_216": 46.367549355825375,
    "Node_454": 62.10968584901287,
    "Node_584": 15.718706263323755,
    "Node_732": 3.400013903049402,
    "Node_780": 7.480025720641394,
    "Node_811": 2.550013903049402,
    "Node_826": 6.196547583186578,
    "Node_1022": 3.995025720641394,
    "Node_1101": 6.502525720641394,
    "Node_1203": 1.7000139030494021,
    "Node_1211": 4.845025720641394,
    "Node_1234": 1.7000139030494021,
    "Node_1235": 9.214047583186577,
    "Node_1261": 7.174047583186578,
    "Node_1302": 2.550013903049402,
    "Node_1364": 3.400013903049402,
    "Node_1458": 0.8500139030494022,
    "Node_1462": 1.7000139030494021,
    "Node_1476": 2.550013903049402,
    "Node_1515": 6.290025720641394,
    "Node_1527": 12.161422583186578,
    "Node_1557": 4.590037538233386,
    "Node_1617": 4.250013903049402,
    "Node_1620": 2.550013903049402,
    "Node_1686": 4.250013903049402,
    "Node_1693": 18.190037538233387,
    "Node_1703": 6.757525720641395,
    "Node_1708": 1.3903049402168878e-05,
    "Node_1798": 10.030037538233385,
    "Node_1833": 16.36253753823339,
    "Node_1921": 1.3903049402168878e-05,
    "Node_2006": 4.5900257206413935,
    "Node_2075": 2.550013903049402,
    "Node_2122": 5.7290357655945865,
    "Node_2150": 0.8500139030494022,
    "Node_2163": 8.279035765594585,
    "Node_2346": 0.8500139030494022,
    "Node_2360": 1.7000139030494021,
    "Node_2449": 1.5725257206413938,
    "Node_2507": 9.341547583186578,
    "Node_2559": 1.7000139030494021,
    "Node_2565": 0.8500139030494022,
    "Node_2587": 2.2950257206413935,
    "Node_2637": 3.7400257206413934,
    "Node_2727": 1.7000139030494021,
    "Node_2778": 6.5407975831865794,
    "Node_2813": 7.769047583186578,
    "Node_2841": 38.420084808601345,
    "Node_2869": 7.650013903049402,
    "Node_2870": 14.144035765594586,
    "Node_2922": 6.162525720641394,
    "Node_2940": 1.7000139030494021,
    "Node_3078": 3.7400257206413934,
    "Node_3107": 12.529035765594585,
    "Node_3125": 1.3903049402168878e-05,
    "Node_3154": 19.805049355825375,
    "Node_3221": 2.550013903049402,
    "Node_3273": 0.8500139030494022,
    "Node_3303": 1.3903049402168878e-05,
    "Node_3400": 1.7000139030494021,
    "Node_3401": 1.7000139030494021,
    "Node_3474": 2.550013903049402,
    "Node_3652": 1.7000139030494021,
    "Node_3703": 20.703989943460932,
    "Node_3705": 3.0175257206413932,
    "Node_3711": 1.3903049402168878e-05,
    "Node_3755": 0.8500139030494022,
    "Node_3757": 5.567525720641394,
    "Node_3767": 7.64155940077857,
    "Node_3768": 0.8500139030494022,
    "Node_3774": 60.57745626332375,
    "Node_3851": 0.8500139030494022,
    "Node_3946": 0.8500139030494022,
    "Node_3952": 24.947549355825377,
    "Node_3993": 7.012525720641395,
    "Node_3998": 11.092525720641392,
    "Node_4061": 1.7000139030494021,
    "Node_4142": 1.7000139030494021,
    "Node_4150": 5.440025720641394,
    "Node_4275": 100.42760844378535,
    "Node_4315": 0.8500139030494022,
    "Node_4414": 1.7000139030494021,
    "Node_4418": 1.7000139030494021,
    "Node_4423": 2.550013903049402,
    "Node_4427": 1.7000139030494021,
    "Node_4432": 6.035037538233386,
    "Node_4460": 3.400013903049402,
    "Node_4516": 2.550013903049402,
    "Node_4520": 4.250013903049402,
    "Node_4540": 4.879035765594586,
    "Node_4550": 0.8500139030494022,
    "Node_4610": 5.440025720641394,
    "Node_4702": 3.2725257206413936,
    "Node_4703": 4.879035765594586,
    "Node_4715": 44.79512026137732,
    "Node_4736": 3.400013903049402,
    "Node_4751": 7.480037538233385,
    "Node_4770": 457.88305702104,
    "Node_4783": 7.012537538233386,
    "Node_4794": 21.26491076559459,
    "Node_4943": 7.990025720641394,
    "Node_5182": 3.400013903049402,
    "Node_5188": 2.550013903049402,
    "Node_5211": 7.4800493558253764,
    "Node_5223": 3.8675257206413938,
    "Node_5235": 1.5725257206413938,
    "Node_5242": 4.2457857655945865,
    "Node_5389": 2.550013903049402,
    "Node_5401": 4.250013903049402,
    "Node_5422": 1.7000139030494021,
    "Node_5538": 16.33067258318658,
    "Node_5543": 2.550013903049402,
    "Node_5590": 10.242549355825377,
    "Node_5600": 3.8675257206413938,
    "Node_5679": 4.250013903049402,
    "Node_5690": 3.0175257206413932,
    "Node_5802": 3.1450257206413936,
    "Node_5813": 5.100013903049402,
    "Node_5831": 2.550013903049402,
    "Node_5904": 1.7000139030494021,
    "Node_5924": 3.7400257206413934,
    "Node_5936": 10.965025720641393,
    "Node_5949": 2.550013903049402,
    "Node_5973": 1.5725257206413938,
    "Node_6084": 5.950013903049403,
    "Node_6114": 1.445025720641394,
    "Node_6130": 6.6300375382333865,
    "Node_6173": 1.7000139030494021,
    "Node_6234": 4.264910765594586,
    "Node_6274": 0.722525720641394,
    "Node_6499": 1.7000139030494021,
    "Node_6619": 3.400013903049402,
    "Node_6649": 3.1450257206413936,
    "Node_6731": 2.550013903049402,
    "Node_6735": 1.7000139030494021,
    "Node_6770": 2.550013903049402,
    "Node_6805": 8.330025720641393,
    "Node_6822": 11.075557628139771,
    "Node_6863": 6.6300375382333865,
    "Node_6868": 1.7000139030494021,
    "Node_6909": 0.8500139030494022,
    "Node_7099": 4.250013903049402,
    "Node_7117": 1.7000139030494021,
    "Node_7325": 1.7000139030494021,
    "Node_7350": 29.571571218370565,
    "Node_7456": 3.1450257206413936,
    "Node_7482": 9.469047583186576,
    "Node_7507": 1.7000139030494021,
    "Node_7517": 0.8500139030494022,
    "Node_7674": 4.029035765594586,
    "Node_7763": 7.012525720641395,
    "Node_7851": 9.307549355825378,
    "Node_7891": 33.23509662619334,
    "Node_7992": 4.462537538233386,
    "Node_8025": 0.8500139030494022,
    "Node_8150": 15.385037538233385,
    "Node_8336": 3.8675257206413938,
    "Node_8461": 3.7400257206413934,
    "Node_8476": 14.747549355825374,
    "Node_8495": 0.8500139030494022,
    "Node_8553": 5.567525720641394,
    "Node_8626": 8.330037538233386,
    "Node_8750": 1.445025720641394,
    "Node_8797": 63.24010844378533,
    "Node_8830": 1.7000139030494021,
    "Node_8872": 16.407196218370565,
    "Node_8894": 4.250013903049402,
    "Node_8929": 5.9075375382333855,
    "Node_8942": 0.8500139030494022,
    "Node_8947": 0.8500139030494022,
    "Node_8962": 1.7000139030494021,
    "Node_9036": 3.1450257206413936,
    "Node_9249": 566.004988104203,
    "Node_9329": 2.2950257206413935,
    "Node_9435": 0.8500139030494022,
    "Node_9473": 97.02348489201965,
    "Node_9502": 0.8500139030494022,
    "Node_9533": 14.020797583186576,
    "Node_9666": 4.717537538233385,
    "Node_9688": 0.722525720641394,
    "Node_9703": 3.995025720641394,
    "Node_9719": 28.26253753823339,
    "Node_9822": 7.735037538233386,
    "Node_9870": 10.285037538233386,
    "Node_9928": 7.773285765594587,
    "Node_10127": 208.69631767309292,
    "Node_10145": 1.7000139030494021,
    "Node_10211": 7.990025720641394,
    "Node_10214": 1.3903049402168878e-05,
    "Node_10251": 9.46480762813977,
    "Node_10267": 1.7000139030494021,
    "Node_10280": 3.1450257206413936,
    "Node_10373": 0.8500139030494022,
    "Node_10396": 6.290025720641394,
    "Node_10443": 3.1450257206413936,
    "Node_10450": 3.2725257206413936,
    "Node_10484": 5.3125257206413945,
    "Node_10638": 5.100013903049402,
    "Node_10738": 4.250013903049402
}