{
    "Node_8": 10.285025720641393,
    "Node_33": 1.3903049402168878e-05,
    "Node_53": 6.290037538233385,
    "Node_90": 7.225037538233386,
    "Node_116": 0.8500139030494022,
    "Node_131": 1.7000139030494021,
    "Node_132": 11.347537538233386,
    "Node_141": 2.550013903049402,
    "Node_193": 1.3903049402168878e-05,
    "Node_222": 7.012537538233385,
    "Node_243": 1.7000139030494021,
    "Node_362": 18.742537538233385,
    "Node_500": 6.162537538233385,
    "Node_514": 4.250013903049402,
    "Node_545": 5.907549355825377,
    "Node_573": 0.8500139030494022,
    "Node_585": 1.7000139030494021,
    "Node_658": 1.3903049402168878e-05,
    "Node_703": 0.8500139030494022,
    "Node_736": 15.385049355825378,
    "Node_1021": 9.052537538233386,
    "Node_1079": 3.7400257206413934,
    "Node_1093": 1.7000139030494021,
    "Node_1096": 96.80030494021689,
    "Node_1262": 6.162525720641394,
    "Node_1330": 0.8500139030494022,
    "Node_1438": 5.780049355825377,
    "Node_1442": 38.42649348873852,
    "Node_1481": 5.950013903049403,
    "Node_1493": 49.67828576559458,
    "Node_1526": 1.7000139030494021,
    "Node_1568": 2.550013903049402,
    "Node_1707": 3.7400257206413934,
    "Node_1714": 0.8500139030494022,
    "Node_1719": 1.7000139030494021,
    "Node_1728": 3.2725257206413936,
    "Node_1756": 1.7000139030494021,
    "Node_1785": 8.117525720641392,
    "Node_1796": 1.3903049402168878e-05,
    "Node_1797": 1.7000139030494021,
    "Node_1802": 13.855025720641391,
    "Node_1890": 1.7000139030494021,
    "Node_1891": 43.05262026137733,
    "Node_1933": 18.912537538233387,
    "Node_1968": 3.414910765594586,
    "Node_1992": 30.17504935582538,
    "Node_1994": 7.012525720641395,
    "Node_2023": 4.2500257206413945,
    "Node_2035": 0.8500139030494022,
    "Node_2116": 6.290049355825379,
    "Node_2172": 194.17207089396607,
    "Node_2182": 8.117525720641392,
    "Node_2192": 3.0175257206413932,
    "Node_2208": 4.122525720641394,
    "Node_2258": 3.400013903049402,
    "Node_2287": 11.092537538233385,
    "Node_2288": 8.925037538233385,
    "Node_2322": 10.752537538233383,
    "Node_2324": 5.057549355825378,
    "Node_2347": 4.5900257206413935,
    "Node_2418": 3.0175375382333853,
    "Node_2426": 0.8500139030494022,
    "Node_2454": 3.400013903049402,
    "Node_2671": 2.550013903049402,
    "Node_2675": 8.585037538233385,
    "Node_2688": 0.8500139030494022,
    "Node_2786": 7.735037538233386,
    "Node_2810": 0.8500139030494022,
    "Node_2832": 17.000025720641396,
    "Node_3010": 10.285037538233386,
    "Node_3021": 1.3903049402168878e-05,
    "Node_3186": 5.586660765594587,
    "Node_3194": 1.7000139030494021,
    "Node_3298": 3.400013903049402,
    "Node_3329": 4.845025720641394,
    "Node_3427": 103.70017934933728,
    "Node_3437": 218.3377682477523,
    "Node_3496": 2.550013903049402,
    "Node_3500": 3.0175257206413932,
    "Node_3585": 9.70493440077857,
    "Node_3670": 3.1450257206413936,
    "Node_3671": 4.5900257206413935,
    "Node_3693": 0.8500139030494022,
    "Node_3839": 2.550013903049402,
    "Node_3852": 33.617549355825375,
    "Node_3930": 121.95825675456484,
    "Node_3936": 0.8500139030494022,
    "Node_3947": 2.4225257206413935,
    "Node_3949": 7.607525720641394,
    "Node_4068": 43.56262026137732,
    "Node_4113": 3.400013903049402,
    "Node_4257": 0.8500139030494022,
    "Node_4278": 7.947549355825378,
    "Node_4327": 21.37757299100936,
    "Node_4356": 1.7000139030494021,
    "Node_4369": 3.612537538233385,
    "Node_4373": 2.2950257206413935,
    "Node_4566": 2.4225257206413935,
    "Node_4583": 2.550013903049402,
    "Node_4606": 5.312537538233386,
    "Node_4656": 0.8500139030494022,
    "Node_4717": 7.480037538233385,
    "Node_4757": 3.8675257206413938,
    "Node_4775": 7.012525720641395,
    "Node_4815": 7.267525720641394,
    "Node_4896": 81.45983303596255,
    "Node_4940": 133.54149171609973,
    "Node_4945": 9.847295810547779,
    "Node_4994": 2.550013903049402,
    "Node_5021": 2.1675257206413936,
    "Node_5097": 5.440025720641394,
    "Node_5137": 4.3350257206413945,
    "Node_5183": 2.2950257206413935,
    "Node_5245": 4.590037538233386,
    "Node_5313": 2.1675257206413936,
    "Node_5391": 8.330025720641393,
    "Node_5499": 6.035037538233386,
    "Node_5533": 3.400013903049402,
    "Node_5652": 4.845025720641394,
    "Node_5655": 1.3903049402168878e-05,
    "Node_5665": 1.7000139030494021,
    "Node_5702": 12.45254935582538,
    "Node_5759": 169.54775229400315,
    "Node_5817": 2.550013903049402,
    "Node_5926": 8.963285765594586,
    "Node_5966": 3.0175257206413932,
    "Node_6029": 5.100013903049402,
    "Node_6058": 1.3903049402168878e-05,
    "Node_6080": 2.550013903049402,
    "Node_6087": 3.400013903049402,
    "Node_6167": 4.845025720641394,
    "Node_6222": 3.995025720641394,
    "Node_6239": 5.100013903049402,
    "Node_6250": 4.717525720641394,
    "Node_6269": 11.475025720641392,
    "Node_6341": 1.7000139030494021,
    "Node_6411": 3.400013903049402,
    "Node_6423": 4.717525720641394,
    "Node_6439": 5.440037538233387,
    "Node_6452": 5.057525720641395,
    "Node_6454": 4.972525720641394,
    "Node_6543": 3.400025720641394,
    "Node_6620": 7.985797583186579,
    "Node_6641": 3.612537538233385,
    "Node_6943": 2.1675375382333857,
    "Node_7114": 40.70235489850773,
    "Node_7127": 7.650013903049402,
    "Node_7172": 0.8500139030494022,
    "Node_7186": 123.39682621188247,
    "Node_7188": 39.61225294281212,
    "Node_7200": 4.462525720641394,
    "Node_7203": 6.545025720641394,
    "Node_7320": 9.052537538233386,
    "Node_7328": 1.7000139030494021,
    "Node_7368": 2.1675257206413936,
    "Node_7387": 4.3350257206413945,
    "Node_7485": 0.8500139030494022,
    "Node_7515": 2.550013903049402,
    "Node_7552": 5.3125257206413945,
    "Node_7596": 0.8500139030494022,
    "Node_7617": 3.400013903049402,
    "Node_7639": 3.400013903049402,
    "Node_7711": 1.7000139030494021,
    "Node_7717": 4.717525720641394,
    "Node_7744": 0.8500139030494022,
    "Node_7784": 4.462525720641394,
    "Node_7828": 11.007537538233384,
    "Node_7856": 1.5725257206413938,
    "Node_7990": 7.607525720641394,
    "Node_7997": 0.8500139030494022,
    "Node_8059": 24.182549355825376,
    "Node_8080": 4.250013903049402,
    "Node_8192": 3.995025720641394,
    "Node_8245": 0.8500139030494022,
    "Node_8247": 2.550013903049402,
    "Node_8255": 4.462525720641394,
    "Node_8275": 1.7000139030494021,
    "Node_8291": 0.8500139030494022,
    "Node_8356": 2.550013903049402,
    "Node_8413": 0.8500139030494022,
    "Node_8487": 0.722525720641394,
    "Node_8609": 3.2725257206413936,
    "Node_8611": 0.8500139030494022,
    "Node_8634": 11.730037538233386,
    "Node_8636": 0.8500139030494022,
    "Node_8640": 2.5720641394012423e-05,
    "Node_8659": 1.5725257206413938,
    "Node_8674": 1.3903049402168878e-05,
    "Node_8711": 0.8500139030494022,
    "Node_8733": 1.7000139030494021,
    "Node_8744": 14.14830940077857,
    "Node_8758": 27.96507299100936,
    "Node_8801": 1.7000139030494021,
    "Node_8826": 29.084934400778568,
    "Node_8865": 3.995025720641394,
    "Node_8901": 1.7000139030494021,
    "Node_8934": 5.780037538233385,
    "Node_9062": 3.400013903049402,
    "Node_9067": 12.412192673092964,
    "Node_9268": 3.995025720641394,
    "Node_9314": 2.550013903049402,
    "Node_9322": 5.9075375382333855,
    "Node_9339": 4.590037538233386,
    "Node_9359": 1.7000139030494021,
    "Node_9481": 17.255049355825374,
    "Node_9493": 2.550013903049402,
    "Node_9648": 1.7000139030494021,
    "Node_9735": 14.237561173417369,
    "Node_9745": 35.224047583186575,
    "Node_9825": 1.5725257206413938,
    "Node_9888": 7.480025720641394,
    "Node_9901": 3.7400257206413934,
    "Node_9933": 3.2725257206413936,
    "Node_9936": 13.982549355825375,
    "Node_10000": 3.0175257206413932,
    "Node_10005": 3.400013903049402,
    "Node_10036": 6.885037538233386,
    "Node_10058": 11.390025720641393,