{
    "Node_28": 5.695025720641395,
    "Node_76": 7.154910765594586,
    "Node_120": 0.8500139030494022,
    "Node_127": 1.7000139030494021,
    "Node_177": 1.7000139030494021,
    "Node_238": 7.607525720641394,
    "Node_277": 18.61507299100936,
    "Node_477": 7.263297583186579,
    "Node_502": 1.3903049402168878e-05,
    "Node_534": 4.845025720641394,
    "Node_561": 2.550013903049402,
    "Node_577": 2.550013903049402,
    "Node_650": 7.522525720641394,
    "Node_695": 6.162525720641394,
    "Node_721": 5.695025720641395,
    "Node_862": 2.550013903049402,
    "Node_878": 3.2725257206413936,
    "Node_931": 0.8500139030494022,
    "Node_968": 3.995025720641394,
    "Node_1023": 3.400013903049402,
    "Node_1053": 11.007525720641393,
    "Node_1090": 0.8500139030494022,
    "Node_1105": 5.950025720641395,
    "Node_1189": 2.550013903049402,
    "Node_1248": 1.7000139030494021,
    "Node_1279": 28.470809400778567,
    "Node_1309": 1.7000139030494021,
    "Node_1376": 1.7000139030494021,
    "Node_1412": 19.25892081054778,
    "Node_1425": 2.2950257206413935,
    "Node_1450": 6.162525720641394,
    "Node_1544": 1.7000139030494021,
    "Node_1554": 2.4225257206413935,
    "Node_1562": 1.7000139030494021,
    "Node_1578": 0.8500139030494022,
    "Node_1585": 11.985025720641392,
    "Node_1622": 4.717525720641394,
    "Node_1655": 1.7000139030494021,
    "Node_1669": 4.462549355825377,
    "Node_1715": 4.717525720641394,
    "Node_1914": 5.185025720641394,
    "Node_1925": 59.16003753823338,
    "Node_2053": 5.695025720641395,
    "Node_2060": 16.84493440077857,
    "Node_2081": 16.01820814371119,
    "Node_2108": 13.345025720641393,
    "Node_2136": 3.400013903049402,
    "Node_2216": 10.922525720641392,
    "Node_2337": 1.7000139030494021,
    "Node_2357": 7.607537538233386,
    "Node_2472": 4.250013903049402,
    "Node_2475": 2.550013903049402,
    "Node_2494": 3.400013903049402,
    "Node_2527": 5.100013903049402,
    "Node_2553": 13.425809400778569,
    "Node_2561": 0.8500139030494022,
    "Node_2580": 5.950013903049403,
    "Node_2599": 3.400013903049402,
    "Node_2609": 6.672525720641394,
    "Node_2668": 5.100013903049402,
    "Node_2674": 1.7000139030494021,
    "Node_2712": 7.395025720641394,
    "Node_2716": 3.400013903049402,
    "Node_2774": 2.550013903049402,
    "Node_2780": 1.7000139030494021,
    "Node_2782": 2.550013903049402,
    "Node_2867": 2.550013903049402,
    "Node_2889": 4.250013903049402,
    "Node_2913": 286.73512825910643,
    "Node_2924": 4.250013903049402,
    "Node_2930": 0.8500139030494022,
    "Node_2944": 3.995025720641394,
    "Node_2962": 8.075025720641392,
    "Node_3002": 0.8500139030494022,
    "Node_3004": 5.9075375382333855,
    "Node_3062": 5.100013903049402,
    "Node_3148": 2.550013903049402,
    "Node_3283": 0.8500139030494022,
    "Node_3299": 4.335037538233386,
    "Node_3504": 2.550013903049402,
    "Node_3513": 7.607537538233386,
    "Node_3602": 1.7000139030494021,
    "Node_3673": 2.2950257206413935,
    "Node_3729": 10.2000139030494,
    "Node_3804": 6.162525720641394,
    "Node_3873": 0.8500139030494022,
    "Node_3912": 5.100013903049402,
    "Node_3959": 267.25756185524614,
    "Node_4018": 1.7000139030494021,
    "Node_4179": 4.5900257206413935,
    "Node_4232": 1.3903049402168878e-05,
    "Node_4242": 1.3903049402168878e-05,
    "Node_4280": 1.7000139030494021,
    "Node_4581": 5.100013903049402,
    "Node_4664": 9.218297583186578,
    "Node_4686": 177.38628178584668,
    "Node_4780": 6.035025720641394,
    "Node_4809": 3.1450257206413936,
    "Node_4860": 0.8500139030494022,
    "Node_4944": 21.335037538233387,
    "Node_4957": 3.0175257206413932,
    "Node_5089": 1.7000139030494021,
    "Node_5090": 7.267525720641394,
    "Node_5138": 52.22045189371118,
    "Node_5267": 1.3903049402168878e-05,
    "Node_5270": 1.3903049402168878e-05,
    "Node_5333": 23.632170810547784,
    "Node_5443": 6.545025720641394,
    "Node_5464": 1.3903049402168878e-05,
    "Node_5468": 8.840025720641393,
    "Node_5483": 2.550013903049402,
    "Node_5554": 1.7000139030494021,
    "Node_5555": 6.672525720641394,
    "Node_5573": 9.392537538233384,
    "Node_5574": 3.8675257206413938,
    "Node_5599": 3.1450257206413936,
    "Node_5604": 2.550013903049402,
    "Node_5656": 3.995025720641394,
    "Node_5675": 0.8500139030494022,
    "Node_5693": 1.7000139030494021,
    "Node_5712": 9.817525720641394,
    "Node_5929": 3.400013903049402,
    "Node_6006": 3.400013903049402,
    "Node_6036": 3.400013903049402,
    "Node_6049": 9.307525720641394,
    "Node_6071": 1.7000139030494021,
    "Node_6188": 3.8675257206413938,
    "Node_6210": 0.8500139030494022,
    "Node_6255": 2.550013903049402,
    "Node_6324": 2.550013903049402,
    "Node_6337": 0.8500139030494022,
    "Node_6426": 1.7000139030494021,
    "Node_6491": 1.445025720641394,
    "Node_6544": 3.1450257206413936,
    "Node_6564": 4.845025720641394,
    "Node_6634": 7.650013903049402,
    "Node_6705": 0.8500139030494022,
    "Node_6776": 8.840025720641393,
    "Node_6803": 3.400013903049402,
    "Node_6897": 0.8500139030494022,
    "Node_6901": 5.440037538233386,
    "Node_6942": 16.957525720641396,
    "Node_6953": 1.3903049402168878e-05,
    "Node_7050": 9.945025720641393,
    "Node_7072": 2.2950257206413935,
    "Node_7116": 7.267525720641394,
    "Node_7118": 1.7000139030494021,
    "Node_7131": 1.7000139030494021,
    "Node_7212": 2.550013903049402,
    "Node_7240": 2.550013903049402,
    "Node_7310": 1.5725257206413938,
    "Node_7330": 0.8500139030494022,
    "Node_7351": 1.7000139030494021,
    "Node_7366": 2.550013903049402,
    "Node_7444": 0.8500139030494022,
    "Node_7463": 3.1450257206413936,
    "Node_7655": 5.818297583186578,
    "Node_7747": 0.8500139030494022,
    "Node_7755": 3.995025720641394,
    "Node_7797": 4.717525720641394,
    "Node_7900": 5.695025720641395,
    "Node_7950": 7.522525720641394,
    "Node_7965": 3.1450257206413936,
    "Node_7968": 4.250013903049402,
    "Node_8064": 1.7000139030494021,
    "Node_8066": 1.7000139030494021,
    "Node_8099": 2.550013903049402,
    "Node_8131": 3.400013903049402,
    "Node_8134": 1.7000139030494021,
    "Node_8395": 0.8500139030494022,
    "Node_8416": 0.8500139030494022,
    "Node_8445": 1.7000139030494021,
    "Node_8452": 4.968285765594588,
    "Node_8484": 2.550013903049402,
    "Node_8509": 0.8500139030494022,
    "Node_8630": 1.3903049402168878e-05,
    "Node_8716": 0.8500139030494022,
    "Node_8723": 1.445025720641394,
    "Node_8731": 3.8675257206413938,
    "Node_8792": 2.550013903049402,
    "Node_8810": 0.8500139030494022,
    "Node_8820": 2.550013903049402,
    "Node_8884": 2.4225257206413935,
    "Node_8988": 4.250013903049402,
    "Node_9022": 12.665025720641394,
    "Node_9123": 2.550013903049402,
    "Node_9136": 1.7000139030494021,
    "Node_9317": 1.3903049402168878e-05,
    "Node_9327": 0.8500139030494022,
    "Node_9344": 4.717525720641394,
    "Node_9346": 2.550013903049402,
    "Node_9443": 2.2950257206413935,
    "Node_9546": 5.695025720641395,
    "Node_9560": 4.250013903049402,
    "Node_9583": 5.185037538233385,
    "Node_9609": 1.7000139030494021,
    "Node_9626": 4.250013903049402,
    "Node_9673": 1.7000139030494021,
    "Node_9708": 58.90502572064139,
    "Node_9749": 56.43580940077857,
    "Node_9785": 2.550013903049402,
    "Node_9810": 162.37663710115623,
    "Node_9875": 3.1450257206413936,
    "Node_9917": 5.100013903049402,
    "Node_9963": 12.070049355825375,
    "Node_9965": 1.7000139030494021,
    "Node_10028": 2.550013903049402,
    "Node_10046": 4.968285765594588,
    "Node_10139": 1.3903049402168878e-05,
    "Node_10246": 1.3903049402168878e-05,
    "Node_10292": 2.550013903049402,
    "Node_10294": 2.550013903049402,
    "Node_10377": 5.440025720641394,
    "Node_10434": 0.8500139030494022,
    "Node_10454": 3.400013903049402,
    "Node_10533": 3.0175257206413932,
    "Node_10566": 7.395025720641394,
    "Node_10639": 2.550013903049402,