{
    "Node_46": 5.100013903049402,
    "Node_70": 1.7000139030494021,
    "Node_146": 3.1450257206413936,
    "Node_198": 2.4225257206413935,
    "Node_204": 7.607525720641394,
    "Node_368": 4.717525720641394,
    "Node_449": 5.440025720641394,
    "Node_456": 3.400013903049402,
    "Node_526": 3.0175257206413932,
    "Node_625": 7.607525720641394,
    "Node_672": 5.440037538233385,
    "Node_679": 16.623956263323755,
    "Node_723": 2.550013903049402,
    "Node_751": 0.8500139030494022,
    "Node_945": 3.400013903049402,
    "Node_1076": 1.7000139030494021,
    "Node_1184": 4.122525720641394,
    "Node_1332": 0.8500139030494022,
    "Node_1397": 4.462525720641394,
    "Node_1556": 3.400013903049402,
    "Node_1618": 0.8500139030494022,
    "Node_1675": 0.8500139030494022,
    "Node_1698": 3.0175257206413932,
    "Node_1751": 4.462525720641394,
    "Node_1901": 4.462525720641394,
    "Node_2000": 1.7000139030494021,
    "Node_2257": 1.7000139030494021,
    "Node_2457": 1.7000139030494021,
    "Node_2515": 1.7000139030494021,
    "Node_2522": 0.8500139030494022,
    "Node_2607": 412.0057210353137,
    "Node_2631": 0.8500139030494022,
    "Node_2795": 2.4225257206413935,
    "Node_2797": 9.921672583186579,
    "Node_2827": 7.012525720641395,
    "Node_2828": 1.445025720641394,
    "Node_2833": 4.643160765594587,
    "Node_2943": 11.942572991009362,
    "Node_2948": 4.717525720641394,
    "Node_2992": 3.8675257206413938,
    "Node_3027": 8.330025720641393,
    "Node_3051": 6.545025720641394,
    "Node_3066": 5.950013903049403,
    "Node_3127": 2.2950257206413935,
    "Node_3165": 4.717525720641394,
    "Node_3206": 3.2725257206413936,
    "Node_3255": 1.5725257206413938,
    "Node_3324": 1.7000139030494021,
    "Node_3362": 3.0175257206413932,
    "Node_3424": 13.855025720641391,
    "Node_3472": 3.612525720641394,
    "Node_3487": 1.7000139030494021,
    "Node_3490": 4.250013903049402,
    "Node_3855": 4.462525720641394,
    "Node_4023": 8.840037538233386,
    "Node_4048": 3.8675257206413938,
    "Node_4051": 100.13016753174529,
    "Node_4059": 7.225025720641393,
    "Node_4125": 5.695025720641395,
    "Node_4126": 5.185025720641394,
    "Node_4189": 2.550013903049402,
    "Node_4209": 0.8500139030494022,
    "Node_4265": 4.5900257206413935,
    "Node_4277": 6.162537538233385,
    "Node_4282": 2.550013903049402,
    "Node_4299": 6.162537538233386,
    "Node_4358": 1.7000139030494021,
    "Node_4367": 1.7000139030494021,
    "Node_4381": 0.8500139030494022,
    "Node_4415": 0.8500139030494022,
    "Node_4498": 4.250013903049402,
    "Node_4535": 2.550013903049402,
    "Node_4621": 16.447572991009363,
    "Node_4873": 4.5900257206413935,
    "Node_4973": 2.550013903049402,
    "Node_5056": 8.500013903049402,
    "Node_5301": 3.400013903049402,
    "Node_5350": 5.312537538233386,
    "Node_5384": 64.47264389656131,
    "Node_5393": 2.4225257206413935,
    "Node_5402": 1.7000139030494021,
    "Node_5480": 1.445025720641394,
    "Node_5523": 3.1450257206413936,
    "Node_5532": 114.0044337519696,
    "Node_5576": 0.8500139030494022,
    "Node_5579": 24.692537538233385,
    "Node_5591": 0.8500139030494022,
    "Node_5602": 2.550013903049402,
    "Node_5645": 3.400013903049402,
    "Node_5674": 0.8500139030494022,
    "Node_5696": 12.537537538233384,
    "Node_5713": 1.7000139030494021,
    "Node_5754": 0.8500139030494022,
    "Node_5815": 1.7000139030494021,
    "Node_5818": 1.7000139030494021,
    "Node_5838": 0.8500139030494022,
    "Node_5854": 3060.434540841945,
    "Node_5878": 3.1450257206413936,
    "Node_5900": 0.8500139030494022,
    "Node_5934": 5.3125257206413945,
    "Node_5983": 3.867537538233385,
    "Node_6015": 2.4225257206413935,
    "Node_6075": 7.480037538233385,
    "Node_6105": 5.9075375382333855,
    "Node_6214": 1.445025720641394,
    "Node_6262": 3.7400257206413934,
    "Node_6278": 1.7000139030494021,
    "Node_6301": 1.3903049402168878e-05,
    "Node_6327": 8.117537538233384,
    "Node_6377": 1.7000139030494021,
    "Node_6421": 5.695025720641395,
    "Node_6475": 1.7000139030494021,
    "Node_6486": 5.780049355825377,
    "Node_6501": 1.7000139030494021,
    "Node_6525": 6.1625493558253766,
    "Node_6536": 6.885025720641393,
    "Node_6585": 9.902525720641393,
    "Node_6622": 3.400013903049402,
    "Node_6640": 0.8500139030494022,
    "Node_6648": 3.612537538233385,
    "Node_6704": 2.550013903049402,
    "Node_6808": 13.132549355825375,
    "Node_6869": 13.132537538233382,
    "Node_6938": 5.185025720641394,
    "Node_7181": 2.1675257206413936,
    "Node_7255": 4.859910765594587,
    "Node_7267": 0.8500139030494022,
    "Node_7303": 1.7000139030494021,
    "Node_7305": 61.49766753174529,
    "Node_7306": 1.7000139030494021,
    "Node_7337": 27.45506117341737,
    "Node_7342": 2.550013903049402,
    "Node_7356": 3.400013903049402,
    "Node_7466": 3.7400257206413934,
    "Node_7478": 3.8675257206413938,
    "Node_7494": 3.0175257206413932,
    "Node_7545": 5.440025720641394,
    "Node_7555": 159.30525347576238,
    "Node_7582": 0.8500139030494022,
    "Node_7585": 1.7000139030494021,
    "Node_7613": 1.3903049402168878e-05,
    "Node_7615": 8.330037538233384,
    "Node_7633": 21.84506117341737,
    "Node_7651": 2.6732857655945863,
    "Node_7665": 26.520037538233385,
    "Node_7680": 1.7000139030494021,
    "Node_7707": 5.567525720641394,
    "Node_7888": 2.550013903049402,
    "Node_7908": 0.8500139030494022,
    "Node_7920": 7.480025720641394,
    "Node_8084": 5.950013903049403,
    "Node_8177": 3.8675257206413938,
    "Node_8302": 2.550013903049402,
    "Node_8322": 1.7000139030494021,
    "Node_8341": 0.8500139030494022,
    "Node_8504": 4.717525720641394,
    "Node_8593": 5.780037538233385,
    "Node_8594": 23.460072991009362,
    "Node_8595": 1.7000139030494021,
    "Node_8622": 3.400013903049402,
    "Node_8693": 13.387549355825376,
    "Node_8719": 11.815025720641392,
    "Node_8816": 0.8500139030494022,
    "Node_8982": 3.400013903049402,
    "Node_9109": 9.286285765594586,
    "Node_9137": 7.480037538233385,
    "Node_9164": 6.757525720641395,
    "Node_9186": 1.7000139030494021,
    "Node_9193": 4.250013903049402,
    "Node_9264": 5.440037538233386,
    "Node_9319": 3.400013903049402,
    "Node_9384": 14.577549355825376,
    "Node_9415": 13.67655940077857,
    "Node_9497": 5.100013903049402,
    "Node_9520": 7.480049355825378,
    "Node_9572": 18.445037538233386,
    "Node_9611": 3.400013903049402,
    "Node_9755": 7.990025720641394,
    "Node_9773": 23.88506117341737,
    "Node_9777": 1.7000139030494021,
    "Node_9883": 0.8500139030494022,
    "Node_10055": 9.902537538233386,
    "Node_10073": 1.7000139030494021,
    "Node_10133": 12.835037538233385,
    "Node_10144": 85.28067403142087,
    "Node_10151": 4.845025720641394,
    "Node_10178": 1904.5171634772682,
    "Node_10291": 0.8500139030494022,
    "Node_10333": 13.430037538233384,
    "Node_10436": 8.075025720641392,
    "Node_10466": 1.3903049402168878e-05,
    "Node_10575": 7.352549355825378,
    "Node_10604": 1.7000139030494021,
    "Node_10609": 2.550013903049402,
    "Node_10623": 5.601535765594587,
    "Node_10643": 1.7000139030494021,
    "Node_10662": 3.400013903049402,
    "Node_10670": 2.550013903049402,
    "Node_10682": 4.5900257206413935,
    "Node_10730": 1.7000139030494021,
    "Node_10788": 3.017537538233385
}