{
    "Node_13": 1.7000139030494021,
    "Node_41": 15.852549355825376,
    "Node_71": 1.7000139030494021,
    "Node_117": 7.140025720641394,
    "Node_134": 0.8500139030494022,
    "Node_155": 1.7000139030494021,
    "Node_162": 2.550013903049402,
    "Node_206": 3.0175257206413932,
    "Node_209": 3.995025720641394,
    "Node_220": 2.4225257206413935,
    "Node_293": 1.7000139030494021,
    "Node_330": 7.012537538233385,
    "Node_467": 1.445025720641394,
    "Node_492": 4.462525720641394,
    "Node_632": 0.8500139030494022,
    "Node_678": 6.757537538233386,
    "Node_752": 2.550013903049402,
    "Node_786": 7.480049355825378,
    "Node_849": 0.8500139030494022,
    "Node_967": 18.827561173417365,
    "Node_970": 21.887549355825378,
    "Node_1052": 18.062525720641396,
    "Node_1074": 0.8500139030494022,
    "Node_1077": 3.400013903049402,
    "Node_1147": 18.19006117341737,
    "Node_1150": 1.7000139030494021,
    "Node_1166": 42.41503753823338,
    "Node_1207": 1.3903049402168878e-05,
    "Node_1223": 3.1450257206413936,
    "Node_1253": 6.672525720641394,
    "Node_1275": 8.330037538233384,
    "Node_1278": 6.290025720641394,
    "Node_1281": 0.8500139030494022,
    "Node_1390": 0.8500139030494022,
    "Node_1451": 3.400013903049402,
    "Node_1454": 6.417525720641394,
    "Node_1475": 0.8500139030494022,
    "Node_1591": 0.8500139030494022,
    "Node_1679": 3.8675257206413938,
    "Node_1709": 1.7000139030494021,
    "Node_1743": 18.445025720641397,
    "Node_1747": 3.2725257206413936,
    "Node_1801": 3.1450257206413936,
    "Node_1841": 2.1675257206413936,
    "Node_1908": 0.8500139030494022,
    "Node_1944": 0.8500139030494022,
    "Node_1988": 1.7000139030494021,
    "Node_2028": 12.707537538233385,
    "Node_2203": 7.225037538233386,
    "Node_2249": 6.757525720641395,
    "Node_2408": 1.3903049402168878e-05,
    "Node_2431": 1.7000139030494021,
    "Node_2442": 3.2725257206413936,
    "Node_2476": 4.250013903049402,
    "Node_2531": 5.100013903049402,
    "Node_2535": 4.5900257206413935,
    "Node_2557": 4.250013903049402,
    "Node_2569": 9.647525720641392,
    "Node_2592": 1.7000139030494021,
    "Node_2602": 7.140037538233385,
    "Node_2613": 12.962525720641395,
    "Node_2685": 1.7000139030494021,
    "Node_2715": 2.550013903049402,
    "Node_2737": 7.012537538233386,
    "Node_2744": 0.8500139030494022,
    "Node_2820": 17.799069445731764,
    "Node_2836": 0.8500139030494022,
    "Node_2844": 5.3125257206413945,
    "Node_2902": 0.8500139030494022,
    "Node_2945": 4.845025720641394,
    "Node_2959": 3.7400257206413934,
    "Node_2972": 14.280037538233385,
    "Node_3011": 2.9091607655945864,
    "Node_3023": 0.8500139030494022,
    "Node_3128": 3.400013903049402,
    "Node_3334": 7.267525720641394,
    "Node_3358": 4.250013903049402,
    "Node_3408": 1.7000139030494021,
    "Node_3492": 5.057537538233386,
    "Node_3501": 26.732584808601356,
    "Node_3522": 0.722525720641394,
    "Node_3557": 0.8500139030494022,
    "Node_3627": 19.93468262813977,
    "Node_3782": 3.7400257206413934,
    "Node_3814": 6.035025720641394,
    "Node_3830": 3.400013903049402,
    "Node_3893": 14.152537538233386,
    "Node_3911": 0.8500139030494022,
    "Node_3923": 5.3125257206413945,
    "Node_3928": 1.7000139030494021,
    "Node_3960": 21.930037538233385,
    "Node_4204": 2.8900257206413933,
    "Node_4236": 0.8500139030494022,
    "Node_4253": 10.667525720641393,
    "Node_4302": 5.185061173417369,
    "Node_4316": 5.9075375382333855,
    "Node_4362": 1.3903049402168878e-05,
    "Node_4669": 12.240025720641393,
    "Node_4700": 3.0175257206413932,
    "Node_4709": 15.852549355825376,
    "Node_4713": 3.400013903049402,
    "Node_4732": 5.950013903049403,
    "Node_4749": 3.400013903049402,
    "Node_4836": 4.717525720641394,
    "Node_4983": 0.8500139030494022,
    "Node_4987": 56.35502572064139,
    "Node_5143": 54.117422583186574,
    "Node_5151": 6.6831708105477805,
    "Node_5184": 3.400013903049402,
    "Node_5214": 1.7000139030494021,
    "Node_5216": 3.400013903049402,
    "Node_5217": 1.7000139030494021,
    "Node_5225": 1.7000139030494021,
    "Node_5352": 3.1450257206413936,
    "Node_5365": 2.550013903049402,
    "Node_5429": 5.950013903049403,
    "Node_5473": 375.60656944573174,
    "Node_5503": 1.7000139030494021,
    "Node_5517": 2.550013903049402,
    "Node_5520": 0.8500139030494022,
    "Node_5535": 15.55502572064139,
    "Node_5563": 0.8500139030494022,
    "Node_5570": 8.638172583186579,
    "Node_5578": 2.550013903049402,
    "Node_5617": 2.550013903049402,
    "Node_5631": 20.060072991009363,
    "Node_5741": 0.8500139030494022,
    "Node_5771": 10.540025720641394,
    "Node_5880": 0.8500139030494022,
    "Node_5913": 7.735037538233386,
    "Node_5915": 14.75818262813977,
    "Node_6004": 2.4225257206413935,
    "Node_6127": 0.8500139030494022,
    "Node_6233": 21.930025720641396,
    "Node_6258": 1.7000139030494021,
    "Node_6285": 2.8900257206413933,
    "Node_6345": 7.650013903049402,
    "Node_6373": 2.550013903049402,
    "Node_6539": 15.810049355825377,
    "Node_6542": 6.035037538233386,
    "Node_6588": 58.0551539415145,
    "Node_6716": 7.862537538233385,
    "Node_6819": 7.862537538233386,
    "Node_6927": 13.855049355825377,
    "Node_6950": 5.185025720641394,
    "Node_7019": 11.602537538233385,
    "Node_7143": 1.5725257206413938,
    "Node_7168": 3.0175375382333853,
    "Node_7173": 0.8500139030494022,
    "Node_7180": 0.8500139030494022,
    "Node_7247": 0.8500139030494022,
    "Node_7280": 4.250013903049402,
    "Node_7293": 2.550013903049402,
    "Node_7296": 4.845025720641394,
    "Node_7322": 3.8675257206413938,
    "Node_7370": 3.400013903049402,
    "Node_7429": 3.8675257206413938,
    "Node_7467": 15.470025720641393,
    "Node_7553": 10.625037538233387,
    "Node_7588": 0.8500139030494022,
    "Node_7709": 4.462525720641394,
    "Node_7716": 3.1450257206413936,
    "Node_7752": 4.5900257206413935,
    "Node_7792": 7.371672583186578,
    "Node_7887": 31.705049355825377,
    "Node_7905": 2.550013903049402,
    "Node_8032": 1.7000139030494021,
    "Node_8045": 1.3903049402168878e-05,
    "Node_8048": 4.717525720641394,
    "Node_8214": 1.5725257206413938,
    "Node_8224": 2.2950257206413935,
    "Node_8280": 4.335037538233386,
    "Node_8288": 3.7400257206413934,
    "Node_8293": 11.135037538233385,
    "Node_8380": 6.502549355825378,
    "Node_8389": 0.8500139030494022,
    "Node_8514": 1.5725257206413938,
    "Node_8542": 14.545694445731762,
    "Node_8641": 1.3903049402168878e-05,
    "Node_8656": 11.942537538233385,
    "Node_8851": 3.8675257206413938,
    "Node_8878": 6.035025720641394,
    "Node_9011": 1.3903049402168878e-05,
    "Node_9102": 0.8500139030494022,
    "Node_9145": 1.7000139030494021,
    "Node_9156": 40.82138030633052,
    "Node_9235": 4.5900257206413935,
    "Node_9294": 3.1450257206413936,
    "Node_9306": 3.0175257206413932,
    "Node_9340": 7.480049355825378,
    "Node_9352": 24.31007299100936,
    "Node_9361": 6.290025720641394,
    "Node_9433": 0.8500139030494022,
    "Node_9437": 0.8500139030494022,
    "Node_9452": 2.2950257206413935,
    "Node_9508": 20.272596626193344,
    "Node_9530": 26.86007299100936,
    "Node_9658": 0.8500139030494022,
    "Node_9741": 20.06004935582538,
    "Node_9806": 13.047537538233385,
    "Node_9930": 2.550013903049402,
    "Node_10007": 1.7000139030494021,
    "Node_10084": 11.390037538233384,
    "Node_10162": 38.54754935582537,
    "Node_10206": 8.585037538233385,
    "Node_10243": 12.962549355825377,
    "Node_10379": 5.950013903049403,
    "Node_10413": 5.3125257206413945,
    "Node_10473": 9.817525720641394,
    "Node_10490": 16.150025720641395,
    "Node_10574": 1.7000139030494021,
    "Node_10690": 19.80504935582538,
    "Node_10710": 2.550013903049402,
    "Node_10734": 2.4225257206413935,
    "Node_10744": 2.550013903049402,
    "Node_10751": 51.09991076559458
}