{
    "Node_3": 4.250013903049402,
    "Node_51": 22.567584808601353,
    "Node_66": 2.550013903049402,
    "Node_133": 0.8500139030494022,
    "Node_152": 1.3903049402168878e-05,
    "Node_185": 20.18753753823339,
    "Node_286": 2.2950257206413935,
    "Node_308": 1.7000139030494021,
    "Node_329": 2.550013903049402,
    "Node_377": 55.802620261377314,
    "Node_411": 6.290025720641394,
    "Node_427": 1.7000139030494021,
    "Node_470": 1.7000257206413942,
    "Node_525": 8.585025720641392,
    "Node_533": 11.995660765594586,
    "Node_568": 37.10046630827694,
    "Node_570": 3.8675257206413938,
    "Node_649": 5.3125257206413945,
    "Node_670": 6.162537538233385,
    "Node_701": 1.7000139030494021,
    "Node_740": 3.400013903049402,
    "Node_754": 3.995025720641394,
    "Node_803": 3.8675257206413938,
    "Node_808": 5.440037538233386,
    "Node_816": 5.567525720641394,
    "Node_891": 5.440037538233385,
    "Node_923": 2.1675257206413936,
    "Node_1047": 16.617525720641396,
    "Node_1056": 4.717525720641394,
    "Node_1095": 25.712561173417367,
    "Node_1103": 2.550013903049402,
    "Node_1106": 1.7000139030494021,
    "Node_1108": 4.462525720641394,
    "Node_1118": 0.8500139030494022,
    "Node_1157": 0.8500139030494022,
    "Node_1205": 4.717525720641394,
    "Node_1213": 1.3903049402168878e-05,
    "Node_1216": 10.285037538233386,
    "Node_1224": 2.4225257206413935,
    "Node_1267": 2.550013903049402,
    "Node_1312": 36.64992081054777,
    "Node_1384": 1.7000139030494021,
    "Node_1387": 19.380061173417367,
    "Node_1409": 29.19753753823339,
    "Node_1423": 2.550013903049402,
    "Node_1437": 1.7000139030494021,
    "Node_1445": 2.550013903049402,
    "Node_1658": 5.312537538233386,
    "Node_1689": 6.215672583186579,
    "Node_1731": 7.480049355825378,
    "Node_1789": 7.735049355825377,
    "Node_1790": 0.8500139030494022,
    "Node_1845": 4.5900257206413935,
    "Node_1851": 1.7000139030494021,
    "Node_1885": 18.899809400778572,
    "Node_1951": 3.1450257206413936,
    "Node_1984": 65.4076557141533,
    "Node_1998": 3.2725257206413936,
    "Node_2021": 0.8500139030494022,
    "Node_2056": 11.390037538233384,
    "Node_2070": 16.06507299100936,
    "Node_2095": 4.845025720641394,
    "Node_2184": 1.7000139030494021,
    "Node_2313": 27.112932628139777,
    "Node_2319": 1.3903049402168878e-05,
    "Node_2459": 14.885728125868937,
    "Node_2473": 0.722525720641394,
    "Node_2493": 3.400013903049402,
    "Node_2539": 8.835797583186578,
    "Node_2542": 4.845025720641394,
    "Node_2577": 5.3125257206413945,
    "Node_2597": 0.8500139030494022,
    "Node_2612": 0.8500139030494022,
    "Node_2617": 4.462525720641394,
    "Node_2665": 1.7000139030494021,
    "Node_2739": 2.2950257206413935,
    "Node_2900": 3.7400375382333855,
    "Node_2946": 4.3350257206413945,
    "Node_3050": 3.400013903049402,
    "Node_3164": 0.8500139030494022,
    "Node_3167": 6.668285765594588,
    "Node_3198": 3.7400257206413934,
    "Node_3264": 4.2500257206413945,
    "Node_3351": 3.400013903049402,
    "Node_3356": 7.862525720641395,
    "Node_3363": 2.550013903049402,
    "Node_3365": 7.9475493558253785,
    "Node_3399": 9.647537538233385,
    "Node_3421": 0.8500139030494022,
    "Node_3445": 7.735037538233386,
    "Node_3454": 2.2950257206413935,
    "Node_3493": 9.180037538233384,
    "Node_3555": 5.567525720641394,
    "Node_3596": 3.1450257206413936,
    "Node_3604": 6.035025720641394,
    "Node_3643": 15.55502572064139,
    "Node_3663": 2.550013903049402,
    "Node_3669": 0.8500139030494022,
    "Node_3744": 10.030037538233385,
    "Node_3864": 4.462525720641394,
    "Node_3867": 2.1675257206413936,
    "Node_3870": 816.0398947307441,
    "Node_3929": 51.85010844378534,
    "Node_4093": 6.290025720641394,
    "Node_4098": 50.95757299100936,
    "Node_4110": 1.3903049402168878e-05,
    "Node_4155": 0.8500139030494022,
    "Node_4383": 0.8500139030494022,
    "Node_4425": 1.7000139030494021,
    "Node_4440": 16.745025720641394,
    "Node_4444": 5.185025720641394,
    "Node_4469": 2.550013903049402,
    "Node_4568": 0.8500139030494022,
    "Node_4629": 1.7000139030494021,
    "Node_4723": 5.567525720641394,
    "Node_4743": 1.7000139030494021,
    "Node_4879": 5.185025720641394,
    "Node_4892": 4.250013903049402,
    "Node_5076": 2.550013903049402,
    "Node_5145": 5.567525720641394,
    "Node_5147": 3.400013903049402,
    "Node_5193": 0.8500139030494022,
    "Node_5202": 8.075025720641392,
    "Node_5236": 1.7000139030494021,
    "Node_5342": 1.3903049402168878e-05,
    "Node_5368": 3.400013903049402,
    "Node_5388": 1.7000139030494021,
    "Node_5398": 5.567525720641394,
    "Node_5719": 12.835049355825376,
    "Node_5740": 3.7400257206413934,
    "Node_5928": 2.550013903049402,
    "Node_5957": 5.567525720641394,
    "Node_5985": 1.445025720641394,
    "Node_6018": 50.61758480860135,
    "Node_6025": 2.2950257206413935,
    "Node_6037": 0.8500139030494022,
    "Node_6046": 2.550013903049402,
    "Node_6053": 2.550013903049402,
    "Node_6119": 6.885025720641393,
    "Node_6175": 20.825049355825378,
    "Node_6207": 2.550013903049402,
    "Node_6263": 3.400013903049402,
    "Node_6344": 8.372525720641391,
    "Node_6387": 1.7000139030494021,
    "Node_6453": 1.7000139030494021,
    "Node_6462": 5.100013903049402,
    "Node_6479": 7.607549355825377,
    "Node_6570": 16.673347416349987,
    "Node_6606": 3.400013903049402,
    "Node_6628": 11.135037538233385,
    "Node_6667": 19.762525720641396,
    "Node_6700": 4.717537538233385,
    "Node_6894": 4.845025720641394,
    "Node_7100": 0.8500139030494022,
    "Node_7115": 4.250013903049402,
    "Node_7170": 1.7000139030494021,
    "Node_7178": 0.8500139030494022,
    "Node_7257": 4.250013903049402,
    "Node_7338": 6.432410765594588,
    "Node_7353": 2.4225257206413935,
    "Node_7413": 1.7000139030494021,
    "Node_7415": 21.080025720641395,
    "Node_7503": 34.807596626193344,
    "Node_7621": 3.7400257206413934,
    "Node_7637": 72.2841639864677,
    "Node_7650": 6.290025720641394,
    "Node_7662": 5.185025720641394,
    "Node_7694": 2.2950257206413935,
    "Node_7708": 6.757525720641395,
    "Node_7789": 1.7000139030494021,
    "Node_7879": 2.550013903049402,
    "Node_7926": 0.722525720641394,
    "Node_7978": 4.717537538233386,
    "Node_8007": 10.083160765594588,
    "Node_8043": 7.735025720641393,
    "Node_8047": 1.3903049402168878e-05,
    "Node_8103": 14.152537538233386,
    "Node_8158": 5.822525720641394,
    "Node_8189": 19.932549355825376,
    "Node_8202": 3.7400375382333846,
    "Node_8240": 6.417537538233385,
    "Node_8256": 3.400013903049402,
    "Node_8296": 5.3125257206413945,
    "Node_8309": 1.445025720641394,
    "Node_8311": 2.8900257206413933,
    "Node_8342": 4.972525720641394,
    "Node_8347": 4.3350257206413945,
    "Node_8459": 0.8500139030494022,
    "Node_8603": 2.550013903049402,
    "Node_8620": 2.550013903049402,
    "Node_8653": 4.250013903049402,
    "Node_8663": 5.440025720641394,
    "Node_8760": 3.400013903049402,
    "Node_8763": 2.550013903049402,
    "Node_8827": 11.645037538233385,
    "Node_8876": 7.352537538233385,
    "Node_8994": 51.55253753823337,
    "Node_9007": 2.550013903049402,
    "Node_9010": 3.400013903049402,
    "Node_9029": 3.400013903049402,
    "Node_9052": 35.60231944573176,
    "Node_9092": 0.8500139030494022,
    "Node_9114": 8.117525720641392,
    "Node_9125": 2.550025720641394,
    "Node_9152": 1.7000139030494021,
    "Node_9313": 8.075037538233385,
    "Node_9320": 30.06241076559459,
    "Node_9391": 0.8500139030494022,
    "Node_9413": 36.25258480860135,
    "Node_9427": 5.100013903049402,
    "Node_9458": 6.035025720641394,
    "Node_9462": 0.8500139030494022,
    "Node_9484": 3.1450257206413936,
    "Node_9489": 46.02753753823338,
    "Node_9556": 0.8500139030494022,
    "Node_9619": 64.12625176105293,
    "Node_9678": 5.312537538233387,
    "Node_9709": 3.400013903049402,
    "Node_9756": 5.950013903049403,