{
    "Node_52": 1.7000139030494021,
    "Node_67": 6.417537538233386,
    "Node_136": 8.500013903049402,
    "Node_218": 10.540025720641394,
    "Node_232": 9.902525720641393,
    "Node_403": 0.8500139030494022,
    "Node_489": 3.0175257206413932,
    "Node_503": 1.3903049402168878e-05,
    "Node_547": 7.480037538233385,
    "Node_607": 2.2950257206413935,
    "Node_634": 15.130061173417367,
    "Node_655": 21.420084808601356,
    "Node_676": 1.7000139030494021,
    "Node_764": 14.535025720641393,
    "Node_790": 1.7000139030494021,
    "Node_814": 13.515049355825377,
    "Node_824": 2.550013903049402,
    "Node_836": 4.250013903049402,
    "Node_959": 22.950025720641396,
    "Node_962": 5.440025720641394,
    "Node_997": 9.052537538233386,
    "Node_1066": 1.7000139030494021,
    "Node_1081": 5.3125257206413945,
    "Node_1161": 1.7000139030494021,
    "Node_1321": 3.0175257206413932,
    "Node_1429": 1.464160765594587,
    "Node_1492": 5.440037538233386,
    "Node_1529": 3.8675257206413938,
    "Node_1534": 3.2725257206413936,
    "Node_1730": 5.185037538233386,
    "Node_1734": 36.25252572064139,
    "Node_1781": 4.250013903049402,
    "Node_1826": 3.7400257206413934,
    "Node_1844": 73.5251793493373,
    "Node_1847": 2.550013903049402,
    "Node_1958": 2.1675257206413936,
    "Node_1970": 44.92253753823338,
    "Node_1971": 7.650013903049402,
    "Node_2109": 1.7000139030494021,
    "Node_2165": 0.8500139030494022,
    "Node_2261": 2.550013903049402,
    "Node_2294": 4.462525720641394,
    "Node_2338": 28.262584808601353,
    "Node_2407": 1.7000139030494021,
    "Node_2410": 1.7000139030494021,
    "Node_2437": 2.550013903049402,
    "Node_2536": 66.3639281675781,
    "Node_2583": 2.2950257206413935,
    "Node_2601": 2.550013903049402,
    "Node_2725": 3.7400375382333846,
    "Node_2726": 1.7000139030494021,
    "Node_2731": 6.035037538233386,
    "Node_2789": 8.585037538233385,
    "Node_2847": 142.1989727500232,
    "Node_2932": 3.612525720641394,
    "Node_2973": 2.550013903049402,
    "Node_3014": 3.400013903049402,
    "Node_3093": 4.845025720641394,
    "Node_3258": 1.3903049402168878e-05,
    "Node_3282": 3.0175257206413932,
    "Node_3307": 5.100013903049402,
    "Node_3347": 2.550013903049402,
    "Node_3366": 4.845025720641394,
    "Node_3372": 14.832537538233384,
    "Node_3395": 1.7000139030494021,
    "Node_3419": 4.250013903049402,
    "Node_3429": 1.5725257206413938,
    "Node_3439": 3.995025720641394,
    "Node_3465": 1.7000139030494021,
    "Node_3535": 2.550013903049402,
    "Node_3563": 5.695025720641395,
    "Node_3636": 0.8500139030494022,
    "Node_3638": 2.550013903049402,
    "Node_3702": 4.5900257206413935,
    "Node_3724": 2.8900257206413933,
    "Node_3745": 3.7400257206413934,
    "Node_3760": 16.203172583186582,
    "Node_3934": 1.7000139030494021,
    "Node_3942": 5.185037538233386,
    "Node_3962": 39.79493262813977,
    "Node_3986": 9.596557628139772,
    "Node_4033": 6.672525720641394,
    "Node_4081": 1.7000139030494021,
    "Node_4082": 1.7000139030494021,
    "Node_4193": 0.722525720641394,
    "Node_4243": 24.947537538233387,
    "Node_4252": 0.8500139030494022,
    "Node_4293": 5.185025720641394,
    "Node_4295": 4.250013903049402,
    "Node_4310": 0.8500139030494022,
    "Node_4387": 3.2725375382333857,
    "Node_4400": 2.550013903049402,
    "Node_4624": 93.4172889864677,
    "Node_4654": 5.440025720641394,
    "Node_4665": 0.8500139030494022,
    "Node_4677": 0.8500139030494022,
    "Node_4762": 3.1450257206413936,
    "Node_4814": 2.8900257206413933,
    "Node_4826": 19.040049355825378,
    "Node_4843": 16.20744621837056,
    "Node_4924": 2.550013903049402,
    "Node_4949": 0.8500139030494022,
    "Node_4978": 3.7400375382333855,
    "Node_5003": 4.462525720641394,
    "Node_5084": 2.550013903049402,
    "Node_5186": 6.162537538233386,
    "Node_5200": 3.8675257206413938,
    "Node_5232": 3.7400257206413934,
    "Node_5251": 7.140025720641394,
    "Node_5274": 3.0175257206413932,
    "Node_5300": 3.6316607655945865,
    "Node_5306": 3.400013903049402,
    "Node_5328": 7.480037538233385,
    "Node_5426": 0.8500139030494022,
    "Node_5460": 261.9621485077394,
    "Node_5477": 46.11258480860135,
    "Node_5558": 7.012525720641395,
    "Node_5642": 3.400013903049402,
    "Node_5695": 4.717525720641394,
    "Node_5727": 4.845025720641394,
    "Node_5776": 0.8500139030494022,
    "Node_5879": 2.550013903049402,
    "Node_5896": 2.550013903049402,
    "Node_5918": 1.7000139030494021,
    "Node_6144": 0.8500139030494022,
    "Node_6195": 0.8500139030494022,
    "Node_6220": 1.7000139030494021,
    "Node_6228": 6.309160765594587,
    "Node_6270": 1.7000139030494021,
    "Node_6463": 1.7000139030494021,
    "Node_6522": 7.480049355825378,
    "Node_6556": 6.885025720641393,
    "Node_6567": 1.7000139030494021,
    "Node_6653": 1.5725375382333857,
    "Node_6755": 6.035049355825378,
    "Node_6783": 13.260049355825378,
    "Node_6815": 4.717537538233386,
    "Node_6898": 1.3903049402168878e-05,
    "Node_6967": 8.712537538233384,
    "Node_7021": 5.100013903049402,
    "Node_7032": 1.7000139030494021,
    "Node_7097": 5.950013903049403,
    "Node_7130": 2.2950257206413935,
    "Node_7171": 0.8500139030494022,
    "Node_7176": 2.550013903049402,
    "Node_7231": 0.722525720641394,
    "Node_7468": 3.400013903049402,
    "Node_7563": 8.712537538233386,
    "Node_7565": 0.8500139030494022,
    "Node_7607": 6.035049355825377,
    "Node_7638": 2.550013903049402,
    "Node_7643": 5.567525720641394,
    "Node_7697": 2.550013903049402,
    "Node_7796": 6.757537538233386,
    "Node_7845": 2.550013903049402,
    "Node_7849": 30.260084808601356,
    "Node_7915": 7.650013903049402,
    "Node_7946": 3.0175257206413932,
    "Node_7960": 3.2725257206413936,
    "Node_8042": 9.435037538233386,
    "Node_8109": 1.7000139030494021,
    "Node_8120": 0.8500139030494022,
    "Node_8121": 5.567525720641394,
    "Node_8124": 0.8500139030494022,
    "Node_8233": 10.965037538233384,
    "Node_8239": 9.180025720641392,
    "Node_8333": 0.8500139030494022,
    "Node_8423": 2.550013903049402,
    "Node_8440": 0.8500139030494022,
    "Node_8480": 1.7000139030494021,
    "Node_8489": 10.880037538233385,
    "Node_8539": 11.092549355825376,
    "Node_8548": 4.462537538233386,
    "Node_8562": 6.757537538233386,
    "Node_8575": 1.7000139030494021,
    "Node_8788": 11.220049355825376,
    "Node_8807": 2.4225257206413935,
    "Node_8900": 0.8500139030494022,
    "Node_8981": 4.250025720641394,
    "Node_9074": 0.8500139030494022,
    "Node_9098": 0.8500139030494022,
    "Node_9121": 3.8675257206413938,
    "Node_9155": 3.2725257206413936,
    "Node_9240": 5.567525720641394,
    "Node_9330": 0.8500139030494022,
    "Node_9399": 2.550013903049402,
    "Node_9445": 2.4225257206413935,
    "Node_9503": 1.7000139030494021,
    "Node_9562": 0.8500139030494022,
    "Node_9638": 1.7000139030494021,
    "Node_9744": 5.440025720641394,
    "Node_9857": 5.440025720641394,
    "Node_9929": 1.7000139030494021,
    "Node_10099": 1.3903049402168878e-05,
    "Node_10121": 3.0175257206413932,
    "Node_10135": 5.567525720641394,
    "Node_10149": 2.550013903049402,
    "Node_10185": 6.757537538233386,
    "Node_10275": 2.550013903049402,
    "Node_10338": 4.462525720641394,
    "Node_10354": 1.7000139030494021,
    "Node_10387": 2.550013903049402,
    "Node_10407": 6.417525720641394,
    "Node_10425": 2.550013903049402,
    "Node_10428": 0.8500139030494022,
    "Node_10544": 1.7000139030494021,
    "Node_10601": 2.550013903049402,
    "Node_10637": 4.250025720641394,
    "Node_10666": 2.550013903049402,
    "Node_10685": 4.845025720641394,
    "Node_10725": 2.550013903049402
}