{
    "Node_150": 6.162525720641394,
    "Node_159": 0.8500139030494022,
    "Node_184": 2.550013903049402,
    "Node_200": 4.717525720641394,
    "Node_208": 0.8500139030494022,
    "Node_274": 3.400013903049402,
    "Node_310": 0.8500139030494022,
    "Node_339": 3.400013903049402,
    "Node_361": 11.007561173417368,
    "Node_480": 22.780037538233387,
    "Node_720": 8.330025720641393,
    "Node_833": 1.7000139030494021,
    "Node_881": 49.654922583186575,
    "Node_922": 3.8675257206413938,
    "Node_948": 3.400013903049402,
    "Node_965": 1.7000139030494021,
    "Node_977": 2.550013903049402,
    "Node_1012": 3.612537538233385,
    "Node_1019": 0.8500139030494022,
    "Node_1057": 3.8675257206413938,
    "Node_1083": 11.003309400778571,
    "Node_1104": 3.400013903049402,
    "Node_1120": 1.3903049402168878e-05,
    "Node_1126": 2.550013903049402,
    "Node_1201": 2.550013903049402,
    "Node_1226": 2.550013903049402,
    "Node_1354": 2.550013903049402,
    "Node_1368": 2.550013903049402,
    "Node_1391": 2.2950257206413935,
    "Node_1392": 3.1450257206413936,
    "Node_1398": 27.45506117341737,
    "Node_1403": 1.7000139030494021,
    "Node_1405": 1.7000139030494021,
    "Node_1463": 7.607525720641394,
    "Node_1498": 2.1675257206413936,
    "Node_1513": 4.250013903049402,
    "Node_1598": 0.8500139030494022,
    "Node_1680": 3.867537538233385,
    "Node_1682": 2.2950257206413935,
    "Node_1761": 8.925025720641393,
    "Node_1817": 0.8500139030494022,
    "Node_1820": 0.8500139030494022,
    "Node_2009": 3.9950375382333854,
    "Node_2086": 3.0175257206413932,
    "Node_2117": 1.7000139030494021,
    "Node_2119": 4.250013903049402,
    "Node_2228": 2.550013903049402,
    "Node_2231": 3.400013903049402,
    "Node_2367": 8.925025720641393,
    "Node_2377": 3.2725257206413936,
    "Node_2444": 2.550013903049402,
    "Node_2466": 12.79256117341737,
    "Node_2484": 0.8500139030494022,
    "Node_2490": 2.550013903049402,
    "Node_2571": 9.230312371396792,
    "Node_2634": 18.36007299100936,
    "Node_2670": 3.7400375382333846,
    "Node_2753": 1.3903049402168878e-05,
    "Node_2830": 0.8500139030494022,
    "Node_2845": 6.162525720641394,
    "Node_2882": 4.462525720641394,
    "Node_2907": 0.8500139030494022,
    "Node_2927": 90.88636671609974,
    "Node_3009": 10.667525720641393,
    "Node_3030": 4.5900257206413935,
    "Node_3040": 4.250013903049402,
    "Node_3048": 8.330061173417368,
    "Node_3069": 26.549831263323757,
    "Node_3115": 49.682630306330516,
    "Node_3211": 3.400013903049402,
    "Node_3230": 1.7000139030494021,
    "Node_3297": 4.5900257206413935,
    "Node_3318": 3.995025720641394,
    "Node_3380": 1.3903049402168878e-05,
    "Node_3413": 3.995025720641394,
    "Node_3417": 0.8500139030494022,
    "Node_3541": 99.24480952596393,
    "Node_3788": 1.3903049402168878e-05,
    "Node_3820": 0.8500139030494022,
    "Node_3825": 10.795025720641393,
    "Node_3860": 1.7000139030494021,
    "Node_3861": 2.4225257206413935,
    "Node_3868": 0.8500139030494022,
    "Node_3882": 5.185037538233386,
    "Node_3917": 0.8500139030494022,
    "Node_3944": 1.7000139030494021,
    "Node_3990": 61.55079075910648,
    "Node_3997": 4.250013903049402,
    "Node_4152": 11.092525720641392,
    "Node_4264": 3.7400257206413934,
    "Node_4274": 1.7000139030494021,
    "Node_4312": 4.717525720641394,
    "Node_4319": 3.995025720641394,
    "Node_4433": 0.8500139030494022,
    "Node_4465": 4.250013903049402,
    "Node_4467": 49.565753533691726,
    "Node_4493": 6.417537538233386,
    "Node_4553": 0.8500139030494022,
    "Node_4655": 3.400013903049402,
    "Node_4761": 4.250013903049402,
    "Node_4766": 28.602561173417367,
    "Node_4769": 2.550013903049402,
    "Node_4778": 3.287410765594587,
    "Node_4791": 51.258877842015,
    "Node_4803": 0.8500139030494022,
    "Node_4824": 0.8500139030494022,
    "Node_4864": 1.7000139030494021,
    "Node_5039": 7.267525720641394,
    "Node_5058": 7.990025720641394,
    "Node_5092": 0.8500139030494022,
    "Node_5177": 1.7000139030494021,
    "Node_5210": 3.400013903049402,
    "Node_5227": 61.1576557141533,
    "Node_5257": 4.590037538233386,
    "Node_5277": 3.0175257206413932,
    "Node_5331": 1.7000139030494021,
    "Node_5363": 11.277422583186578,
    "Node_5501": 2.1675257206413936,
    "Node_5564": 22.82256117341737,
    "Node_5565": 4.717537538233385,
    "Node_5582": 2.550013903049402,
    "Node_5660": 1.5725257206413938,
    "Node_5744": 2.550013903049402,
    "Node_5758": 2.550013903049402,
    "Node_5762": 23.97006117341737,
    "Node_5806": 1.7000139030494021,
    "Node_5807": 1.3903049402168878e-05,
    "Node_5811": 560.6942949450827,
    "Node_5853": 4.462525720641394,
    "Node_5908": 72.03973994346094,
    "Node_5923": 5.100013903049402,
    "Node_6003": 8.925025720641393,
    "Node_6047": 22.31253753823339,
    "Node_6048": 0.8500139030494022,
    "Node_6101": 3.0175257206413932,
    "Node_6137": 6.757537538233386,
    "Node_6204": 4.250013903049402,
    "Node_6232": 1.7000139030494021,
    "Node_6291": 1.7000139030494021,
    "Node_6422": 3.0175257206413932,
    "Node_6493": 16.022537538233383,
    "Node_6495": 13.982537538233384,
    "Node_6512": 1.3903049402168878e-05,
    "Node_6532": 1.7000139030494021,
    "Node_6537": 5.567525720641394,
    "Node_6553": 5.3125257206413945,
    "Node_6574": 6.757549355825378,
    "Node_6613": 6.035037538233386,
    "Node_6632": 0.8500139030494022,
    "Node_6677": 1.7000139030494021,
    "Node_6846": 1.5725257206413938,
    "Node_6854": 2.550013903049402,
    "Node_7013": 3.523304348757993,
    "Node_7030": 11.007537538233384,
    "Node_7104": 3.867537538233385,
    "Node_7113": 3.995025720641394,
    "Node_7205": 3.1450257206413936,
    "Node_7229": 3.7400375382333846,
    "Node_7268": 1.7000139030494021,
    "Node_7344": 1.7000139030494021,
    "Node_7385": 1.7000139030494021,
    "Node_7388": 1.5725257206413938,
    "Node_7401": 1.5725257206413938,
    "Node_7576": 1.7000139030494021,
    "Node_7605": 2.550013903049402,
    "Node_7614": 2.550013903049402,
    "Node_7616": 4.717525720641394,
    "Node_7698": 4.250025720641394,
    "Node_7722": 1.7000139030494021,
    "Node_7742": 1.7000257206413938,
    "Node_7764": 5.440025720641394,
    "Node_7846": 1.7000139030494021,
    "Node_7877": 0.850025720641394,
    "Node_7944": 3.7400257206413934,
    "Node_7982": 0.8500139030494022,
    "Node_7998": 68.46756117341738,
    "Node_8004": 5.440025720641394,
    "Node_8052": 8.349172583186578,
    "Node_8067": 3.1450475831865785,
    "Node_8104": 2.4225257206413935,
    "Node_8119": 4.122525720641394,
    "Node_8142": 0.8500139030494022,
    "Node_8180": 6.885025720641393,
    "Node_8197": 3.400013903049402,
    "Node_8227": 4.5900257206413935,
    "Node_8248": 6.800013903049402,
    "Node_8273": 10.880037538233385,
    "Node_8329": 0.8500139030494022,
    "Node_8335": 2.550013903049402,
    "Node_8401": 8.043182628139771,
    "Node_8549": 3.400013903049402,
    "Node_8550": 4.968285765594588,
    "Node_8580": 0.8500139030494022,
    "Node_8605": 7.352537538233387,
    "Node_8703": 3.2725257206413936,
    "Node_8778": 12.135823098757992,
    "Node_8803": 57.35167258318657,
    "Node_8844": 4.859910765594587,
    "Node_8889": 1.7000139030494021,
    "Node_8918": 3.400013903049402,
    "Node_8921": 3.995025720641394,
    "Node_8948": 1.7000139030494021,
    "Node_8949": 4.717537538233385,
    "Node_9066": 6.417537538233386,
    "Node_9089": 3.400013903049402,
    "Node_9181": 9.562525720641394,
    "Node_9202": 3.995025720641394,
    "Node_9230": 0.8500139030494022,
    "Node_9250": 4.250013903049402,
    "Node_9342": 11.857537538233384,
    "Node_9434": 1.7000139030494021,
    "Node_9451": 10.880049355825376,
    "Node_9475": 3.7400257206413934,
    "Node_9480": 1.5725257206413938,
    "Node_9614": 1.3903049402168878e-05,
    "Node_9635": 8.436285765594585,
    "Node_9713": 51.34003753823338,
    "Node_9780": 6.502549355825377,