{
    "Node_35": 3.400013903049402,
    "Node_85": 1.7000139030494021,
    "Node_128": 22.10006117341737,
    "Node_139": 25.425719853554547,
    "Node_168": 0.8500139030494022,
    "Node_314": 28.51757299100936,
    "Node_340": 1.3903049402168878e-05,
    "Node_429": 14.705025720641391,
    "Node_485": 3.400025720641394,
    "Node_497": 28.18610135323014,
    "Node_499": 2.4225257206413935,
    "Node_509": 2.550013903049402,
    "Node_692": 1.3903049402168878e-05,
    "Node_694": 8.925037538233385,
    "Node_768": 0.8500139030494022,
    "Node_822": 3.0175257206413932,
    "Node_867": 10.880049355825378,
    "Node_874": 3.1450257206413936,
    "Node_895": 1.445025720641394,
    "Node_1048": 340.8251833696356,
    "Node_1131": 1.7000139030494021,
    "Node_1173": 1.7000139030494021,
    "Node_1221": 1.7000139030494021,
    "Node_1241": 1.7000139030494021,
    "Node_1255": 5.312537538233386,
    "Node_1289": 3.1450257206413936,
    "Node_1320": 1.7000139030494021,
    "Node_1353": 65.66256117341736,
    "Node_1510": 1.7000139030494021,
    "Node_1517": 5.365660765594588,
    "Node_1520": 1.464160765594587,
    "Node_1543": 23.88503753823339,
    "Node_1572": 3.400013903049402,
    "Node_1584": 3.400013903049402,
    "Node_1690": 61.748408668551285,
    "Node_1691": 0.8500139030494022,
    "Node_1765": 2.2950257206413935,
    "Node_1778": 17.382537538233386,
    "Node_1959": 1.7000139030494021,
    "Node_2073": 0.8500139030494022,
    "Node_2094": 4.462525720641394,
    "Node_2111": 13.345025720641393,
    "Node_2173": 1.7000139030494021,
    "Node_2195": 8.967525720641394,
    "Node_2201": 1.7000139030494021,
    "Node_2229": 3.2725257206413936,
    "Node_2273": 17.51006117341737,
    "Node_2274": 0.8500139030494022,
    "Node_2327": 2.550013903049402,
    "Node_2391": 36.904922583186575,
    "Node_2398": 38.790723688479005,
    "Node_2438": 6.290025720641394,
    "Node_2555": 0.722525720641394,
    "Node_2645": 3.1450257206413936,
    "Node_2678": 2.550013903049402,
    "Node_2766": 3.400013903049402,
    "Node_2837": 8.202537538233386,
    "Node_2843": 5.440025720641394,
    "Node_3247": 1.7000139030494021,
    "Node_3349": 2.550013903049402,
    "Node_3486": 2.564922583186578,
    "Node_3537": 1.5725257206413938,
    "Node_3618": 14.634946218370562,
    "Node_3662": 4.5900257206413935,
    "Node_3708": 6.630025720641394,
    "Node_3739": 137.08186166465842,
    "Node_3779": 4.717525720641394,
    "Node_3878": 2.550013903049402,
    "Node_3903": 4.462525720641394,
    "Node_4028": 4.717525720641394,
    "Node_4031": 0.8500139030494022,
    "Node_4084": 8.585037538233385,
    "Node_4151": 4.122525720641394,
    "Node_4200": 3.995025720641394,
    "Node_4215": 20.06004935582538,
    "Node_4228": 3.995025720641394,
    "Node_4396": 3.8675257206413938,
    "Node_4411": 0.8500139030494022,
    "Node_4412": 6.885025720641393,
    "Node_4695": 12.962525720641395,
    "Node_4727": 1.7000139030494021,
    "Node_4771": 38.70909485355455,
    "Node_4842": 3.8675257206413938,
    "Node_4958": 5.440037538233385,
    "Node_4980": 9.902525720641393,
    "Node_5051": 14.237537538233383,
    "Node_5094": 2.550013903049402,
    "Node_5100": 23.29006117341737,
    "Node_5174": 1.5725257206413938,
    "Node_5205": 0.8500139030494022,
    "Node_5212": 0.8500139030494022,
    "Node_5246": 3.400013903049402,
    "Node_5385": 14.290682628139768,
    "Node_5425": 0.8500139030494022,
    "Node_5580": 4.845025720641394,
    "Node_5711": 5.567525720641394,
    "Node_5720": 1.3903049402168878e-05,
    "Node_5733": 0.8500139030494022,
    "Node_5910": 4.462537538233386,
    "Node_5914": 21.305849188988788,
    "Node_5964": 1.7000139030494021,
    "Node_6098": 1.7000139030494021,
    "Node_6102": 1.7000139030494021,
    "Node_6174": 18.317537538233385,
    "Node_6186": 2.550013903049402,
    "Node_6201": 24.905072991009362,
    "Node_6205": 14.875049355825377,
    "Node_6224": 2.550013903049402,
    "Node_6293": 1.7000139030494021,
    "Node_6379": 9.690037538233383,
    "Node_6392": 1.7000139030494021,
    "Node_6417": 3.8675257206413938,
    "Node_6465": 1.7000139030494021,
    "Node_6470": 0.8500139030494022,
    "Node_6586": 2.550013903049402,
    "Node_6635": 0.8500139030494022,
    "Node_6643": 2.550013903049402,
    "Node_6656": 1.7000139030494021,
    "Node_6659": 1.7000139030494021,
    "Node_6675": 6.757537538233386,
    "Node_6703": 2.550013903049402,
    "Node_6709": 3.1450257206413936,
    "Node_6777": 9.090797583186578,
    "Node_6993": 1.3903049402168878e-05,
    "Node_7014": 31.49257299100936,
    "Node_7056": 1.5725257206413938,
    "Node_7077": 55.63253753823338,
    "Node_7088": 5.057537538233386,
    "Node_7199": 1.445025720641394,
    "Node_7243": 2.550013903049402,
    "Node_7298": 1.7000139030494021,
    "Node_7378": 20.485065900454167,
    "Node_7383": 2.550013903049402,
    "Node_7447": 63.548300804059686,
    "Node_7483": 3.400013903049402,
    "Node_7497": 1.7000139030494021,
    "Node_7546": 4.462525720641394,
    "Node_7560": 19.210049355825376,
    "Node_7604": 0.8500139030494022,
    "Node_7620": 7.518285765594588,
    "Node_7652": 1.7000139030494021,
    "Node_7844": 43.435072991009356,
    "Node_7875": 34.59086848873853,
    "Node_8127": 4.845025720641394,
    "Node_8159": 5.312537538233386,
    "Node_8181": 3.1450257206413936,
    "Node_8215": 6.417525720641394,
    "Node_8226": 0.8500139030494022,
    "Node_8382": 0.8500139030494022,
    "Node_8399": 3.7400257206413934,
    "Node_8533": 21.20753753823339,
    "Node_8571": 1.7000139030494021,
    "Node_8600": 1.7000139030494021,
    "Node_8655": 10.412525720641394,
    "Node_8678": 7.522525720641394,
    "Node_8759": 18.12418440077857,
    "Node_8805": 7.735037538233386,
    "Node_8814": 0.8500139030494022,
    "Node_8932": 17.765061173417372,
    "Node_9100": 4.5900257206413935,
    "Node_9132": 0.8500139030494022,
    "Node_9171": 5.493160765594587,
    "Node_9195": 12.665025720641394,
    "Node_9196": 0.8500139030494022,
    "Node_9216": 8.117525720641392,
    "Node_9291": 13.260025720641393,
    "Node_9333": 3.1450257206413936,
    "Node_9334": 5.567525720641394,
    "Node_9366": 11.942549355825378,
    "Node_9422": 2.1675257206413936,
    "Node_9425": 0.8500139030494022,
    "Node_9511": 1.3903049402168878e-05,
    "Node_9516": 3.8675257206413938,
    "Node_9643": 8.330049355825377,
    "Node_9690": 1.3903049402168878e-05,
    "Node_9737": 26.860084808601354,
    "Node_9746": 5.950013903049403,
    "Node_9754": 4.462525720641394,
    "Node_9791": 5.440025720641394,
    "Node_9807": 3.1450257206413936,
    "Node_9845": 2.2950257206413935,
    "Node_9851": 1.7000139030494021,
    "Node_9853": 1.7000139030494021,
    "Node_9955": 3.1450257206413936,
    "Node_10013": 6.035025720641394,
    "Node_10089": 2.2950257206413935,
    "Node_10233": 1.7000139030494021,
    "Node_10241": 2.550013903049402,
    "Node_10362": 0.8500139030494022,
    "Node_10384": 5.3125257206413945,
    "Node_10439": 4.717525720641394,
    "Node_10507": 1.7000139030494021,
    "Node_10539": 4.250013903049402,
    "Node_10709": 3.995025720641394,
    "Node_10747": 65.00173167114654
}