{
    "Node_19": 5.3125257206413945,
    "Node_34": 1.7000139030494021,
    "Node_57": 11.489946218370562,
    "Node_95": 2.550013903049402,
    "Node_103": 42.21532771804615,
    "Node_108": 4.335049355825378,
    "Node_147": 48.32254935582537,
    "Node_151": 14.79643262813977,
    "Node_197": 2.550013903049402,
    "Node_223": 8.585025720641392,
    "Node_226": 3.7400257206413934,
    "Node_378": 22.610049355825375,
    "Node_400": 3.8675257206413938,
    "Node_430": 3.995025720641394,
    "Node_436": 9.307537538233385,
    "Node_461": 3.8675257206413938,
    "Node_596": 1.3903049402168878e-05,
    "Node_622": 3.400013903049402,
    "Node_728": 23.29003753823339,
    "Node_804": 2.2950257206413935,
    "Node_840": 3.867537538233386,
    "Node_848": 0.8500139030494022,
    "Node_851": 1.7000139030494021,
    "Node_953": 0.8500139030494022,
    "Node_966": 3.1450257206413936,
    "Node_973": 4.122537538233386,
    "Node_1025": 3.995025720641394,
    "Node_1049": 70.08263207896931,
    "Node_1050": 11.942537538233385,
    "Node_1067": 56.871515351283705,
    "Node_1089": 2.550013903049402,
    "Node_1107": 3.995025720641394,
    "Node_1112": 12.452549355825376,
    "Node_1165": 5.9075375382333855,
    "Node_1299": 3.2725257206413936,
    "Node_1322": 1.7000139030494021,
    "Node_1373": 7.522525720641394,
    "Node_1394": 1.3903049402168878e-05,
    "Node_1453": 4.5900257206413935,
    "Node_1459": 7.140037538233385,
    "Node_1516": 37.060096626193335,
    "Node_1600": 5.9075375382333855,
    "Node_1609": 1.5725257206413938,
    "Node_1683": 0.8500139030494022,
    "Node_1695": 4.250013903049402,
    "Node_1699": 1.7000139030494021,
    "Node_1712": 2.2950257206413935,
    "Node_1722": 8.330037538233384,
    "Node_1760": 4.250013903049402,
    "Node_1810": 1.7000139030494021,
    "Node_1840": 3.400013903049402,
    "Node_1975": 1.7000139030494021,
    "Node_2010": 6.757525720641395,
    "Node_2024": 1.7000257206413938,
    "Node_2059": 2.9091607655945864,
    "Node_2118": 11.857537538233384,
    "Node_2253": 1.445025720641394,
    "Node_2293": 2.2950257206413935,
    "Node_2345": 4.717525720641394,
    "Node_2369": 2.550013903049402,
    "Node_2370": 2.4225257206413935,
    "Node_2385": 4.250013903049402,
    "Node_2402": 32.76452890733617,
    "Node_2416": 6.035037538233385,
    "Node_2529": 1.7000139030494021,
    "Node_2594": 0.8500139030494022,
    "Node_2614": 10.639922583186577,
    "Node_2656": 1.7000139030494021,
    "Node_2661": 4.122525720641394,
    "Node_2691": 1.7000139030494021,
    "Node_2710": 7.735049355825377,
    "Node_2722": 1.7000139030494021,
    "Node_2740": 9.945025720641393,
    "Node_2777": 4.250013903049402,
    "Node_2798": 2.1675257206413936,
    "Node_2809": 11.347537538233386,
    "Node_2914": 10.986285765594586,
    "Node_3032": 1.445025720641394,
    "Node_3099": 4.717525720641394,
    "Node_3223": 3.400013903049402,
    "Node_3237": 5.100013903049402,
    "Node_3261": 1.7000139030494021,
    "Node_3312": 1.7000139030494021,
    "Node_3339": 2.550013903049402,
    "Node_3384": 2.550013903049402,
    "Node_3456": 4.5900257206413935,
    "Node_3473": 4.250013903049402,
    "Node_3599": 6.885025720641393,
    "Node_3709": 1.7000139030494021,
    "Node_3766": 4.717525720641394,
    "Node_3850": 3.995025720641394,
    "Node_3859": 0.8500139030494022,
    "Node_3978": 0.8500139030494022,
    "Node_4009": 3.400013903049402,
    "Node_4138": 1.3903049402168878e-05,
    "Node_4149": 3.7400257206413934,
    "Node_4171": 1.7000139030494021,
    "Node_4190": 3.995025720641394,
    "Node_4335": 4.122525720641394,
    "Node_4378": 5.440025720641394,
    "Node_4398": 1.7000139030494021,
    "Node_4405": 0.8500139030494022,
    "Node_4441": 3.400013903049402,
    "Node_4445": 3.1450375382333857,
    "Node_4489": 1.7000139030494021,
    "Node_4509": 10.771672583186577,
    "Node_4530": 3.995025720641394,
    "Node_4546": 2.5500257206413934,
    "Node_4571": 0.8500139030494022,
    "Node_4595": 2.4225257206413935,
    "Node_4897": 4.462537538233386,
    "Node_4902": 1.7000139030494021,
    "Node_4913": 11.220037538233385,
    "Node_4934": 2.550013903049402,
    "Node_4969": 2.550013903049402,
    "Node_4977": 2.4225257206413935,
    "Node_5020": 3.2725257206413936,
    "Node_5037": 200.17079758318656,
    "Node_5070": 6.035025720641394,
    "Node_5136": 3.2725257206413936,
    "Node_5162": 1.7000257206413938,
    "Node_5229": 2.550013903049402,
    "Node_5255": 3.400013903049402,
    "Node_5269": 1.5725257206413938,
    "Node_5407": 3.1450257206413936,
    "Node_5556": 0.8500139030494022,
    "Node_5691": 47.43009662619334,
    "Node_5707": 6.290025720641394,
    "Node_5779": 1.3903049402168878e-05,
    "Node_5837": 9.435025720641391,
    "Node_5886": 15.342537538233385,
    "Node_6074": 0.8500139030494022,
    "Node_6178": 1.7000139030494021,
    "Node_6253": 0.8500139030494022,
    "Node_6257": 149.85316543470202,
    "Node_6267": 11.220037538233386,
    "Node_6322": 3.8675257206413938,
    "Node_6336": 3.400013903049402,
    "Node_6431": 1.7000139030494021,
    "Node_6444": 1.5725257206413938,
    "Node_6599": 687.9720848925988,
    "Node_6679": 1.7000139030494021,
    "Node_6694": 9.052525720641393,
    "Node_6721": 4.250025720641394,
    "Node_6773": 434.9604608745017,
    "Node_6830": 4.845025720641394,
    "Node_6890": 1.5725257206413938,
    "Node_6899": 3.400013903049402,
    "Node_6932": 3.400013903049402,
    "Node_6995": 17.000025720641396,
    "Node_6999": 53.26742258318657,
    "Node_7078": 8.202537538233386,
    "Node_7150": 0.8500139030494022,
    "Node_7223": 1.3903049402168878e-05,
    "Node_7232": 1.7000139030494021,
    "Node_7253": 3.8675257206413938,
    "Node_7273": 78.5040289415145,
    "Node_7364": 1.3903049402168878e-05,
    "Node_7373": 3.7400257206413934,
    "Node_7434": 2.4225257206413935,
    "Node_7501": 0.8500139030494022,
    "Node_7570": 0.8500139030494022,
    "Node_7580": 6.417537538233385,
    "Node_7629": 1.3903049402168878e-05,
    "Node_7653": 0.850025720641394,
    "Node_7656": 3.400013903049402,
    "Node_7704": 1.3903049402168878e-05,
    "Node_7757": 0.8500139030494022,
    "Node_7787": 7.607525720641394,
    "Node_7903": 5.822525720641394,
    "Node_7927": 5.440037538233386,
    "Node_7994": 49.190801951640545,
    "Node_8035": 2.550013903049402,
    "Node_8044": 5.185025720641394,
    "Node_8075": 3.400013903049402,
    "Node_8096": 27.200084808601353,
    "Node_8138": 6.06904581054778,
    "Node_8203": 3.1450257206413936,
    "Node_8209": 3.6507857655945863,
    "Node_8225": 3.995025720641394,
    "Node_8231": 0.8500139030494022,
    "Node_8323": 7.571410765594588,
    "Node_8384": 3.8675257206413938,
    "Node_8491": 13.175049355825378,
    "Node_8503": 3.1450257206413936,
    "Node_8525": 4.250013903049402,
    "Node_8535": 4.122525720641394,
    "Node_8596": 6.757525720641395,
    "Node_8627": 2.550013903049402,
    "Node_8646": 3.8675257206413938,
    "Node_8697": 1.7000139030494021,
    "Node_8756": 2.2950257206413935,
    "Node_8769": 4.717525720641394,
    "Node_8780": 1.3903049402168878e-05,
    "Node_8846": 0.8500139030494022,
    "Node_9040": 4.5900257206413935,
    "Node_9061": 8.925025720641393,
    "Node_9103": 39.015061173417365,
    "Node_9111": 4.717525720641394,
    "Node_9199": 1.7000139030494021,
    "Node_9280": 6.290025720641394,
    "Node_9301": 1.445025720641394,
    "Node_9354": 1.7000139030494021,
    "Node_9357": 3.0175257206413932,
    "Node_9428": 0.8500139030494022,
    "Node_9501": 4.972525720641394,
    "Node_9515": 5.3125257206413945,
    "Node_9517": 0.8500139030494022,
    "Node_9550": 2.2950257206413935,
    "Node_9569": 6.162537538233386,
    "Node_9603": 12.707537538233385,
    "Node_9647": 12.792525720641391,
    "Node_9684": 0.8500139030494022,
    "Node_9796": 0.8500139030494022,
    "Node_9830": 8.585037538233385,
    "Node_9885": 8.689172583186577,
    "Node_10075": 1.7000139030494021,
    "Node_10081": 1.7000139030494021,