{
    "Node_26": 1.7000139030494021,
    "Node_40": 1.7000139030494021,
    "Node_69": 5.100013903049402,
    "Node_118": 19.21006117341737,
    "Node_251": 23.970037538233385,
    "Node_275": 0.8500139030494022,
    "Node_390": 4.462525720641394,
    "Node_392": 1.7000139030494021,
    "Node_576": 1.7000139030494021,
    "Node_619": 5.440037538233386,
    "Node_660": 14.407525720641393,
    "Node_671": 8.330025720641393,
    "Node_689": 4.5900257206413935,
    "Node_690": 2.4225257206413935,
    "Node_861": 3.400013903049402,
    "Node_903": 2.550013903049402,
    "Node_937": 3.7400257206413934,
    "Node_984": 0.8500139030494022,
    "Node_1008": 23.54508480860135,
    "Node_1055": 2.550013903049402,
    "Node_1069": 2.550013903049402,
    "Node_1075": 13.472525720641393,
    "Node_1084": 6.649172583186579,
    "Node_1091": 1.7000139030494021,
    "Node_1174": 2.1675257206413936,
    "Node_1249": 2.550013903049402,
    "Node_1283": 0.722525720641394,
    "Node_1326": 12.580025720641393,
    "Node_1413": 7.140025720641394,
    "Node_1471": 1.7000139030494021,
    "Node_1548": 0.8500139030494022,
    "Node_1561": 3.400025720641393,
    "Node_1665": 4.845025720641394,
    "Node_1694": 22.312525720641396,
    "Node_1799": 6.035037538233386,
    "Node_1812": 10.370049355825376,
    "Node_1813": 0.8500139030494022,
    "Node_1849": 6.757525720641395,
    "Node_1880": 0.8500139030494022,
    "Node_1909": 2.550013903049402,
    "Node_1927": 0.8500139030494022,
    "Node_1930": 6.162525720641394,
    "Node_1964": 2.550013903049402,
    "Node_2088": 6.162525720641394,
    "Node_2104": 5.567525720641394,
    "Node_2214": 3.400013903049402,
    "Node_2411": 94.24190893502643,
    "Node_2458": 6.885025720641393,
    "Node_2461": 2.2950257206413935,
    "Node_2474": 47.770142123922504,
    "Node_2544": 9.902537538233386,
    "Node_2623": 2.4225257206413935,
    "Node_2651": 1.7000139030494021,
    "Node_2659": 3.2725257206413936,
    "Node_2686": 3.400013903049402,
    "Node_2695": 0.722525720641394,
    "Node_2699": 1.7000139030494021,
    "Node_2772": 4.2500257206413945,
    "Node_2854": 2.550013903049402,
    "Node_2878": 1.7000139030494021,
    "Node_3090": 0.8500139030494022,
    "Node_3108": 0.8500139030494022,
    "Node_3114": 6.162537538233386,
    "Node_3195": 2.2950257206413935,
    "Node_3218": 1.572537538233386,
    "Node_3219": 55.46253753823338,
    "Node_3229": 2.550013903049402,
    "Node_3232": 10.115037538233384,
    "Node_3236": 8.113297583186577,
    "Node_3393": 8.117525720641392,
    "Node_3458": 50.70258480860135,
    "Node_3507": 8.585025720641392,
    "Node_3516": 2.550013903049402,
    "Node_3610": 2.550013903049402,
    "Node_3648": 8.925061173417369,
    "Node_3684": 2.550013903049402,
    "Node_3715": 3.400013903049402,
    "Node_3718": 23.41756117341737,
    "Node_3780": 4.590037538233386,
    "Node_3791": 3.995025720641394,
    "Node_3815": 10.412537538233384,
    "Node_3871": 4.717525720641394,
    "Node_3880": 39.72909485355454,
    "Node_3945": 5.185049355825377,
    "Node_4012": 6.035025720641394,
    "Node_4053": 1.7000139030494021,
    "Node_4114": 54.44252572064139,
    "Node_4144": 3.400013903049402,
    "Node_4156": 2.550013903049402,
    "Node_4172": 4.5900257206413935,
    "Node_4238": 1.7000139030494021,
    "Node_4286": 14.870809400778569,
    "Node_4287": 2.8900257206413933,
    "Node_4357": 2.550013903049402,
    "Node_4364": 7.537422583186578,
    "Node_4435": 6.800013903049402,
    "Node_4459": 1.7000139030494021,
    "Node_4484": 5.440037538233386,
    "Node_4598": 1.3903049402168878e-05,
    "Node_4599": 0.8500139030494022,
    "Node_4620": 0.722525720641394,
    "Node_4623": 1.5725257206413938,
    "Node_4699": 0.8500139030494022,
    "Node_4706": 5.185037538233386,
    "Node_4719": 2.550013903049402,
    "Node_4744": 15.13007299100936,
    "Node_4812": 0.8500139030494022,
    "Node_4827": 0.8500139030494022,
    "Node_4876": 7.225061173417369,
    "Node_5017": 2.550013903049402,
    "Node_5019": 37.485061173417364,
    "Node_5024": 2.550013903049402,
    "Node_5072": 17.127549355825376,
    "Node_5248": 1.7000139030494021,
    "Node_5475": 3.1450257206413936,
    "Node_5489": 2.550013903049402,
    "Node_5513": 5.312537538233387,
    "Node_5542": 1.7000139030494021,
    "Node_5641": 6.162537538233386,
    "Node_5650": 3.400013903049402,
    "Node_5666": 68.69925530633051,
    "Node_5680": 12.325049355825376,
    "Node_5682": 2.550013903049402,
    "Node_5781": 15.852537538233385,
    "Node_5795": 1.3903049402168878e-05,
    "Node_5848": 1.7000139030494021,
    "Node_5864": 1.7000139030494021,
    "Node_5977": 1.7000139030494021,
    "Node_5979": 0.8500139030494022,
    "Node_6111": 2.550025720641394,
    "Node_6152": 1.7000139030494021,
    "Node_6183": 0.8500139030494022,
    "Node_6235": 3.7400375382333846,
    "Node_6248": 6.885025720641393,
    "Node_6281": 6.630025720641394,
    "Node_6298": 8.330037538233384,
    "Node_6380": 3.995025720641394,
    "Node_6446": 1.3903049402168878e-05,
    "Node_6513": 0.8500139030494022,
    "Node_6646": 10.285025720641393,
    "Node_6663": 3.400013903049402,
    "Node_6690": 8.330025720641393,
    "Node_6696": 18.644797583186577,
    "Node_6739": 7.320660765594587,
    "Node_6781": 9.647537538233385,
    "Node_6796": 13.175049355825376,
    "Node_6797": 16.702549355825376,
    "Node_6798": 0.8500139030494022,
    "Node_6821": 73.22754935582537,
    "Node_6879": 3.1450257206413936,
    "Node_6905": 21.547549355825378,
    "Node_6912": 10.625049355825377,
    "Node_6954": 6.035025720641394,
    "Node_6981": 9.350025720641392,
    "Node_7026": 1.3903049402168878e-05,
    "Node_7087": 0.8500139030494022,
    "Node_7159": 2.550013903049402,
    "Node_7182": 2.4225257206413935,
    "Node_7192": 0.8500139030494022,
    "Node_7283": 16.745025720641394,
    "Node_7345": 1.7000139030494021,
    "Node_7502": 5.100013903049402,
    "Node_7587": 8.797525720641392,
    "Node_7602": 1.7000139030494021,
    "Node_7641": 3.7400375382333855,
    "Node_7686": 0.8500139030494022,
    "Node_7769": 16.95756117341737,
    "Node_7785": 12.707549355825376,
    "Node_7801": 3.400013903049402,
    "Node_7815": 4.590037538233386,
    "Node_7895": 1.3903049402168878e-05,
    "Node_7970": 0.8500139030494022,
    "Node_7996": 5.950025720641395,
    "Node_8038": 2.550013903049402,
    "Node_8242": 7.896559400778569,
    "Node_8294": 5.100013903049402,
    "Node_8345": 18.87006117341737,
    "Node_8352": 7.607537538233386,
    "Node_8375": 0.8500139030494022,
    "Node_8397": 4.5900257206413935,
    "Node_8400": 3.0175257206413932,
    "Node_8451": 0.8500139030494022,
    "Node_8471": 8.967537538233385,
    "Node_8567": 49.69317081054777,
    "Node_8585": 3.995025720641394,
    "Node_8660": 1.7000139030494021,
    "Node_8694": 0.8500139030494022,
    "Node_8821": 28.815049355825376,
    "Node_8848": 1.3903049402168878e-05,
    "Node_9038": 23.722769936393547,
    "Node_9077": 6.757537538233386,
    "Node_9080": 10.752537538233385,
    "Node_9104": 3.400013903049402,
    "Node_9133": 1.7000139030494021,
    "Node_9247": 3.612525720641394,
    "Node_9358": 2.550013903049402,
    "Node_9382": 10.242537538233384,
    "Node_9394": 3.400013903049402,
    "Node_9405": 13.047537538233385,
    "Node_9447": 1.5725257206413938,
    "Node_9449": 5.567525720641394,
    "Node_9529": 9.307549355825378,
    "Node_9591": 9.052549355825377,
    "Node_9664": 2.550013903049402,
    "Node_9757": 13.642549355825377,
    "Node_9774": 7.877410765594588,
    "Node_9793": 21.16506117341737,
    "Node_9835": 1.7000139030494021,
    "Node_9902": 4.250025720641394,
    "Node_9905": 4.250025720641394,
    "Node_9922": 6.417525720641394,
    "Node_10117": 9.775025720641393,
    "Node_10198": 0.8500139030494022,
    "Node_10244": 2.1675375382333852,
    "Node_10249": 12.835025720641392,
    "Node_10310": 6.035025720641394,
    "Node_10349": 3.400013903049402,
    "Node_10375": 2.550013903049402,
    "Node_10448": 54.145084808601354,