{
    "Node_77": 9.647549355825376,
    "Node_202": 2.550013903049402,
    "Node_225": 1.3903049402168878e-05,
    "Node_278": 12.537549355825377,
    "Node_323": 0.8500139030494022,
    "Node_364": 0.8500139030494022,
    "Node_367": 2.2950257206413935,
    "Node_380": 1.7000139030494021,
    "Node_385": 3.1450257206413936,
    "Node_394": 0.8500139030494022,
    "Node_575": 127.27504220734079,
    "Node_618": 10.370025720641392,
    "Node_624": 1.7000139030494021,
    "Node_716": 1.7000139030494021,
    "Node_718": 1.3903049402168878e-05,
    "Node_735": 0.8500139030494022,
    "Node_792": 0.8500139030494022,
    "Node_806": 4.250013903049402,
    "Node_810": 7.735025720641393,
    "Node_817": 6.417525720641394,
    "Node_894": 3.400013903049402,
    "Node_935": 0.8500139030494022,
    "Node_976": 2.4225257206413935,
    "Node_1319": 7.267525720641394,
    "Node_1348": 1.3903049402168878e-05,
    "Node_1428": 1.7000139030494021,
    "Node_1523": 2.550013903049402,
    "Node_1596": 6.800013903049402,
    "Node_1673": 3.400013903049402,
    "Node_1791": 3.400013903049402,
    "Node_1795": 8.74655940077857,
    "Node_1905": 8.457549355825376,
    "Node_1967": 14.280037538233385,
    "Node_1985": 8.746535765594587,
    "Node_1997": 6.162537538233385,
    "Node_2025": 6.162525720641394,
    "Node_2054": 2.550013903049402,
    "Node_2137": 0.8500139030494022,
    "Node_2156": 3.400013903049402,
    "Node_2194": 3.2725257206413936,
    "Node_2275": 8.670025720641393,
    "Node_2350": 21.802537538233388,
    "Node_2572": 6.162525720641394,
    "Node_2754": 787.9065078615945,
    "Node_2764": 15.47004935582538,
    "Node_2826": 2.550013903049402,
    "Node_2838": 5.100013903049402,
    "Node_2905": 1.7000139030494021,
    "Node_2912": 2.550013903049402,
    "Node_2942": 86.84680080405968,
    "Node_2967": 4.250013903049402,
    "Node_3070": 2.550013903049402,
    "Node_3077": 0.8500139030494022,
    "Node_3091": 3.2725257206413936,
    "Node_3097": 11.857525720641393,
    "Node_3120": 1.7000139030494021,
    "Node_3251": 2.550013903049402,
    "Node_3253": 0.8500139030494022,
    "Node_3278": 16.150025720641395,
    "Node_3286": 3.400013903049402,
    "Node_3292": 55.76002572064139,
    "Node_3433": 3.7400257206413934,
    "Node_3440": 0.722525720641394,
    "Node_3442": 45.90014389656131,
    "Node_3449": 1.7000139030494021,
    "Node_3466": 3.995025720641394,
    "Node_3497": 0.8500139030494022,
    "Node_3498": 1.3903049402168878e-05,
    "Node_3619": 15.852537538233385,
    "Node_3666": 35.43233303596255,
    "Node_3675": 3.8675257206413938,
    "Node_3701": 6.630025720641394,
    "Node_3747": 43.65746100658077,
    "Node_3758": 5.3125257206413945,
    "Node_3898": 23.130672583186577,
    "Node_3918": 2.550013903049402,
    "Node_3965": 12.580049355825377,
    "Node_4025": 1.3903049402168878e-05,
    "Node_4141": 12.962525720641395,
    "Node_4161": 2.550013903049402,
    "Node_4197": 0.8500139030494022,
    "Node_4268": 2.4225257206413935,
    "Node_4297": 0.8500139030494022,
    "Node_4325": 2.1675375382333857,
    "Node_4341": 1.7000139030494021,
    "Node_4366": 1.7000139030494021,
    "Node_4478": 1.7000139030494021,
    "Node_4482": 3.400013903049402,
    "Node_4806": 4.122525720641394,
    "Node_4996": 2.550013903049402,
    "Node_5034": 0.8500139030494022,
    "Node_5106": 5.9075375382333855,
    "Node_5131": 6.162537538233385,
    "Node_5140": 29.155037538233387,
    "Node_5158": 6.885037538233386,
    "Node_5197": 3.400013903049402,
    "Node_5278": 6.162525720641394,
    "Node_5357": 1.7000139030494021,
    "Node_5408": 0.8500139030494022,
    "Node_5487": 2.550013903049402,
    "Node_5498": 1.7000139030494021,
    "Node_5514": 3.400013903049402,
    "Node_5587": 5.950013903049403,
    "Node_5639": 63.856307628139774,
    "Node_5663": 1.7000139030494021,
    "Node_5692": 134.28526577474744,
    "Node_5760": 9.817525720641394,
    "Node_5836": 158.96509984706645,
    "Node_5857": 0.8500139030494022,
    "Node_5861": 3.8675257206413938,
    "Node_5862": 4.250013903049402,
    "Node_5870": 3.400013903049402,
    "Node_5935": 5.567525720641394,
    "Node_5989": 3.995025720641394,
    "Node_5995": 9.350013903049401,
    "Node_6131": 4.462525720641394,
    "Node_6143": 11.645025720641394,
    "Node_6212": 1.3903049402168878e-05,
    "Node_6241": 12.197537538233385,
    "Node_6259": 8.797561173417368,
    "Node_6273": 1.7000139030494021,
    "Node_6295": 5.907525720641394,
    "Node_6343": 1.7000139030494021,
    "Node_6357": 201.51337967374178,
    "Node_6442": 1.7000139030494021,
    "Node_6494": 1.3903049402168878e-05,
    "Node_6508": 17.000013903049403,
    "Node_6558": 1.7000139030494021,
    "Node_6610": 36.932596626193344,
    "Node_6616": 1.7000139030494021,
    "Node_6695": 40.377160765594574,
    "Node_6742": 3.400013903049402,
    "Node_6757": 3.7400375382333846,
    "Node_6766": 0.8500139030494022,
    "Node_6794": 0.8500139030494022,
    "Node_6836": 4.250013903049402,
    "Node_6857": 0.8500139030494022,
    "Node_6871": 2.550013903049402,
    "Node_6931": 15.810025720641391,
    "Node_6940": 0.8500139030494022,
    "Node_6971": 7.140037538233385,
    "Node_6984": 6.035037538233386,
    "Node_7053": 11.730049355825377,
    "Node_7164": 2.2950257206413935,
    "Node_7260": 6.800013903049402,
    "Node_7272": 1.7000139030494021,
    "Node_7377": 1.7000139030494021,
    "Node_7384": 2.8900257206413933,
    "Node_7462": 16.150049355825377,
    "Node_7493": 5.695025720641395,
    "Node_7538": 16.065049355825376,
    "Node_7574": 7.012525720641395,
    "Node_7713": 1.7000139030494021,
    "Node_7852": 3.8675257206413938,
    "Node_7881": 5.567525720641394,
    "Node_7983": 57.077584808601344,
    "Node_8002": 2.550013903049402,
    "Node_8010": 1.7000139030494021,
    "Node_8079": 2.550013903049402,
    "Node_8097": 2.5720641394012423e-05,
    "Node_8166": 0.722525720641394,
    "Node_8169": 2.550013903049402,
    "Node_8204": 3.2725257206413936,
    "Node_8252": 2.550013903049402,
    "Node_8279": 6.630049355825378,
    "Node_8282": 22.18507299100936,
    "Node_8379": 1.7000257206413942,
    "Node_8408": 6.035037538233386,
    "Node_8492": 9.435025720641391,
    "Node_8494": 13.591571218370563,
    "Node_8498": 8.712525720641395,
    "Node_8515": 3.6316725831865786,
    "Node_8568": 3.9369355987579935,
    "Node_8591": 1.7000139030494021,
    "Node_8615": 5.312537538233386,
    "Node_8724": 1.7000139030494021,
    "Node_8784": 510.3891701617389,
    "Node_8963": 0.8500139030494022,
    "Node_8971": 1.7000139030494021,
    "Node_9003": 0.8500139030494022,
    "Node_9045": 1.7000139030494021,
    "Node_9118": 4.250013903049402,
    "Node_9138": 4.845025720641394,
    "Node_9163": 8.330037538233384,
    "Node_9194": 4.250013903049402,
    "Node_9217": 760.3296320210397,
    "Node_9321": 0.8500139030494022,
    "Node_9347": 4.250013903049402,
    "Node_9374": 1.7000139030494021,
    "Node_9410": 0.8500139030494022,
    "Node_9444": 6.417525720641394,
    "Node_9477": 0.8500139030494022,
    "Node_9578": 1.7000139030494021,
    "Node_9624": 4.717525720641394,
    "Node_9628": 5.100013903049402,
    "Node_9734": 1.7000139030494021,
    "Node_9790": 72.74740394151449,
    "Node_9805": 2.550013903049402,
    "Node_9981": 2.550013903049402,
    "Node_10014": 2.550013903049402,
    "Node_10016": 3.400013903049402,
    "Node_10070": 12.410037538233384,
    "Node_10093": 8.712537538233386,
    "Node_10100": 1.7000139030494021,
    "Node_10134": 1.7000139030494021,
    "Node_10410": 9.430785765594585,
    "Node_10426": 1.3903049402168878e-05,
    "Node_10432": 5.440025720641394,
    "Node_10611": 4.122525720641394,
    "Node_10716": 3.400013903049402
}