{
    "Node_44": 6.290025720641394,
    "Node_148": 3.0175257206413932,
    "Node_170": 2.4225257206413935,
    "Node_172": 6.757525720641395,
    "Node_229": 3.6316607655945865,
    "Node_284": 3.400013903049402,
    "Node_356": 1.7000139030494021,
    "Node_435": 22.057537538233387,
    "Node_473": 0.8500139030494022,
    "Node_581": 5.950013903049403,
    "Node_601": 10.157537538233385,
    "Node_604": 2.4225257206413935,
    "Node_616": 1.445025720641394,
    "Node_666": 3.400013903049402,
    "Node_677": 1.3903049402168878e-05,
    "Node_698": 1.7000139030494021,
    "Node_870": 7.735037538233386,
    "Node_987": 1.7000139030494021,
    "Node_1005": 9.647537538233385,
    "Node_1046": 6.619960598757995,
    "Node_1071": 1.7000139030494021,
    "Node_1117": 4.250013903049402,
    "Node_1129": 90.49759984706645,
    "Node_1214": 3.7400257206413934,
    "Node_1231": 2.550013903049402,
    "Node_1232": 3.995025720641394,
    "Node_1291": 3.400013903049402,
    "Node_1340": 18.105049355825376,
    "Node_1505": 4.717525720641394,
    "Node_1550": 8.712549355825379,
    "Node_1593": 1.7000139030494021,
    "Node_1632": 5.9075375382333855,
    "Node_1660": 11.600420810547778,
    "Node_1661": 1.3903049402168878e-05,
    "Node_1667": 9.902537538233386,
    "Node_1766": 3.612525720641394,
    "Node_1804": 1.5725257206413938,
    "Node_1822": 0.8500139030494022,
    "Node_1829": 4.717525720641394,
    "Node_1911": 4.122525720641394,
    "Node_1917": 55.90454581054777,
    "Node_1976": 32.257572991009354,
    "Node_1977": 1.7000139030494021,
    "Node_2002": 2.550013903049402,
    "Node_2014": 70.42267934933729,
    "Node_2015": 7.78817258318658,
    "Node_2019": 4.717537538233385,
    "Node_2047": 4.250013903049402,
    "Node_2062": 0.8500139030494022,
    "Node_2223": 1.3903049402168878e-05,
    "Node_2280": 5.440025720641394,
    "Node_2282": 5.3125257206413945,
    "Node_2298": 2.550013903049402,
    "Node_2305": 7.607537538233386,
    "Node_2371": 2.4225257206413935,
    "Node_2379": 5.695025720641395,
    "Node_2390": 4.717525720641394,
    "Node_2514": 2.550013903049402,
    "Node_2575": 36.64992081054777,
    "Node_2676": 10.880049355825378,
    "Node_2729": 9.307537538233385,
    "Node_2800": 9.095025720641393,
    "Node_2851": 1.3903049402168878e-05,
    "Node_2876": 2.550013903049402,
    "Node_2908": 5.312537538233386,
    "Node_2915": 5.100013903049402,
    "Node_2935": 6.035025720641394,
    "Node_2966": 3.400013903049402,
    "Node_3065": 7.352549355825378,
    "Node_3067": 4.335037538233386,
    "Node_3071": 1.7000139030494021,
    "Node_3075": 1.7000139030494021,
    "Node_3126": 4.972525720641394,
    "Node_3166": 12.112537538233386,
    "Node_3185": 9.690037538233383,
    "Node_3217": 5.567525720641394,
    "Node_3369": 2.550013903049402,
    "Node_3409": 4.250013903049402,
    "Node_3412": 6.672525720641394,
    "Node_3520": 61.54016753174529,
    "Node_3562": 6.885025720641393,
    "Node_3574": 3.995025720641394,
    "Node_3582": 20.14507299100936,
    "Node_3589": 4.122525720641394,
    "Node_3590": 2.550013903049402,
    "Node_3697": 6.502549355825377,
    "Node_3754": 0.8500139030494022,
    "Node_3950": 14.92817081054778,
    "Node_3956": 3.400013903049402,
    "Node_4030": 4.5900257206413935,
    "Node_4036": 3.8675257206413938,
    "Node_4269": 2.5500257206413934,
    "Node_4279": 0.8500139030494022,
    "Node_4376": 0.8500139030494022,
    "Node_4426": 11.687525720641393,
    "Node_4513": 0.8500139030494022,
    "Node_4515": 2.550013903049402,
    "Node_4670": 1.7000139030494021,
    "Node_4907": 9.562537538233384,
    "Node_4909": 13.812537538233387,
    "Node_4938": 0.8500139030494022,
    "Node_4962": 1.7000139030494021,
    "Node_4985": 2.4225257206413935,
    "Node_5000": 2.2950257206413935,
    "Node_5010": 3.400013903049402,
    "Node_5195": 3.8675257206413938,
    "Node_5196": 2.550013903049402,
    "Node_5266": 2.550013903049402,
    "Node_5285": 1.7000139030494021,
    "Node_5366": 0.8500139030494022,
    "Node_5383": 4.250013903049402,
    "Node_5470": 0.8500139030494022,
    "Node_5519": 1.7000139030494021,
    "Node_5553": 3.400013903049402,
    "Node_5626": 1.3903049402168878e-05,
    "Node_5792": 145.94220047907592,
    "Node_5803": 9.860371592015012,
    "Node_5852": 0.8500139030494022,
    "Node_5998": 20.489305855500973,
    "Node_6000": 2.550013903049402,
    "Node_6035": 12.537549355825377,
    "Node_6100": 12.790444445731763,
    "Node_6109": 31.877239943460932,
    "Node_6132": 2.550013903049402,
    "Node_6169": 0.722525720641394,
    "Node_6371": 4.250013903049402,
    "Node_6410": 169.4902975252572,
    "Node_6414": 3.400013903049402,
    "Node_6419": 1.7000139030494021,
    "Node_6497": 2.550013903049402,
    "Node_6505": 7.012525720641395,
    "Node_6523": 2.550013903049402,
    "Node_6582": 2.2950257206413935,
    "Node_6626": 4.3350257206413945,
    "Node_6684": 0.8500139030494022,
    "Node_6715": 6.162525720641394,
    "Node_6877": 8.604160765594587,
    "Node_6977": 6.162549355825377,
    "Node_7049": 0.8500139030494022,
    "Node_7132": 7.012537538233386,
    "Node_7166": 5.185025720641394,
    "Node_7409": 5.185025720641394,
    "Node_7442": 3.0175257206413932,
    "Node_7559": 3.8675257206413938,
    "Node_7590": 3.0175257206413932,
    "Node_7593": 0.8500139030494022,
    "Node_7677": 2.550013903049402,
    "Node_7681": 6.757525720641395,
    "Node_7733": 0.8500139030494022,
    "Node_7750": 12.452537538233386,
    "Node_7772": 1.7000139030494021,
    "Node_7773": 7.607537538233386,
    "Node_7843": 1.7000139030494021,
    "Node_7867": 4.250013903049402,
    "Node_7921": 7.480037538233385,
    "Node_7957": 5.100013903049402,
    "Node_7966": 42.62752572064139,
    "Node_7967": 1.3903049402168878e-05,
    "Node_7981": 1.5725257206413938,
    "Node_8144": 1.7000139030494021,
    "Node_8149": 2.550013903049402,
    "Node_8200": 1.7000139030494021,
    "Node_8223": 1.7000139030494021,
    "Node_8235": 1.3903049402168878e-05,
    "Node_8236": 1.5725257206413938,
    "Node_8301": 7.480037538233385,
    "Node_8369": 12.826535765594585,
    "Node_8394": 22.78004935582538,
    "Node_8402": 7.352561173417369,
    "Node_8526": 4.264910765594586,
    "Node_8569": 6.162537538233385,
    "Node_8686": 2.8900257206413933,
    "Node_8713": 2.550013903049402,
    "Node_8725": 6.885025720641393,
    "Node_8728": 2.4225257206413935,
    "Node_8793": 0.8500139030494022,
    "Node_8850": 6.162525720641394,
    "Node_8879": 6.035025720641394,
    "Node_8886": 2.550013903049402,
    "Node_8911": 3.0175257206413932,
    "Node_8928": 3.400013903049402,
    "Node_8965": 16.235037538233385,
    "Node_8969": 65.69660667114654,
    "Node_8978": 2.550013903049402,
    "Node_8996": 9.647537538233385,
    "Node_9034": 1.445025720641394,
    "Node_9063": 0.8500139030494022,
    "Node_9083": 1.7000139030494021,
    "Node_9091": 1.3903049402168878e-05,
    "Node_9099": 109.35263207896932,
    "Node_9116": 2.8900257206413933,
    "Node_9170": 2.550013903049402,
    "Node_9207": 19.295025720641394,
    "Node_9312": 1.7000139030494021,
    "Node_9379": 10.030025720641394,
    "Node_9430": 3.1450257206413936,
    "Node_9554": 1.7000139030494021,
    "Node_9563": 3.1450257206413936,
    "Node_9642": 80.57807443924365,
    "Node_9731": 1.7000139030494021,
    "Node_9868": 1.7000139030494021,
    "Node_9894": 5.440025720641394,
    "Node_9913": 1.3903049402168878e-05,
    "Node_9926": 3.2725257206413936,
    "Node_9971": 2.550013903049402,
    "Node_9974": 4.5900257206413935,
    "Node_10049": 3.400013903049402,
    "Node_10061": 19.932572991009362,
    "Node_10308": 10.013035765594585,
    "Node_10336": 20.485049355825375,
    "Node_10348": 4.717525720641394,
    "Node_10409": 3.0175257206413932,
    "Node_10435": 1.7000139030494021,
    "Node_10485": 6.2857857655945875,
    "Node_10497": 4.717525720641394,
    "Node_10531": 7.395025720641394,
    "Node_10559": 8.330049355825375,
    "Node_10675": 0.8500139030494022,