{
    "Node_62": 4.5900257206413935,
    "Node_267": 7.116684400778571,
    "Node_369": 4.250013903049402,
    "Node_396": 1.7000139030494021,
    "Node_531": 0.8500139030494022,
    "Node_591": 1.7000139030494021,
    "Node_617": 4.462525720641394,
    "Node_648": 2496.0899036979804,
    "Node_777": 5.9075375382333855,
    "Node_793": 1.7000139030494021,
    "Node_809": 9.180025720641392,
    "Node_825": 3.400013903049402,
    "Node_855": 11.815025720641392,
    "Node_897": 0.8500139030494022,
    "Node_910": 1.5725257206413938,
    "Node_955": 4.250013903049402,
    "Node_1003": 24.39507299100936,
    "Node_1169": 4.2500257206413945,
    "Node_1361": 15.844035765594585,
    "Node_1427": 2.2950257206413935,
    "Node_1564": 3.400013903049402,
    "Node_1582": 8.330025720641393,
    "Node_1633": 4.462525720641394,
    "Node_1687": 1.7000139030494021,
    "Node_1764": 6.757537538233386,
    "Node_1782": 2.2950257206413935,
    "Node_1811": 3.400013903049402,
    "Node_1825": 7.650013903049402,
    "Node_1896": 8.967525720641394,
    "Node_1926": 46.19764212392251,
    "Node_1937": 26.35007299100936,
    "Node_1954": 1.7000139030494021,
    "Node_2089": 0.8500139030494022,
    "Node_2132": 1.7000139030494021,
    "Node_2161": 0.8500139030494022,
    "Node_2204": 56.6951675317453,
    "Node_2235": 2.550013903049402,
    "Node_2246": 5.2232857655945875,
    "Node_2310": 14.747537538233384,
    "Node_2341": 3.400013903049402,
    "Node_2388": 29.55667258318658,
    "Node_2396": 1.3903049402168878e-05,
    "Node_2406": 5.440025720641394,
    "Node_2468": 3.400013903049402,
    "Node_2526": 16.40507299100936,
    "Node_2673": 8.599910765594585,
    "Node_2723": 8.117525720641392,
    "Node_2872": 1.3903049402168878e-05,
    "Node_2923": 3.1450257206413936,
    "Node_2978": 4.590037538233386,
    "Node_3003": 4.845025720641394,
    "Node_3060": 11.815025720641392,
    "Node_3086": 3.400013903049402,
    "Node_3117": 3.400013903049402,
    "Node_3121": 7.990025720641394,
    "Node_3173": 2.550013903049402,
    "Node_3187": 0.8500139030494022,
    "Node_3213": 2.550013903049402,
    "Node_3250": 0.8500139030494022,
    "Node_3328": 1.7000139030494021,
    "Node_3333": 3.400013903049402,
    "Node_3371": 0.8500139030494022,
    "Node_3455": 6.290025720641394,
    "Node_3479": 0.8500139030494022,
    "Node_3538": 4.5900257206413935,
    "Node_3775": 52.162434400778565,
    "Node_3808": 1.7000139030494021,
    "Node_3846": 7.735025720641393,
    "Node_3957": 4.717525720641394,
    "Node_4019": 1.7000139030494021,
    "Node_4102": 4.717537538233386,
    "Node_4192": 9.350013903049401,
    "Node_4201": 3.1450257206413936,
    "Node_4307": 2.550013903049402,
    "Node_4330": 0.8500139030494022,
    "Node_4344": 5.567525720641394,
    "Node_4391": 1.3903049402168878e-05,
    "Node_4437": 3.400013903049402,
    "Node_4495": 433.02684370423566,
    "Node_4523": 1.7000139030494021,
    "Node_4562": 20.36395803596255,
    "Node_4612": 1.7000139030494021,
    "Node_4693": 0.8500139030494022,
    "Node_4705": 4.335037538233386,
    "Node_4712": 3.867537538233385,
    "Node_4805": 3.995025720641394,
    "Node_4829": 0.8500139030494022,
    "Node_4832": 4.5900257206413935,
    "Node_4929": 3.400013903049402,
    "Node_5041": 5.312537538233386,
    "Node_5044": 3.995025720641394,
    "Node_5126": 3.995025720641394,
    "Node_5298": 2.4225257206413935,
    "Node_5351": 1.7000139030494021,
    "Node_5354": 1.7000139030494021,
    "Node_5442": 5.440025720641394,
    "Node_5456": 11.220025720641392,
    "Node_5494": 1.7000139030494021,
    "Node_5511": 1.3903049402168878e-05,
    "Node_5577": 2.550013903049402,
    "Node_5589": 11.390037538233386,
    "Node_5677": 1.7000139030494021,
    "Node_5685": 0.8500139030494022,
    "Node_5729": 3.2725257206413936,
    "Node_5797": 9.214035765594584,
    "Node_5828": 0.8500139030494022,
    "Node_5841": 2.550013903049402,
    "Node_5876": 1.7000139030494021,
    "Node_5927": 0.8500139030494022,
    "Node_5981": 2.550013903049402,
    "Node_6001": 2.2950257206413935,
    "Node_6033": 7.395025720641394,
    "Node_6038": 4.972525720641394,
    "Node_6067": 12.537537538233384,
    "Node_6161": 6.885025720641393,
    "Node_6187": 1.7000139030494021,
    "Node_6211": 3.1450257206413936,
    "Node_6369": 2.8900257206413933,
    "Node_6389": 1.7000139030494021,
    "Node_6480": 64.89769589396607,
    "Node_6528": 0.8500139030494022,
    "Node_6608": 0.8500139030494022,
    "Node_6699": 4.250013903049402,
    "Node_6732": 1.7000139030494021,
    "Node_6791": 1.7000139030494021,
    "Node_6895": 4.5900257206413935,
    "Node_6919": 1.7000139030494021,
    "Node_6998": 5.100013903049402,
    "Node_7071": 720.4071187552134,
    "Node_7085": 1.7000139030494021,
    "Node_7112": 4.462525720641394,
    "Node_7195": 14.025037538233384,
    "Node_7265": 1.7000139030494021,
    "Node_7308": 0.8500139030494022,
    "Node_7446": 11.687549355825377,
    "Node_7537": 4.845025720641394,
    "Node_7628": 5.100013903049402,
    "Node_7657": 20.28744444573176,
    "Node_7699": 5.780037538233385,
    "Node_7724": 4.250013903049402,
    "Node_7732": 6.162537538233386,
    "Node_7778": 0.8500139030494022,
    "Node_7809": 5.695025720641395,
    "Node_7835": 0.8500139030494022,
    "Node_7853": 6.630025720641394,
    "Node_7865": 4.5900257206413935,
    "Node_7917": 0.8500139030494022,
    "Node_8135": 8.712537538233384,
    "Node_8156": 4.462525720641394,
    "Node_8188": 6.502537538233387,
    "Node_8265": 0.8500139030494022,
    "Node_8286": 574.5627506719807,
    "Node_8361": 6.035025720641394,
    "Node_8409": 17.892537538233388,
    "Node_8447": 4.717525720641394,
    "Node_8523": 4.845025720641394,
    "Node_8587": 32.89503753823338,
    "Node_8654": 2.550013903049402,
    "Node_8706": 2.1675257206413936,
    "Node_8739": 8.117525720641392,
    "Node_8799": 4.250013903049402,
    "Node_8887": 1.3903049402168878e-05,
    "Node_8935": 4.250013903049402,
    "Node_8959": 3.400013903049402,
    "Node_8970": 1.5725257206413938,
    "Node_9019": 0.8500139030494022,
    "Node_9028": 4.156535765594587,
    "Node_9056": 2.550013903049402,
    "Node_9122": 3.995025720641394,
    "Node_9219": 0.8500139030494022,
    "Node_9244": 1.7000139030494021,
    "Node_9269": 4.859910765594587,
    "Node_9287": 1.3903049402168878e-05,
    "Node_9368": 0.8500139030494022,
    "Node_9403": 115.46007943275556,
    "Node_9542": 5.100013903049402,
    "Node_9544": 4.250013903049402,
    "Node_9555": 4.717525720641394,
    "Node_9587": 3.8675257206413938,
    "Node_9640": 14.790037538233385,
    "Node_9661": 14.237537538233383,
    "Node_9668": 2.550013903049402,
    "Node_9704": 0.8500139030494022,
    "Node_9849": 21.03756117341737,
    "Node_9858": 7.735037538233386,
    "Node_9879": 8.840025720641393,
    "Node_9887": 3.0175257206413932,
    "Node_9912": 3.400013903049402,
    "Node_9970": 1.7000139030494021,
    "Node_9990": 3.995025720641394,
    "Node_9997": 6.630037538233386,
    "Node_10202": 1.7000139030494021,
    "Node_10514": 3.8675257206413938,
    "Node_10581": 2.550013903049402,
    "Node_10674": 2.2950257206413935,
    "Node_10736": 6.343160765594587,
    "Node_10765": 7.352537538233387
}