{
    "Node_224": 0.8500139030494022,
    "Node_246": 5.100013903049402,
    "Node_384": 3.400013903049402,
    "Node_498": 1.7000139030494021,
    "Node_546": 1.3903049402168878e-05,
    "Node_569": 1.7000139030494021,
    "Node_623": 3.400013903049402,
    "Node_675": 10.299922583186577,
    "Node_684": 6.035025720641394,
    "Node_722": 0.8500139030494022,
    "Node_738": 58.18263207896932,
    "Node_818": 2.550013903049402,
    "Node_850": 1.7000139030494021,
    "Node_873": 0.8500139030494022,
    "Node_879": 1.7000139030494021,
    "Node_1029": 4.122525720641394,
    "Node_1199": 2.550013903049402,
    "Node_1239": 1.7000139030494021,
    "Node_1300": 122.72494310524608,
    "Node_1344": 2.550013903049402,
    "Node_1382": 3.1450257206413936,
    "Node_1386": 4.717525720641394,
    "Node_1406": 5.440025720641394,
    "Node_1410": 5.440037538233385,
    "Node_1441": 1.7000139030494021,
    "Node_1468": 1.3903049402168878e-05,
    "Node_1542": 0.8500139030494022,
    "Node_1588": 6.162537538233385,
    "Node_1854": 4.250013903049402,
    "Node_1856": 5.567525720641394,
    "Node_1888": 2.550013903049402,
    "Node_1897": 2.550013903049402,
    "Node_1912": 462.3625468185188,
    "Node_1918": 7.650013903049402,
    "Node_1940": 6.035025720641394,
    "Node_1949": 2.1675257206413936,
    "Node_1980": 5.822525720641394,
    "Node_2017": 11.262537538233383,
    "Node_2037": 1.7000139030494021,
    "Node_2061": 2.4225257206413935,
    "Node_2069": 5.567525720641394,
    "Node_2077": 9.520049355825376,
    "Node_2134": 3.7400375382333846,
    "Node_2217": 3.8675257206413938,
    "Node_2218": 1.7000139030494021,
    "Node_2244": 1.7000139030494021,
    "Node_2291": 1.7000139030494021,
    "Node_2314": 2.550013903049402,
    "Node_2318": 1.7000139030494021,
    "Node_2340": 5.100013903049402,
    "Node_2364": 2.550013903049402,
    "Node_2366": 412.8557210353137,
    "Node_2372": 1.7000139030494021,
    "Node_2409": 32.31491076559458,
    "Node_2464": 20.230025720641397,
    "Node_2525": 3.400013903049402,
    "Node_2540": 3.0175257206413932,
    "Node_2554": 1.3903049402168878e-05,
    "Node_2658": 3.2725257206413936,
    "Node_2680": 0.8500139030494022,
    "Node_2706": 2.2950257206413935,
    "Node_2721": 1.7000139030494021,
    "Node_2796": 29.684208035962556,
    "Node_2852": 2.2950257206413935,
    "Node_2864": 5.950013903049403,
    "Node_2874": 8.712525720641395,
    "Node_2936": 9.902537538233386,
    "Node_2952": 1.3903049402168878e-05,
    "Node_2961": 1.7000139030494021,
    "Node_2964": 4.717525720641394,
    "Node_3005": 7.480037538233385,
    "Node_3031": 3.0175257206413932,
    "Node_3033": 6.672525720641394,
    "Node_3046": 0.8500139030494022,
    "Node_3068": 6.757537538233386,
    "Node_3149": 1.445025720641394,
    "Node_3309": 33.66004935582537,
    "Node_3462": 4.717537538233385,
    "Node_3508": 8.712537538233384,
    "Node_3806": 3.612525720641394,
    "Node_3819": 5.586660765594587,
    "Node_3844": 17.057456263323758,
    "Node_3888": 3.400013903049402,
    "Node_3991": 3.400013903049402,
    "Node_4083": 0.8500139030494022,
    "Node_4109": 1.7000139030494021,
    "Node_4116": 4.717525720641394,
    "Node_4124": 25.28756117341737,
    "Node_4162": 2.550013903049402,
    "Node_4227": 9.090809400778571,
    "Node_4300": 1.3903049402168878e-05,
    "Node_4350": 4.8450375382333855,
    "Node_4393": 4.717525720641394,
    "Node_4430": 14.280037538233385,
    "Node_4560": 2.550013903049402,
    "Node_4659": 88.25994943924366,
    "Node_4728": 1.3903049402168878e-05,
    "Node_4740": 34.89257299100936,
    "Node_4767": 23.668297583186583,
    "Node_4782": 8.457549355825378,
    "Node_4865": 4.5900257206413935,
    "Node_4866": 9.052561173417368,
    "Node_4868": 1.7000139030494021,
    "Node_4968": 1.7000139030494021,
    "Node_5031": 2.4225257206413935,
    "Node_5054": 2.2950257206413935,
    "Node_5073": 0.8500139030494022,
    "Node_5125": 3.0175257206413932,
    "Node_5128": 2.8900257206413933,
    "Node_5260": 2.550013903049402,
    "Node_5290": 12.962537538233384,
    "Node_5317": 0.8500139030494022,
    "Node_5355": 14.747537538233384,
    "Node_5415": 0.8500139030494022,
    "Node_5419": 5.822525720641394,
    "Node_5452": 7.140037538233386,
    "Node_5479": 5.057525720641395,
    "Node_5508": 9.902549355825377,
    "Node_5509": 2.550013903049402,
    "Node_5546": 9.052537538233386,
    "Node_5622": 0.8500139030494022,
    "Node_5739": 11.135025720641393,
    "Node_5805": 0.8500139030494022,
    "Node_5849": 3.400013903049402,
    "Node_5899": 1.7000139030494021,
    "Node_5954": 0.8500139030494022,
    "Node_6027": 4.5900257206413935,
    "Node_6091": 1.7000139030494021,
    "Node_6123": 26.350072991009363,
    "Node_6141": 9.180049355825377,
    "Node_6156": 3.1450257206413936,
    "Node_6168": 3.995025720641394,
    "Node_6272": 1.7000139030494021,
    "Node_6354": 3.400013903049402,
    "Node_6425": 19.65416076559459,
    "Node_6434": 6.290037538233385,
    "Node_6474": 0.8500139030494022,
    "Node_6521": 3.400013903049402,
    "Node_6531": 3.7400257206413934,
    "Node_6572": 3.7400375382333846,
    "Node_6627": 5.822525720641394,
    "Node_6686": 8.457525720641394,
    "Node_6764": 9.520025720641392,
    "Node_6820": 0.8500139030494022,
    "Node_6928": 3.1450257206413936,
    "Node_6996": 4.250013903049402,
    "Node_7025": 4.5900257206413935,
    "Node_7054": 1.7000139030494021,
    "Node_7174": 7.40992081054778,
    "Node_7420": 16.78756117341737,
    "Node_7424": 4.717525720641394,
    "Node_7433": 1.7000139030494021,
    "Node_7452": 1.3903049402168878e-05,
    "Node_7572": 0.8500139030494022,
    "Node_7595": 1.7000139030494021,
    "Node_7598": 0.8500139030494022,
    "Node_7693": 1.7000139030494021,
    "Node_7718": 3.7400257206413934,
    "Node_7730": 0.8500139030494022,
    "Node_7756": 4.122525720641394,
    "Node_7861": 16.787537538233387,
    "Node_7910": 9.086535765594585,
    "Node_8020": 0.8500139030494022,
    "Node_8063": 26.52004935582538,
    "Node_8082": 3.8675257206413938,
    "Node_8146": 5.9075375382333855,
    "Node_8153": 3.995025720641394,
    "Node_8198": 7.480025720641394,
    "Node_8297": 84.08210489850774,
    "Node_8446": 2.550013903049402,
    "Node_8720": 2.890037538233385,
    "Node_8740": 1.7000139030494021,
    "Node_8808": 7.650013903049402,
    "Node_8829": 6.162525720641394,
    "Node_8834": 4.972525720641394,
    "Node_8842": 3.8675257206413938,
    "Node_8853": 2.550013903049402,
    "Node_8856": 4.250013903049402,
    "Node_8931": 3.400013903049402,
    "Node_8980": 5.185037538233385,
    "Node_9001": 11.687537538233386,
    "Node_9059": 3294.6770173226196,
    "Node_9190": 2.550013903049402,
    "Node_9225": 41.19748167114653,
    "Node_9262": 3.400013903049402,
    "Node_9305": 3.1450257206413936,
    "Node_9376": 5.440037538233386,
    "Node_9417": 14.917537538233384,
    "Node_9487": 0.8500139030494022,
    "Node_9576": 1.7000139030494021,
    "Node_9602": 31.917549355825376,
    "Node_9607": 1.3903049402168878e-05,
    "Node_9651": 1.3903049402168878e-05,
    "Node_9679": 3.7400257206413934,
    "Node_9714": 1.7000139030494021,
    "Node_9782": 4.462537538233386,
    "Node_9823": 1.3903049402168878e-05,
    "Node_9863": 1.7000139030494021,
    "Node_9891": 4.250013903049402,
    "Node_9898": 6.630037538233386,
    "Node_9952": 0.8500139030494022,
    "Node_9983": 1.7000139030494021,
    "Node_9998": 3.400013903049402,
    "Node_10113": 1.7000139030494021,
    "Node_10116": 5.695025720641395,
    "Node_10199": 23.162584808601352,
    "Node_10209": 2.550013903049402,
    "Node_10218": 9.817537538233385,
    "Node_10234": 1.7000139030494021,
    "Node_10287": 8.623297583186579,
    "Node_10313": 5.3125257206413945,
    "Node_10328": 1.5725257206413938,
    "Node_10346": 0.8500139030494022,
    "Node_10368": 2.4225375382333856,
    "Node_10395": 3.0175257206413932,
    "Node_10430": 2.550013903049402,
    "Node_10440": 5.9075493558253775,