{
    "Node_0": 6.035037538233386,
    "Node_9": 6.035025720641394,
    "Node_89": 6.035037538233386,
    "Node_121": 7.012525720641395,
    "Node_213": 3.400013903049402,
    "Node_256": 0.8500139030494022,
    "Node_271": 6.885037538233386,
    "Node_285": 1.7000139030494021,
    "Node_294": 2.550013903049402,
    "Node_381": 11.092537538233385,
    "Node_412": 5.440025720641394,
    "Node_420": 4.250013903049402,
    "Node_421": 1.7000139030494021,
    "Node_424": 3.1450257206413936,
    "Node_448": 2.8900257206413933,
    "Node_494": 2.550013903049402,
    "Node_627": 3.867537538233385,
    "Node_815": 9.520049355825378,
    "Node_875": 3.8675257206413938,
    "Node_880": 1.5725257206413938,
    "Node_904": 6.757537538233386,
    "Node_985": 1.7000139030494021,
    "Node_1007": 8.925025720641393,
    "Node_1010": 1.7000139030494021,
    "Node_1033": 4.250013903049402,
    "Node_1098": 7.267525720641394,
    "Node_1144": 4.250013903049402,
    "Node_1159": 2.550013903049402,
    "Node_1180": 5.100013903049402,
    "Node_1222": 1.7000139030494021,
    "Node_1290": 3.8675257206413938,
    "Node_1296": 5.950013903049403,
    "Node_1351": 1.7000139030494021,
    "Node_1469": 0.8500139030494022,
    "Node_1491": 0.8500139030494022,
    "Node_1497": 28.591116574172766,
    "Node_1528": 5.100013903049402,
    "Node_1533": 308.35713947655023,
    "Node_1553": 12.197525720641393,
    "Node_1555": 1.7000139030494021,
    "Node_1608": 4.5900257206413935,
    "Node_1685": 2.8900375382333854,
    "Node_1745": 12.410037538233384,
    "Node_1848": 1.3903049402168878e-05,
    "Node_1875": 1.3903049402168878e-05,
    "Node_1950": 2.550013903049402,
    "Node_2003": 0.8500139030494022,
    "Node_2098": 6.885037538233386,
    "Node_2103": 3.2725257206413936,
    "Node_2269": 4.717525720641394,
    "Node_2279": 1.7000139030494021,
    "Node_2368": 2.550013903049402,
    "Node_2462": 1.7000139030494021,
    "Node_2518": 2.1675257206413936,
    "Node_2534": 4.250013903049402,
    "Node_2581": 0.722525720641394,
    "Node_2605": 2.2950257206413935,
    "Node_2616": 54.44252572064139,
    "Node_2757": 9.902537538233386,
    "Node_2825": 13.515025720641393,
    "Node_2848": 4.845025720641394,
    "Node_2881": 27.540049355825378,
    "Node_3008": 1.7000139030494021,
    "Node_3024": 2.2950257206413935,
    "Node_3037": 1.7000139030494021,
    "Node_3073": 1.3903049402168878e-05,
    "Node_3092": 2.4225257206413935,
    "Node_3172": 5.100013903049402,
    "Node_3385": 22.652525720641393,
    "Node_3387": 6.757537538233386,
    "Node_3525": 6.162537538233386,
    "Node_3542": 1.7000139030494021,
    "Node_3613": 2.550013903049402,
    "Node_3685": 2.550013903049402,
    "Node_3838": 1.3903049402168878e-05,
    "Node_3966": 0.8500139030494022,
    "Node_3981": 4.250013903049402,
    "Node_4062": 0.8500139030494022,
    "Node_4115": 12.410037538233384,
    "Node_4175": 4.462525720641394,
    "Node_4208": 10.497549355825376,
    "Node_4240": 2.550013903049402,
    "Node_4347": 2.8900257206413933,
    "Node_4353": 5.440037538233386,
    "Node_4361": 3.8675257206413938,
    "Node_4375": 2.2950257206413935,
    "Node_4389": 3.995025720641394,
    "Node_4458": 2.550013903049402,
    "Node_4597": 6.757525720641395,
    "Node_4635": 2.550013903049402,
    "Node_4649": 7.990025720641394,
    "Node_4793": 7.735037538233386,
    "Node_4798": 3.400013903049402,
    "Node_4882": 6.162537538233386,
    "Node_4894": 4.845025720641394,
    "Node_4901": 6.413297583186579,
    "Node_5042": 0.850025720641394,
    "Node_5060": 1.3903049402168878e-05,
    "Node_5074": 9.520049355825378,
    "Node_5187": 1.3903049402168878e-05,
    "Node_5222": 9.052525720641393,
    "Node_5228": 2.550013903049402,
    "Node_5230": 6.417525720641394,
    "Node_5299": 3.400013903049402,
    "Node_5453": 255.14083410186305,
    "Node_5471": 7.352537538233387,
    "Node_5522": 3.400013903049402,
    "Node_5619": 1.3903049402168878e-05,
    "Node_5667": 8.797549355825376,
    "Node_5687": 3.0175257206413932,
    "Node_5697": 26.732537538233384,
    "Node_5726": 12.537537538233384,
    "Node_5778": 3.400013903049402,
    "Node_5801": 3.400013903049402,
    "Node_5922": 7.990025720641394,
    "Node_5937": 1.5725257206413938,
    "Node_5975": 4.250013903049402,
    "Node_6050": 4.5900257206413935,
    "Node_6057": 4.717525720641394,
    "Node_6077": 2.1675257206413936,
    "Node_6089": 0.8500139030494022,
    "Node_6121": 1.3903049402168878e-05,
    "Node_6142": 17.850025720641394,
    "Node_6215": 8.500013903049402,
    "Node_6230": 1.7000139030494021,
    "Node_6231": 4.462525720641394,
    "Node_6306": 6.800013903049402,
    "Node_6309": 23.162525720641394,
    "Node_6412": 1.3903049402168878e-05,
    "Node_6464": 8.330049355825377,
    "Node_6478": 3.0175257206413932,
    "Node_6611": 6.757537538233386,
    "Node_6645": 10.157549355825376,
    "Node_6753": 1.7000139030494021,
    "Node_6947": 99.25683802947445,
    "Node_6955": 1.5725257206413938,
    "Node_6976": 13.982537538233384,
    "Node_6980": 3.400013903049402,
    "Node_6997": 1.7000139030494021,
    "Node_7005": 1.7000139030494021,
    "Node_7111": 6.757525720641395,
    "Node_7124": 2.550013903049402,
    "Node_7261": 2.550013903049402,
    "Node_7286": 0.722525720641394,
    "Node_7311": 0.8500139030494022,
    "Node_7347": 3.8675257206413938,
    "Node_7459": 1.7000139030494021,
    "Node_7464": 1.7000139030494021,
    "Node_7474": 48.025049355825374,
    "Node_7579": 16.05653576559459,
    "Node_7624": 1.7000139030494021,
    "Node_7664": 3.867537538233385,
    "Node_7703": 37.85339602662434,
    "Node_7710": 4.250013903049402,
    "Node_7736": 11.740660765594587,
    "Node_7832": 8.840025720641393,
    "Node_7973": 14.407537538233386,
    "Node_8147": 3.0175257206413932,
    "Node_8205": 7.44392081054778,
    "Node_8253": 2.550013903049402,
    "Node_8283": 1.7000139030494021,
    "Node_8284": 0.8500139030494022,
    "Node_8318": 815.843552358015,
    "Node_8320": 2.550013903049402,
    "Node_8388": 3.400013903049402,
    "Node_8404": 0.8500139030494022,
    "Node_8482": 7.60756117341737,
    "Node_8520": 2.550013903049402,
    "Node_8544": 4.624057628139773,
    "Node_8590": 33.70260844378534,
    "Node_8683": 0.8500139030494022,
    "Node_8698": 0.722525720641394,
    "Node_8709": 0.8500139030494022,
    "Node_8751": 0.8500139030494022,
    "Node_8832": 16.74506117341737,
    "Node_8837": 15.682537538233383,
    "Node_8895": 1.7000139030494021,
    "Node_8912": 0.8500139030494022,
    "Node_8964": 1.3903049402168878e-05,
    "Node_9009": 13.982549355825375,
    "Node_9025": 1.7000139030494021,
    "Node_9078": 0.8500139030494022,
    "Node_9131": 1.7000139030494021,
    "Node_9175": 39.087309400778565,
    "Node_9201": 2.550013903049402,
    "Node_9215": 352.9480944712207,
    "Node_9255": 3.8675257206413938,
    "Node_9365": 1.7000139030494021,
    "Node_9495": 0.8500139030494022,
    "Node_9593": 0.8500139030494022,
    "Node_9598": 4.717525720641394,
    "Node_9655": 11.942537538233385,
    "Node_9699": 9.052549355825375,
    "Node_9730": 1.7000139030494021,
    "Node_9747": 4.462525720641394,
    "Node_9759": 15.08332121837056,
    "Node_9826": 13.699922583186577,
    "Node_9860": 5.100013903049402,
    "Node_10052": 3.400013903049402,
    "Node_10062": 9.647549355825378,
    "Node_10323": 4.5900257206413935,
    "Node_10335": 7.552295810547782,
    "Node_10361": 0.8500139030494022,
    "Node_10397": 1.7000139030494021,
    "Node_10399": 1.7000139030494021,
    "Node_10405": 2.1675257206413936,
    "Node_10447": 1.7000139030494021,
    "Node_10470": 3.400025720641393,
    "Node_10489": 1.7000139030494021,
    "Node_10510": 36.04008480860135,
    "Node_10520": 0.8500139030494022,
    "Node_10525": 1.7000139030494021,
    "Node_10532": 10.767422583186578,
    "Node_10626": 2.550013903049402,
    "Node_10649": 7.607525720641394,
    "Node_10655": 2.550013903049402,
    "Node_10737": 6.800013903049402,
    "Node_10761": 6.672525720641394
}