{
    "Node_24": 26.180049355825382,
    "Node_39": 1.7000139030494021,
    "Node_82": 1.445025720641394,
    "Node_140": 6.885037538233386,
    "Node_178": 7.607525720641394,
    "Node_249": 4.3350257206413945,
    "Node_258": 3.400013903049402,
    "Node_382": 46.49512026137733,
    "Node_455": 0.8500139030494022,
    "Node_510": 2.550013903049402,
    "Node_523": 1.7000139030494021,
    "Node_548": 22.057525720641394,
    "Node_629": 2.550013903049402,
    "Node_662": 9.307537538233385,
    "Node_686": 0.8500139030494022,
    "Node_708": 9.847295810547779,
    "Node_762": 2.550013903049402,
    "Node_914": 5.3125257206413945,
    "Node_989": 3.400013903049402,
    "Node_1036": 8.585037538233385,
    "Node_1148": 3.867537538233385,
    "Node_1167": 4.118285765594587,
    "Node_1325": 6.162525720641394,
    "Node_1369": 2.4225257206413935,
    "Node_1592": 0.8500139030494022,
    "Node_1636": 1.3903049402168878e-05,
    "Node_1652": 8.840025720641393,
    "Node_1777": 3.400013903049402,
    "Node_1863": 2.550013903049402,
    "Node_1864": 4.250013903049402,
    "Node_1916": 4.122525720641394,
    "Node_1936": 0.8500139030494022,
    "Node_2096": 6.885037538233386,
    "Node_2146": 6.035025720641394,
    "Node_2168": 3.1450257206413936,
    "Node_2206": 2.550013903049402,
    "Node_2252": 4.845025720641394,
    "Node_2453": 4.462537538233386,
    "Node_2584": 9.902537538233386,
    "Node_2700": 2.4225257206413935,
    "Node_2745": 2.550013903049402,
    "Node_2762": 10.497537538233384,
    "Node_2807": 5.3125257206413945,
    "Node_2817": 3.0175257206413932,
    "Node_2818": 2.550013903049402,
    "Node_2911": 2.550013903049402,
    "Node_2919": 1.7000139030494021,
    "Node_3331": 2.550013903049402,
    "Node_3350": 1.7000139030494021,
    "Node_3547": 8.642410765594585,
    "Node_3567": 0.8500139030494022,
    "Node_3577": 5.567525720641394,
    "Node_3605": 8.330025720641393,
    "Node_3654": 32.423347807952545,
    "Node_3764": 2.550013903049402,
    "Node_3769": 1.7000139030494021,
    "Node_3776": 2.550013903049402,
    "Node_3895": 1.7000139030494021,
    "Node_3920": 2.550013903049402,
    "Node_4037": 23.03504935582538,
    "Node_4105": 1.7000139030494021,
    "Node_4118": 1.7000139030494021,
    "Node_4170": 5.3125257206413945,
    "Node_4222": 3.1450257206413936,
    "Node_4234": 10.115049355825375,
    "Node_4305": 4.845025720641394,
    "Node_4338": 9.307525720641394,
    "Node_4417": 2.1675257206413936,
    "Node_4419": 2.550013903049402,
    "Node_4439": 4.250013903049402,
    "Node_4456": 3.8675257206413938,
    "Node_4483": 4.250013903049402,
    "Node_4492": 6.630025720641394,
    "Node_4518": 1.7000139030494021,
    "Node_4529": 4.122525720641394,
    "Node_4539": 25.92504935582538,
    "Node_4646": 1.7000139030494021,
    "Node_4680": 1.7000139030494021,
    "Node_4721": 3.400013903049402,
    "Node_4777": 0.8500139030494022,
    "Node_4953": 6.630025720641394,
    "Node_4979": 0.8500139030494022,
    "Node_5005": 3.400013903049402,
    "Node_5064": 29.945583035962557,
    "Node_5142": 2.550013903049402,
    "Node_5207": 4.250013903049402,
    "Node_5234": 0.8500139030494022,
    "Node_5272": 2.550013903049402,
    "Node_5451": 7.140037538233385,
    "Node_5462": 1.7000139030494021,
    "Node_5506": 1.7000139030494021,
    "Node_5636": 4.250013903049402,
    "Node_5676": 8.330037538233384,
    "Node_5700": 2.550013903049402,
    "Node_5746": 2.564910765594586,
    "Node_5840": 7.862537538233386,
    "Node_5953": 1.7000139030494021,
    "Node_6032": 9.775037538233386,
    "Node_6199": 2.550013903049402,
    "Node_6208": 101.8301557141533,
    "Node_6261": 16.36893440077857,
    "Node_6265": 5.100013903049402,
    "Node_6315": 6.417525720641394,
    "Node_6329": 4.845025720641394,
    "Node_6340": 6.502525720641394,
    "Node_6433": 3.995025720641394,
    "Node_6471": 4.250013903049402,
    "Node_6500": 7.424785765594586,
    "Node_6551": 5.950013903049403,
    "Node_6575": 1.3903049402168878e-05,
    "Node_6756": 59.41512026137732,
    "Node_6862": 2.4225257206413935,
    "Node_6888": 10.2000139030494,
    "Node_6907": 1.3903049402168878e-05,
    "Node_6951": 1.7000139030494021,
    "Node_6991": 11.910502441375474,
    "Node_6992": 7.607525720641394,
    "Node_7121": 0.8500139030494022,
    "Node_7129": 2.4225257206413935,
    "Node_7137": 11.687525720641393,
    "Node_7201": 3.400013903049402,
    "Node_7226": 1.7000139030494021,
    "Node_7264": 1.7000139030494021,
    "Node_7304": 5.950013903049403,
    "Node_7316": 5.100013903049402,
    "Node_7379": 33.745084808601355,
    "Node_7410": 3.1450257206413936,
    "Node_7450": 1.7000139030494021,
    "Node_7603": 2.550013903049402,
    "Node_7768": 9.052525720641393,
    "Node_7811": 9.220215342015013,
    "Node_7826": 7.607537538233386,
    "Node_7868": 1.7000139030494021,
    "Node_7943": 3.2725257206413936,
    "Node_7947": 6.035025720641394,
    "Node_7993": 4.5900257206413935,
    "Node_8022": 3.400013903049402,
    "Node_8026": 33.940616716099726,
    "Node_8190": 21.207525720641396,
    "Node_8219": 2.550013903049402,
    "Node_8222": 3.0175257206413932,
    "Node_8412": 3.8675257206413938,
    "Node_8455": 0.8500139030494022,
    "Node_8574": 34.21253753823338,
    "Node_8624": 6.757561173417369,
    "Node_8638": 5.5675375382333865,
    "Node_8664": 0.8500139030494022,
    "Node_8682": 0.8500139030494022,
    "Node_8777": 1.7000139030494021,
    "Node_8786": 3.400013903049402,
    "Node_8800": 26.50305585550098,
    "Node_8849": 1.5725257206413938,
    "Node_8897": 1.7000139030494021,
    "Node_8952": 4.335037538233386,
    "Node_9026": 2.550013903049402,
    "Node_9113": 1212.16012691109,
    "Node_9177": 2.550013903049402,
    "Node_9228": 4.845025720641394,
    "Node_9259": 1.3903049402168878e-05,
    "Node_9271": 1.7000139030494021,
    "Node_9286": 5.100013903049402,
    "Node_9482": 3.1450257206413936,
    "Node_9636": 1.7000139030494021,
    "Node_9646": 1.3903049402168878e-05,
    "Node_9751": 7.735037538233386,
    "Node_9899": 4.122525720641394,
    "Node_9921": 3.400013903049402,
    "Node_9927": 3.995025720641394,
    "Node_9977": 1.7000139030494021,
    "Node_9987": 1.7000139030494021,
    "Node_10024": 1.7000139030494021,
    "Node_10104": 1.3903049402168878e-05,
    "Node_10137": 8.202525720641393,
    "Node_10223": 0.8500139030494022,
    "Node_10236": 5.567525720641394,
    "Node_10264": 364.8115576281397,
    "Node_10288": 10.497537538233384,
    "Node_10307": 1.7000139030494021,
    "Node_10344": 13.387549355825376,
    "Node_10359": 12.962549355825377,
    "Node_10400": 4.717525720641394,
    "Node_10505": 1.7000139030494021,
    "Node_10602": 2.8900257206413933
}