{
    "Node_16": 0.8500139030494022,
    "Node_59": 3.400013903049402,
    "Node_122": 1.7000139030494021,
    "Node_143": 3.995025720641394,
    "Node_212": 2.550013903049402,
    "Node_247": 20.145025720641396,
    "Node_269": 3.995025720641394,
    "Node_398": 4.5900257206413935,
    "Node_407": 1.7000139030494021,
    "Node_444": 3.995025720641394,
    "Node_446": 5.100013903049402,
    "Node_462": 0.8500139030494022,
    "Node_478": 3.7400257206413934,
    "Node_486": 21.675096626193348,
    "Node_496": 1.7000139030494021,
    "Node_511": 1.3903049402168878e-05,
    "Node_659": 0.8500139030494022,
    "Node_712": 5.695025720641395,
    "Node_714": 170.55341938664384,
    "Node_717": 1.7000139030494021,
    "Node_734": 1.5725257206413938,
    "Node_787": 4.250013903049402,
    "Node_789": 4.590037538233386,
    "Node_854": 2.4225257206413935,
    "Node_856": 8.457525720641394,
    "Node_869": 11.36667258318658,
    "Node_888": 1.3903049402168878e-05,
    "Node_942": 0.8500139030494022,
    "Node_951": 1.7000139030494021,
    "Node_969": 8.797537538233385,
    "Node_975": 3.1450257206413936,
    "Node_986": 28.475049355825377,
    "Node_1009": 0.850025720641394,
    "Node_1062": 4.250013903049402,
    "Node_1122": 1.7000139030494021,
    "Node_1206": 3.400013903049402,
    "Node_1280": 6.417537538233385,
    "Node_1455": 8.094172583186579,
    "Node_1502": 3.0175257206413932,
    "Node_1580": 1.7000139030494021,
    "Node_1601": 2.550013903049402,
    "Node_1637": 0.8500139030494022,
    "Node_1640": 1.3903049402168878e-05,
    "Node_1649": 1.7000139030494021,
    "Node_1664": 20.57007299100936,
    "Node_1678": 4.717525720641394,
    "Node_1684": 16.27754935582538,
    "Node_1697": 5.100013903049402,
    "Node_1718": 2.550013903049402,
    "Node_1748": 1.3903049402168878e-05,
    "Node_1767": 18.062525720641396,
    "Node_1805": 4.250013903049402,
    "Node_1861": 0.8500139030494022,
    "Node_1862": 3.1450257206413936,
    "Node_1869": 7.650013903049402,
    "Node_1873": 11.475037538233385,
    "Node_1991": 2.550013903049402,
    "Node_2020": 12.792525720641391,
    "Node_2043": 0.8500139030494022,
    "Node_2068": 0.8500139030494022,
    "Node_2158": 3.400013903049402,
    "Node_2321": 2.4225257206413935,
    "Node_2420": 1.7000139030494021,
    "Node_2439": 3.400013903049402,
    "Node_2446": 7.012549355825378,
    "Node_2456": 5.567525720641394,
    "Node_2460": 4.250013903049402,
    "Node_2558": 1.7000139030494021,
    "Node_2598": 0.8500139030494022,
    "Node_2610": 5.440025720641394,
    "Node_2620": 4.5900257206413935,
    "Node_2750": 2.550013903049402,
    "Node_2808": 1.7000139030494021,
    "Node_2824": 8.585037538233385,
    "Node_2862": 3.8675257206413938,
    "Node_2929": 10.030037538233385,
    "Node_2954": 4.590037538233386,
    "Node_2960": 2.550013903049402,
    "Node_2963": 1.7000139030494021,
    "Node_3022": 7.140037538233385,
    "Node_3158": 1.7000257206413942,
    "Node_3199": 1.7000139030494021,
    "Node_3260": 24.607561173417366,
    "Node_3345": 18.317525720641395,
    "Node_3346": 4.335037538233386,
    "Node_3370": 10.242537538233384,
    "Node_3390": 3.0175257206413932,
    "Node_3432": 1.7000139030494021,
    "Node_3499": 0.8500139030494022,
    "Node_3546": 5.100013903049402,
    "Node_3550": 2.2950257206413935,
    "Node_3680": 665.3464102256924,
    "Node_3728": 10.030037538233385,
    "Node_3730": 2.550013903049402,
    "Node_3794": 4.8450375382333855,
    "Node_3799": 2.550013903049402,
    "Node_3813": 2.550013903049402,
    "Node_3963": 439.5691876216516,
    "Node_4022": 3.8675257206413938,
    "Node_4043": 1.7000139030494021,
    "Node_4120": 0.8500139030494022,
    "Node_4183": 182.84603538326076,
    "Node_4216": 37.329969853554545,
    "Node_4225": 10.965049355825377,
    "Node_4326": 4.250013903049402,
    "Node_4463": 4.462525720641394,
    "Node_4503": 0.8500139030494022,
    "Node_4522": 2.550013903049402,
    "Node_4547": 0.8500139030494022,
    "Node_4618": 2.2950257206413935,
    "Node_4642": 3.0175257206413932,
    "Node_4684": 0.722525720641394,
    "Node_4697": 3.0175257206413932,
    "Node_4726": 40.55992258318658,
    "Node_4738": 13.515049355825377,
    "Node_4756": 1.3903049402168878e-05,
    "Node_4799": 3.400013903049402,
    "Node_4828": 6.035037538233386,
    "Node_4853": 1.3903049402168878e-05,
    "Node_4898": 6.757537538233386,
    "Node_4948": 0.8500139030494022,
    "Node_4950": 0.8500139030494022,
    "Node_4970": 31.430910765594582,
    "Node_5016": 0.8500139030494022,
    "Node_5053": 3.400013903049402,
    "Node_5243": 3.400013903049402,
    "Node_5264": 0.8500139030494022,
    "Node_5265": 2.550013903049402,
    "Node_5370": 7.225037538233386,
    "Node_5595": 0.8500139030494022,
    "Node_5761": 8.457537538233385,
    "Node_5786": 8.202549355825377,
    "Node_5826": 1.7000139030494021,
    "Node_5865": 0.8500139030494022,
    "Node_5950": 32.31491076559458,
    "Node_5960": 1.7000139030494021,
    "Node_6072": 6.035025720641394,
    "Node_6096": 2.550013903049402,
    "Node_6154": 2.550013903049402,
    "Node_6163": 5.440037538233385,
    "Node_6165": 3.0175257206413932,
    "Node_6180": 2.5500257206413934,
    "Node_6247": 1.3903049402168878e-05,
    "Node_6304": 11.347537538233386,
    "Node_6317": 1.7000139030494021,
    "Node_6407": 4.122525720641394,
    "Node_6459": 2.2950257206413935,
    "Node_6511": 1.7000139030494021,
    "Node_6562": 7.012537538233385,
    "Node_6577": 3.400013903049402,
    "Node_6590": 3.8675257206413938,
    "Node_6674": 0.8500139030494022,
    "Node_6724": 1.7000139030494021,
    "Node_6741": 4.5900257206413935,
    "Node_6744": 2.550013903049402,
    "Node_6786": 2.2950257206413935,
    "Node_6807": 1.7000139030494021,
    "Node_6891": 3.2725257206413936,
    "Node_6968": 18.62567258318658,
    "Node_7027": 4.250013903049402,
    "Node_7052": 12.920037538233384,
    "Node_7105": 0.8500139030494022,
    "Node_7157": 14.152537538233386,
    "Node_7163": 1.7000139030494021,
    "Node_7258": 22.652561173417368,
    "Node_7340": 1.7000139030494021,
    "Node_7411": 2.8900257206413933,
    "Node_7412": 3.8675257206413938,
    "Node_7496": 0.8500139030494022,
    "Node_7533": 3.0175375382333853,
    "Node_7670": 3.1450257206413936,
    "Node_8092": 3.8675257206413938,
    "Node_8117": 3.400013903049402,
    "Node_8130": 0.8500139030494022,
    "Node_8139": 1.7000139030494021,
    "Node_8262": 50.23295803596255,
    "Node_8303": 2.550013903049402,
    "Node_8551": 8.117525720641392,
    "Node_8599": 5.950013903049403,
    "Node_8715": 0.8500139030494022,
    "Node_8746": 3.400013903049402,
    "Node_8762": 2.550013903049402,
    "Node_8785": 23.80004935582538,
    "Node_8804": 0.8500139030494022,
    "Node_8822": 1.7000139030494021,
    "Node_8835": 3.8675257206413938,
    "Node_8843": 3.2725257206413936,
    "Node_8855": 4.250025720641394,
    "Node_8883": 0.8500139030494022,
    "Node_8926": 1.7000139030494021,
    "Node_8939": 9.180037538233384,
    "Node_8941": 2.781672583186578,
    "Node_8979": 1.7000139030494021,
    "Node_8991": 8.797549355825376,
    "Node_9017": 1.3903049402168878e-05,
    "Node_9167": 6.181672583186578,
    "Node_9179": 1.7000139030494021,
    "Node_9191": 15.555049355825377,
    "Node_9337": 1.7000139030494021,
    "Node_9424": 3.400013903049402,
    "Node_9461": 0.8500139030494022,
    "Node_9537": 1.7000139030494021,
    "Node_9549": 17.76508480860135,
    "Node_9608": 0.8500139030494022,
    "Node_9781": 2.550013903049402,
    "Node_9789": 0.8500139030494022,
    "Node_9799": 7.480037538233385,
    "Node_9820": 12.070025720641391,
    "Node_9840": 14.025049355825377,
    "Node_9862": 1.7000139030494021,
    "Node_9865": 1.7000139030494021,
    "Node_9976": 10.880037538233385,
    "Node_10132": 21.547549355825378,
    "Node_10182": 1.7000139030494021,
    "Node_10238": 7.267525720641394,
    "Node_10293": 3.400013903049402,
    "Node_10315": 1.7000139030494021,
    "Node_10340": 5.567525720641394,