{
    "Node_65": 8.797537538233385,
    "Node_83": 0.8500139030494022,
    "Node_94": 1.7000139030494021,
    "Node_129": 2.550013903049402,
    "Node_316": 7.267525720641394,
    "Node_332": 1.7000139030494021,
    "Node_387": 15.300025720641393,
    "Node_389": 0.8500139030494022,
    "Node_428": 7.352537538233385,
    "Node_516": 4.250025720641394,
    "Node_549": 2.1675375382333857,
    "Node_553": 1.7000139030494021,
    "Node_560": 3.0175257206413932,
    "Node_586": 2.550013903049402,
    "Node_704": 7.650013903049402,
    "Node_788": 12.19756117341737,
    "Node_920": 5.695025720641395,
    "Node_925": 8.372525720641393,
    "Node_1014": 18.78079758318658,
    "Node_1030": 6.035037538233386,
    "Node_1043": 5.100025720641394,
    "Node_1136": 2.550013903049402,
    "Node_1143": 6.545037538233386,
    "Node_1145": 7.607525720641394,
    "Node_1190": 8.925037538233385,
    "Node_1193": 25.967549355825376,
    "Node_1217": 7.522525720641394,
    "Node_1240": 14.450025720641394,
    "Node_1317": 5.950013903049403,
    "Node_1343": 45.22008480860135,
    "Node_1371": 3.1450257206413936,
    "Node_1420": 1.7000139030494021,
    "Node_1435": 5.822525720641394,
    "Node_1508": 56.62502894151449,
    "Node_1565": 5.3125257206413945,
    "Node_1648": 0.722525720641394,
    "Node_1672": 15.215049355825375,
    "Node_1725": 2.4225257206413935,
    "Node_1831": 45.22004935582537,
    "Node_1878": 3.995025720641394,
    "Node_1892": 51.99880032092871,
    "Node_1972": 3.2725257206413936,
    "Node_1989": 18.360061173417368,
    "Node_2012": 3.612525720641394,
    "Node_2034": 22.15318440077857,
    "Node_2102": 5.440025720641394,
    "Node_2106": 32.300025720641386,
    "Node_2191": 6.885025720641393,
    "Node_2193": 9.180037538233384,
    "Node_2202": 1.7000139030494021,
    "Node_2224": 1.7000139030494021,
    "Node_2227": 20.61256117341737,
    "Node_2254": 1.7000139030494021,
    "Node_2256": 1.7000139030494021,
    "Node_2271": 0.8500139030494022,
    "Node_2316": 6.035025720641394,
    "Node_2378": 1.7000139030494021,
    "Node_2380": 8.330049355825377,
    "Node_2564": 1.7000139030494021,
    "Node_2570": 11.636535765594585,
    "Node_2611": 1.7000139030494021,
    "Node_2654": 2.550013903049402,
    "Node_2657": 0.8500139030494022,
    "Node_2719": 2.890037538233385,
    "Node_2769": 2.4225257206413935,
    "Node_2791": 7.862525720641395,
    "Node_2860": 7.480037538233385,
    "Node_2890": 0.8500139030494022,
    "Node_2925": 8.202537538233386,
    "Node_2982": 1.7000139030494021,
    "Node_3160": 1.7000139030494021,
    "Node_3203": 62.3986521688757,
    "Node_3204": 6.290025720641394,
    "Node_3226": 0.8500139030494022,
    "Node_3306": 13.175037538233385,
    "Node_3392": 3.7400257206413934,
    "Node_3470": 0.722525720641394,
    "Node_3476": 10.030049355825376,
    "Node_3477": 1.3903049402168878e-05,
    "Node_3521": 1.7000139030494021,
    "Node_3523": 2.550013903049402,
    "Node_3545": 2.550013903049402,
    "Node_3615": 2.550013903049402,
    "Node_3631": 3.8675257206413938,
    "Node_3661": 5.950013903049403,
    "Node_3667": 17.977549355825378,
    "Node_3710": 4.5900257206413935,
    "Node_3713": 13.132537538233384,
    "Node_3800": 7.140025720641394,
    "Node_3828": 15.342525720641392,
    "Node_3886": 3.8675257206413938,
    "Node_3940": 3.8675257206413938,
    "Node_3985": 2.8900257206413933,
    "Node_4065": 9.180037538233384,
    "Node_4067": 6.162549355825377,
    "Node_4070": 9.180025720641392,
    "Node_4101": 3.1450257206413936,
    "Node_4148": 4.250013903049402,
    "Node_4157": 1.7000139030494021,
    "Node_4198": 2.550013903049402,
    "Node_4261": 3.400013903049402,
    "Node_4322": 8.202537538233384,
    "Node_4501": 15.880182628139769,
    "Node_4514": 2.550013903049402,
    "Node_4563": 3.0175257206413932,
    "Node_4569": 1.7000139030494021,
    "Node_4594": 4.250013903049402,
    "Node_4685": 7.735037538233386,
    "Node_4735": 30.600061173417366,
    "Node_4818": 1.7000139030494021,
    "Node_4825": 1.7000139030494021,
    "Node_4963": 2.550013903049402,
    "Node_4986": 4.859910765594587,
    "Node_5035": 3.612525720641394,
    "Node_5082": 363.83405762813976,
    "Node_5141": 12.792525720641391,
    "Node_5160": 0.8500139030494022,
    "Node_5291": 25.045341308276946,
    "Node_5374": 9.936535765594584,
    "Node_5482": 2.550013903049402,
    "Node_5536": 8.925037538233385,
    "Node_5593": 3.0175257206413932,
    "Node_5607": 1.7000139030494021,
    "Node_5709": 54.44252572064139,
    "Node_5732": 1.3903049402168878e-05,
    "Node_5777": 8.457537538233385,
    "Node_5783": 0.8500139030494022,
    "Node_5829": 702.3445833024375,
    "Node_5885": 1.7000139030494021,
    "Node_5905": 10.242525720641392,
    "Node_5938": 1.7000139030494021,
    "Node_5976": 14.994059400778568,
    "Node_6103": 13.982525720641393,
    "Node_6122": 167.08187478855777,
    "Node_6126": 1.7000139030494021,
    "Node_6145": 3.400013903049402,
    "Node_6166": 4.609160765594587,
    "Node_6193": 9.690025720641392,
    "Node_6227": 9.562549355825377,
    "Node_6312": 5.3125257206413945,
    "Node_6313": 6.162537538233386,
    "Node_6328": 3.995025720641394,
    "Node_6393": 3.1450257206413936,
    "Node_6413": 2.295037538233385,
    "Node_6481": 1.445025720641394,
    "Node_6488": 14.078192673092962,
    "Node_6548": 1.7000139030494021,
    "Node_6560": 2.550013903049402,
    "Node_6621": 3.400013903049402,
    "Node_6636": 1.7000139030494021,
    "Node_6642": 3.0175257206413932,
    "Node_6754": 0.8500139030494022,
    "Node_6792": 5.440037538233387,
    "Node_6841": 3.2725257206413936,
    "Node_6969": 6.672525720641394,
    "Node_6973": 336.17033030575124,
    "Node_7001": 8.457537538233385,
    "Node_7043": 88.56582121837057,
    "Node_7066": 3.0175257206413932,
    "Node_7142": 7.480025720641394,
    "Node_7162": 3.400013903049402,
    "Node_7235": 5.3125257206413945,
    "Node_7259": 7.480037538233385,
    "Node_7262": 0.8500139030494022,
    "Node_7269": 1.7000139030494021,
    "Node_7270": 16.02254935582538,
    "Node_7302": 15.980037538233384,
    "Node_7354": 2.550013903049402,
    "Node_7512": 0.8500139030494022,
    "Node_7523": 3.8675257206413938,
    "Node_7636": 0.8500139030494022,
    "Node_7640": 5.3125257206413945,
    "Node_7688": 4.462525720641394,
    "Node_7734": 19.167537538233386,
    "Node_7761": 2.550013903049402,
    "Node_7765": 2.550013903049402,
    "Node_7804": 1.7000139030494021,
    "Node_7863": 12.070049355825374,
    "Node_7890": 8.383192673092964,
    "Node_7896": 88.54892403142088,
    "Node_8009": 6.309172583186578,
    "Node_8136": 1.7000139030494021,
    "Node_8305": 0.8500139030494022,
    "Node_8319": 17.000037538233386,
    "Node_8334": 2.550013903049402,
    "Node_8348": 1.7000139030494021,
    "Node_8350": 1.5725257206413938,
    "Node_8510": 7.140025720641394,
    "Node_8617": 2.550013903049402,
    "Node_8761": 5.818285765594587,
    "Node_8767": 1.3903049402168878e-05,
    "Node_8768": 1.3903049402168878e-05,
    "Node_8787": 12.718160765594586,
    "Node_8847": 1.7000139030494021,
    "Node_8861": 4.5900257206413935,
    "Node_8925": 2.550013903049402,
    "Node_8974": 1.7000139030494021,
    "Node_8983": 18.317601353230142,
    "Node_9033": 1.7000139030494021,
    "Node_9146": 0.8500139030494022,
    "Node_9184": 2.550013903049402,
    "Node_9210": 0.8500139030494022,
    "Node_9236": 2.295037538233385,
    "Node_9246": 10.497537538233384,
    "Node_9258": 8.925037538233385,
    "Node_9266": 2.4225257206413935,
    "Node_9276": 1.3903049402168878e-05,
    "Node_9292": 3.7400257206413934,
    "Node_9318": 2.550013903049402,
    "Node_9369": 18.61506117341737,
    "Node_9455": 20.740049355825377,
    "Node_9499": 1.7000139030494021,
    "Node_9500": 2.550013903049402,
    "Node_9507": 12.665025720641394,
    "Node_9523": 13.480334233941976,
    "Node_9571": 1.7000139030494021,
    "Node_9581": 138.45469556956155,
    "Node_9637": 29.155037538233387,
    "Node_9702": 2.5500257206413934,