{
    "Node_78": 1.7000139030494021,
    "Node_84": 3.8675257206413938,
    "Node_110": 1.7000257206413942,
    "Node_115": 3.8675257206413938,
    "Node_248": 2.550013903049402,
    "Node_276": 2.550013903049402,
    "Node_288": 7.225037538233386,
    "Node_291": 2.1675257206413936,
    "Node_311": 0.8500139030494022,
    "Node_333": 5.057525720641395,
    "Node_441": 16.78756117341737,
    "Node_540": 5.312537538233386,
    "Node_567": 27.833344853554546,
    "Node_589": 4.879045810547779,
    "Node_674": 0.8500139030494022,
    "Node_709": 3.400013903049402,
    "Node_796": 3.8675257206413938,
    "Node_812": 3.1450257206413936,
    "Node_831": 5.312537538233386,
    "Node_892": 1.445025720641394,
    "Node_902": 1.7000139030494021,
    "Node_932": 8.330037538233384,
    "Node_933": 2.550013903049402,
    "Node_1038": 2.550013903049402,
    "Node_1115": 3.400013903049402,
    "Node_1301": 5.3125257206413945,
    "Node_1310": 0.722525720641394,
    "Node_1349": 1.7000139030494021,
    "Node_1352": 4.250013903049402,
    "Node_1379": 3.7400375382333846,
    "Node_1443": 1.7000139030494021,
    "Node_1478": 6.417525720641394,
    "Node_1552": 25.075049355825378,
    "Node_1621": 4.845025720641394,
    "Node_1711": 1.7000139030494021,
    "Node_1818": 12.665049355825376,
    "Node_1823": 4.717525720641394,
    "Node_1827": 69.53007299100938,
    "Node_1832": 0.8500139030494022,
    "Node_1839": 8.202537538233384,
    "Node_1852": 11.220037538233385,
    "Node_1924": 4.845025720641394,
    "Node_1945": 2.550013903049402,
    "Node_2013": 8.202525720641393,
    "Node_2049": 5.567525720641394,
    "Node_2063": 3.995025720641394,
    "Node_2262": 11.390037538233386,
    "Node_2285": 3.995025720641394,
    "Node_2297": 3.400013903049402,
    "Node_2334": 25.48942081054778,
    "Node_2417": 16.44754935582538,
    "Node_2430": 13.04118262813977,
    "Node_2440": 5.185037538233385,
    "Node_2596": 1.7000139030494021,
    "Node_2624": 1.7000139030494021,
    "Node_2646": 1.7000139030494021,
    "Node_2696": 0.8500139030494022,
    "Node_2728": 57.566295810547786,
    "Node_2732": 1.7000139030494021,
    "Node_2829": 30.47254935582537,
    "Node_2888": 0.8500139030494022,
    "Node_2893": 1.3903049402168878e-05,
    "Node_2956": 7.877422583186579,
    "Node_2968": 6.757537538233386,
    "Node_2987": 4.717525720641394,
    "Node_3017": 814.5354578504727,
    "Node_3100": 1.7000139030494021,
    "Node_3103": 1.5725257206413938,
    "Node_3225": 12.410049355825377,
    "Node_3243": 1.7000139030494021,
    "Node_3308": 7.012525720641395,
    "Node_3377": 1.7000139030494021,
    "Node_3398": 2.4225257206413935,
    "Node_3510": 1.7000139030494021,
    "Node_3527": 1.7000139030494021,
    "Node_3531": 3.7400257206413934,
    "Node_3558": 3.867537538233386,
    "Node_3637": 1.7000139030494021,
    "Node_3696": 3.0175257206413932,
    "Node_3722": 21.519958035962553,
    "Node_3826": 3.0175257206413932,
    "Node_3910": 8.500013903049402,
    "Node_4096": 320.17175463371257,
    "Node_4153": 5.100013903049402,
    "Node_4163": 2.1675257206413936,
    "Node_4254": 11.475049355825377,
    "Node_4273": 5.100013903049402,
    "Node_4480": 11.942537538233385,
    "Node_4526": 1.3903049402168878e-05,
    "Node_4559": 4.717525720641394,
    "Node_4573": 14.110061173417368,
    "Node_4596": 5.950013903049403,
    "Node_4681": 0.8500139030494022,
    "Node_4720": 3.400013903049402,
    "Node_4840": 1.3903049402168878e-05,
    "Node_4854": 1.5725257206413938,
    "Node_4855": 6.800013903049402,
    "Node_4918": 1.7000139030494021,
    "Node_4947": 4.590037538233386,
    "Node_5001": 1.3903049402168878e-05,
    "Node_5069": 731.529842089165,
    "Node_5088": 3.0175257206413932,
    "Node_5104": 24.48004935582538,
    "Node_5115": 1.7000257206413942,
    "Node_5135": 368.6790694457317,
    "Node_5279": 3.867537538233385,
    "Node_5295": 1.7000139030494021,
    "Node_5319": 3.1450257206413936,
    "Node_5372": 10.663297583186578,
    "Node_5433": 12.792537538233384,
    "Node_5436": 2.550013903049402,
    "Node_5437": 7.622434400778571,
    "Node_5612": 0.8500139030494022,
    "Node_5623": 9.109922583186577,
    "Node_5628": 3.400013903049402,
    "Node_5820": 5.440037538233386,
    "Node_5823": 9.817537538233386,
    "Node_5967": 1.7000139030494021,
    "Node_6055": 1.7000139030494021,
    "Node_6112": 3.995025720641394,
    "Node_6271": 4.845025720641394,
    "Node_6348": 143.1232230744276,
    "Node_6445": 1.3903049402168878e-05,
    "Node_6455": 9.435049355825377,
    "Node_6541": 1.7000139030494021,
    "Node_6547": 2.550013903049402,
    "Node_6658": 44.739895078320515,
    "Node_6668": 14.237537538233383,
    "Node_6717": 2.550013903049402,
    "Node_6747": 6.800013903049402,
    "Node_6801": 3.7400257206413934,
    "Node_6832": 3.995025720641394,
    "Node_6881": 2.550013903049402,
    "Node_6964": 6.630049355825379,
    "Node_7017": 26.562572991009365,
    "Node_7024": 3.0175257206413932,
    "Node_7064": 9.690025720641392,
    "Node_7074": 3.400013903049402,
    "Node_7086": 2.2950257206413935,
    "Node_7190": 2.4225375382333856,
    "Node_7216": 3.400013903049402,
    "Node_7224": 0.8500139030494022,
    "Node_7234": 3.400013903049402,
    "Node_7238": 21.632561173417372,
    "Node_7282": 0.8500139030494022,
    "Node_7441": 7.650013903049402,
    "Node_7520": 8.117537538233384,
    "Node_7535": 4.250013903049402,
    "Node_7550": 18.270833035962553,
    "Node_7564": 394.9441167160997,
    "Node_7622": 9.562525720641394,
    "Node_7666": 3.1450257206413936,
    "Node_7751": 5.440025720641394,
    "Node_7775": 0.8500139030494022,
    "Node_7777": 3.400013903049402,
    "Node_7893": 5.185025720641394,
    "Node_7964": 2.550013903049402,
    "Node_7972": 0.8500139030494022,
    "Node_8018": 3.395785765594587,
    "Node_8098": 1.7000139030494021,
    "Node_8115": 1.7000139030494021,
    "Node_8141": 7.480037538233385,
    "Node_8306": 0.8500139030494022,
    "Node_8314": 7.352525720641394,
    "Node_8354": 2.550013903049402,
    "Node_8362": 3.1450257206413936,
    "Node_8472": 3.1450375382333857,
    "Node_8493": 1.7000139030494021,
    "Node_8518": 11.560037538233384,
    "Node_8566": 3.400013903049402,
    "Node_8601": 5.822525720641394,
    "Node_8667": 5.440037538233385,
    "Node_8681": 12.240037538233386,
    "Node_8729": 1.5725257206413938,
    "Node_8738": 344.3725249293262,
    "Node_8741": 1.7000139030494021,
    "Node_8783": 5.567525720641394,
    "Node_8881": 4.5900257206413935,
    "Node_8906": 3.867537538233385,
    "Node_8957": 9.647549355825376,
    "Node_8966": 1.7000139030494021,
    "Node_8992": 19.970833035962556,
    "Node_9041": 11.347549355825377,
    "Node_9057": 27.716469853554546,
    "Node_9110": 22.73118262813977,
    "Node_9134": 0.8500139030494022,
    "Node_9161": 6.035025720641394,
    "Node_9183": 6.035025720641394,
    "Node_9223": 4.717525720641394,
    "Node_9273": 4.250013903049402,
    "Node_9360": 0.8500139030494022,
    "Node_9441": 2.550013903049402,
    "Node_9464": 5.185025720641394,
    "Node_9479": 3.1450257206413936,
    "Node_9538": 3.7400257206413934,
    "Node_9604": 17.473956263323753,
    "Node_9629": 7.012525720641395,
    "Node_9687": 4.972525720641394,
    "Node_9696": 0.8500139030494022,
    "Node_9841": 2.550013903049402,
    "Node_10040": 0.8500139030494022,
    "Node_10107": 0.8500139030494022,
    "Node_10125": 8.117525720641392,
    "Node_10131": 6.035037538233386,
    "Node_10146": 2.550013903049402,
    "Node_10205": 4.717525720641394,
    "Node_10242": 1.3903049402168878e-05,
    "Node_10279": 2.550013903049402,
    "Node_10286": 13.46832121837056,
    "Node_10353": 9.945025720641393,
    "Node_10364": 4.250013903049402,
    "Node_10390": 0.8500139030494022,
    "Node_10462": 1.7000139030494021,
    "Node_10472": 1.445025720641394,
    "Node_10494": 0.8500139030494022,
    "Node_10538": 2.2950257206413935,
    "Node_10592": 161.3387703447956,
    "Node_10594": 44.19374998841412,