{
    "Node_1": 3.8675257206413938,
    "Node_114": 3.867537538233385,
    "Node_130": 7.2250375382333845,
    "Node_156": 5.567525720641394,
    "Node_272": 1.3903049402168878e-05,
    "Node_334": 1.7000139030494021,
    "Node_397": 13.260049355825377,
    "Node_535": 177.58664502039113,
    "Node_552": 3.400013903049402,
    "Node_688": 0.8500139030494022,
    "Node_776": 0.8500139030494022,
    "Node_834": 2.4225257206413935,
    "Node_860": 2.550013903049402,
    "Node_877": 2.550013903049402,
    "Node_906": 9.690025720641392,
    "Node_926": 1.7000139030494021,
    "Node_929": 5.3125257206413945,
    "Node_963": 3.2725257206413936,
    "Node_1092": 1.7000139030494021,
    "Node_1188": 5.440037538233385,
    "Node_1197": 4.5900257206413935,
    "Node_1251": 4.462525720641394,
    "Node_1277": 4.717525720641394,
    "Node_1378": 1.7000139030494021,
    "Node_1417": 4.590037538233386,
    "Node_1418": 0.8500139030494022,
    "Node_1507": 5.567525720641394,
    "Node_1549": 1.7000139030494021,
    "Node_1599": 1.7000139030494021,
    "Node_1758": 67.33927894151451,
    "Node_1773": 5.185037538233385,
    "Node_1803": 0.8500139030494022,
    "Node_1860": 1.7000139030494021,
    "Node_1877": 1.5725257206413938,
    "Node_1922": 1.7000139030494021,
    "Node_2001": 0.8500139030494022,
    "Node_2040": 1.5725257206413938,
    "Node_2131": 1.7000139030494021,
    "Node_2190": 6.162525720641394,
    "Node_2221": 28.517561173417366,
    "Node_2250": 6.829785765594586,
    "Node_2295": 2.550013903049402,
    "Node_2374": 13.047549355825376,
    "Node_2419": 2.550013903049402,
    "Node_2547": 1.3903049402168878e-05,
    "Node_2549": 2.550013903049402,
    "Node_2655": 5.440025720641394,
    "Node_2734": 32.38507299100935,
    "Node_2755": 2.550013903049402,
    "Node_2834": 8.585037538233385,
    "Node_2892": 1.7000139030494021,
    "Node_2916": 4.845025720641394,
    "Node_3043": 1.445025720641394,
    "Node_3072": 10.030037538233387,
    "Node_3104": 1.7000139030494021,
    "Node_3110": 6.417537538233386,
    "Node_3153": 10.880037538233385,
    "Node_3178": 2.2950257206413935,
    "Node_3263": 4.250013903049402,
    "Node_3285": 2.4225257206413935,
    "Node_3313": 1.3903049402168878e-05,
    "Node_3315": 5.440025720641394,
    "Node_3438": 14.705025720641391,
    "Node_3480": 7.395025720641394,
    "Node_3509": 2.550013903049402,
    "Node_3583": 10.04918440077857,
    "Node_3591": 0.8500139030494022,
    "Node_3656": 4.250013903049402,
    "Node_3677": 5.095785765594587,
    "Node_3777": 7.862525720641395,
    "Node_3790": 5.3125257206413945,
    "Node_3796": 8.585025720641392,
    "Node_3801": 4.250013903049402,
    "Node_3831": 8.835785765594586,
    "Node_3836": 1.7000139030494021,
    "Node_3841": 6.417525720641394,
    "Node_3972": 35.10512026137733,
    "Node_4014": 9.520037538233385,
    "Node_4029": 2.550013903049402,
    "Node_4074": 9.647537538233385,
    "Node_4119": 24.94754935582538,
    "Node_4146": 6.162537538233386,
    "Node_4256": 15.266067673092964,
    "Node_4334": 7.650013903049402,
    "Node_4336": 4.5900257206413935,
    "Node_4388": 4.250013903049402,
    "Node_4545": 0.8500139030494022,
    "Node_4605": 2.550013903049402,
    "Node_4639": 18.912549355825377,
    "Node_4688": 4.590037538233386,
    "Node_4755": 1.7000139030494021,
    "Node_4807": 4.717525720641394,
    "Node_4808": 7.012537538233386,
    "Node_4999": 6.035025720641394,
    "Node_5079": 5.3125257206413945,
    "Node_5086": 3.0175257206413932,
    "Node_5098": 1.7000139030494021,
    "Node_5109": 1.7000139030494021,
    "Node_5178": 1249.607884419895,
    "Node_5241": 1.3903049402168878e-05,
    "Node_5289": 1.7000139030494021,
    "Node_5387": 10.157549355825376,
    "Node_5392": 0.8500139030494022,
    "Node_5394": 15.810084808601353,
    "Node_5396": 2.550013903049402,
    "Node_5406": 44.66758480860135,
    "Node_5454": 2.550013903049402,
    "Node_5495": 3.995025720641394,
    "Node_5496": 0.8500139030494022,
    "Node_5504": 4.845025720641394,
    "Node_5557": 8.202525720641393,
    "Node_5583": 4.845025720641394,
    "Node_5643": 10.752525720641392,
    "Node_5821": 1.7000139030494021,
    "Node_5827": 74.83839212392252,
    "Node_5982": 0.8500139030494022,
    "Node_6099": 3.400013903049402,
    "Node_6275": 1.7000139030494021,
    "Node_6353": 3.0175257206413932,
    "Node_6466": 11.254047583186576,
    "Node_6507": 3.400013903049402,
    "Node_6555": 3.7400257206413934,
    "Node_6651": 3.995025720641394,
    "Node_6672": 2.550013903049402,
    "Node_6714": 1.5725257206413938,
    "Node_6768": 8.075025720641392,
    "Node_6788": 4.5900257206413935,
    "Node_6824": 1.7000139030494021,
    "Node_6873": 1.7000139030494021,
    "Node_6896": 0.8500139030494022,
    "Node_6929": 2.550013903049402,
    "Node_6941": 2.4225257206413935,
    "Node_6961": 2.550013903049402,
    "Node_7035": 4.462525720641394,
    "Node_7263": 7.140037538233386,
    "Node_7288": 3.400013903049402,
    "Node_7289": 1.7000139030494021,
    "Node_7295": 5.3125257206413945,
    "Node_7301": 7.352537538233387,
    "Node_7331": 67.90673489201963,
    "Node_7336": 7.735025720641393,
    "Node_7348": 2.550013903049402,
    "Node_7419": 6.417525720641394,
    "Node_7454": 7.607537538233386,
    "Node_7654": 2.550013903049402,
    "Node_7668": 3.400013903049402,
    "Node_7762": 6.93817258318658,
    "Node_7855": 1.5725257206413938,
    "Node_7918": 4.250013903049402,
    "Node_7925": 2.550013903049402,
    "Node_7954": 1.7000139030494021,
    "Node_7963": 2.550013903049402,
    "Node_7995": 5.945785765594587,
    "Node_8011": 3.0175257206413932,
    "Node_8071": 3.8675257206413938,
    "Node_8074": 1.5725257206413938,
    "Node_8078": 5.567525720641394,
    "Node_8167": 2.550013903049402,
    "Node_8175": 6.290025720641394,
    "Node_8196": 7.990025720641394,
    "Node_8207": 126.8763486890583,
    "Node_8257": 1.3903049402168878e-05,
    "Node_8312": 1.7000139030494021,
    "Node_8338": 15.555049355825375,
    "Node_8366": 2.550013903049402,
    "Node_8385": 6.035025720641394,
    "Node_8398": 5.945785765594587,
    "Node_8443": 5.100013903049402,
    "Node_8448": 4.717525720641394,
    "Node_8474": 7.012525720641395,
    "Node_8563": 0.850025720641394,
    "Node_8680": 4.250013903049402,
    "Node_8734": 4.250013903049402,
    "Node_8806": 4.250013903049402,
    "Node_8854": 3.2725257206413936,
    "Node_8866": 13.982537538233384,
    "Node_8916": 0.8500139030494022,
    "Node_8998": 0.8500139030494022,
    "Node_9031": 1.5725257206413938,
    "Node_9070": 3.7400257206413934,
    "Node_9242": 18.912525720641394,
    "Node_9252": 1.7000139030494021,
    "Node_9309": 3.2725257206413936,
    "Node_9328": 6.545025720641394,
    "Node_9331": 0.8500139030494022,
    "Node_9338": 2.550013903049402,
    "Node_9681": 1.7000139030494021,
    "Node_9710": 3.400013903049402,
    "Node_9717": 3.1450257206413936,
    "Node_9720": 16.575049355825378,
    "Node_9748": 0.8500139030494022,
    "Node_9763": 0.8500139030494022,
    "Node_9767": 4.5900257206413935,
    "Node_9770": 2.550013903049402,
    "Node_9859": 5.3125257206413945,
    "Node_9871": 1.445025720641394,
    "Node_9880": 3.017537538233385,
    "Node_9923": 3.995025720641394,
    "Node_9946": 2.550013903049402,
    "Node_10011": 7.947537538233386,
    "Node_10020": 3.7400257206413934,
    "Node_10080": 3.400013903049402,
    "Node_10118": 10.030037538233385,
    "Node_10210": 3.400013903049402,
    "Node_10221": 5.567525720641394,
    "Node_10277": 4.122525720641394,
    "Node_10299": 3.995025720641394,
    "Node_10301": 21.590037538233386,
    "Node_10378": 45.68766753174529,
    "Node_10394": 1.7000139030494021,
    "Node_10404": 43.05258480860135,
    "Node_10739": 2.1675375382333857,
    "Node_10757": 9.647549355825376
}