{
    "Node_4": 1.7000139030494021,
    "Node_173": 3.400013903049402,
    "Node_179": 4.717525720641394,
    "Node_217": 2.550013903049402,
    "Node_240": 5.3125257206413945,
    "Node_281": 16.787537538233387,
    "Node_347": 2.550013903049402,
    "Node_504": 2.550013903049402,
    "Node_641": 2.2950257206413935,
    "Node_657": 2.550013903049402,
    "Node_696": 26.77507299100936,
    "Node_725": 4.717537538233385,
    "Node_766": 3.400013903049402,
    "Node_802": 5.100013903049402,
    "Node_823": 0.8500139030494022,
    "Node_837": 3.1450257206413936,
    "Node_919": 7.012525720641395,
    "Node_1040": 12.920049355825377,
    "Node_1072": 1.3903049402168878e-05,
    "Node_1114": 1.7000139030494021,
    "Node_1123": 0.8500139030494022,
    "Node_1220": 64.56404903142088,
    "Node_1236": 1.3903049402168878e-05,
    "Node_1298": 2.550013903049402,
    "Node_1306": 12.240025720641393,
    "Node_1323": 12.792525720641391,
    "Node_1336": 3.7400257206413934,
    "Node_1396": 4.250013903049402,
    "Node_1424": 2.550013903049402,
    "Node_1457": 2.1675257206413936,
    "Node_1473": 1.3903049402168878e-05,
    "Node_1741": 3.8675257206413938,
    "Node_1821": 2.550013903049402,
    "Node_1906": 6.630025720641394,
    "Node_1942": 5.3125257206413945,
    "Node_2124": 4.122525720641394,
    "Node_2232": 1.7000139030494021,
    "Node_2233": 152.34770271804615,
    "Node_2277": 3.400013903049402,
    "Node_2328": 4.717525720641394,
    "Node_2330": 8.585037538233385,
    "Node_2343": 26.987572991009362,
    "Node_2450": 1.7000139030494021,
    "Node_2479": 1.7000139030494021,
    "Node_2508": 0.722525720641394,
    "Node_2513": 111.06132588747796,
    "Node_2579": 5.567525720641394,
    "Node_2600": 2.550013903049402,
    "Node_2640": 7.607537538233386,
    "Node_2683": 21.802549355825377,
    "Node_2707": 3.0175257206413932,
    "Node_2714": 3.8675257206413938,
    "Node_2735": 19.677549355825377,
    "Node_2839": 1.7000139030494021,
    "Node_3018": 2.550013903049402,
    "Node_3047": 0.8500139030494022,
    "Node_3088": 15.342549355825376,
    "Node_3132": 1.7000139030494021,
    "Node_3279": 2.550013903049402,
    "Node_3373": 8.967525720641394,
    "Node_3484": 19.63504935582538,
    "Node_3609": 1.7000139030494021,
    "Node_3665": 21.05668440077857,
    "Node_3734": 4.5900257206413935,
    "Node_3822": 4.250013903049402,
    "Node_3833": 46.96253753823338,
    "Node_3866": 4.717525720641394,
    "Node_3877": 63.55669621837056,
    "Node_3897": 5.100013903049402,
    "Node_4134": 0.8500139030494022,
    "Node_4165": 3.867537538233386,
    "Node_4233": 2.2950257206413935,
    "Node_4267": 10.242549355825377,
    "Node_4346": 0.8500139030494022,
    "Node_4363": 0.8500139030494022,
    "Node_4365": 2.550013903049402,
    "Node_4468": 0.8500139030494022,
    "Node_4494": 32.08759662619334,
    "Node_4517": 6.417525720641394,
    "Node_4570": 1.7000139030494021,
    "Node_4593": 4.3350257206413945,
    "Node_4611": 2.550013903049402,
    "Node_4625": 1.7000139030494021,
    "Node_4653": 5.100013903049402,
    "Node_4661": 0.8500139030494022,
    "Node_4666": 25.670049355825377,
    "Node_4687": 49.78244621837055,
    "Node_4707": 3.400013903049402,
    "Node_4725": 2.550013903049402,
    "Node_4804": 13.260025720641393,
    "Node_4841": 1.7000139030494021,
    "Node_4875": 3.612537538233385,
    "Node_4904": 7.990025720641394,
    "Node_5004": 2.550013903049402,
    "Node_5027": 2.4225257206413935,
    "Node_5047": 59.33642081054778,
    "Node_5121": 0.8500139030494022,
    "Node_5149": 2.550013903049402,
    "Node_5170": 3.400013903049402,
    "Node_5256": 2.4225257206413935,
    "Node_5320": 1.3903049402168878e-05,
    "Node_5375": 4.5900257206413935,
    "Node_5420": 1.5725257206413938,
    "Node_5529": 3.612537538233385,
    "Node_5586": 22.950084808601353,
    "Node_5594": 0.8500139030494022,
    "Node_5749": 12.792525720641391,
    "Node_5830": 2.550013903049402,
    "Node_5894": 6.417537538233385,
    "Node_5912": 0.8500139030494022,
    "Node_5932": 3.612525720641394,
    "Node_5978": 5.567525720641394,
    "Node_5988": 1.7000139030494021,
    "Node_6008": 2.550013903049402,
    "Node_6158": 8.967525720641394,
    "Node_6280": 2.7816725831865785,
    "Node_6325": 1.7000139030494021,
    "Node_6384": 4.5900257206413935,
    "Node_6401": 9.577422583186578,
    "Node_6415": 2.550013903049402,
    "Node_6430": 73.48055907637408,
    "Node_6614": 4.250013903049402,
    "Node_6711": 13.897561173417367,
    "Node_6769": 0.8500139030494022,
    "Node_6833": 3.8675257206413938,
    "Node_6923": 30.090096626193343,
    "Node_6944": 1.7000139030494021,
    "Node_7028": 3.8675257206413938,
    "Node_7047": 1.7000139030494021,
    "Node_7096": 0.8500139030494022,
    "Node_7109": 6.885025720641393,
    "Node_7122": 1.7000139030494021,
    "Node_7156": 3.1450257206413936,
    "Node_7158": 0.8500139030494022,
    "Node_7208": 1.7000139030494021,
    "Node_7239": 1.7000139030494021,
    "Node_7242": 0.8500139030494022,
    "Node_7460": 0.8500139030494022,
    "Node_7551": 4.118285765594587,
    "Node_7569": 3.995025720641394,
    "Node_7599": 12.467410765594586,
    "Node_7645": 0.8500139030494022,
    "Node_7682": 4.250013903049402,
    "Node_7723": 1.7000139030494021,
    "Node_7767": 0.8500139030494022,
    "Node_7825": 2.2950257206413935,
    "Node_7848": 21.42006117341737,
    "Node_7871": 1.7000139030494021,
    "Node_7899": 3.7400257206413934,
    "Node_7912": 5.9649107655945866,
    "Node_7919": 0.8500139030494022,
    "Node_7923": 5.950013903049403,
    "Node_8014": 3.1450257206413936,
    "Node_8041": 3.400013903049402,
    "Node_8049": 6.035037538233385,
    "Node_8089": 6.162525720641394,
    "Node_8102": 23.24754935582538,
    "Node_8186": 3.8675257206413938,
    "Node_8271": 0.8500139030494022,
    "Node_8290": 1.5725257206413938,
    "Node_8425": 41.22512026137733,
    "Node_8478": 0.8500139030494022,
    "Node_8481": 0.8500139030494022,
    "Node_8486": 3.400013903049402,
    "Node_8508": 2.1675375382333857,
    "Node_8586": 1.7000139030494021,
    "Node_8658": 353.2025412503475,
    "Node_8679": 8.619035765594585,
    "Node_8773": 22.86507299100936,
    "Node_8831": 40.54509662619334,
    "Node_8874": 0.8500139030494022,
    "Node_8984": 3.400013903049402,
    "Node_8986": 7.012537538233386,
    "Node_8999": 12.240037538233384,
    "Node_9014": 0.8500139030494022,
    "Node_9058": 0.8500139030494022,
    "Node_9084": 3.9950375382333854,
    "Node_9088": 4.845025720641394,
    "Node_9124": 6.757537538233386,
    "Node_9157": 19.762525720641396,
    "Node_9209": 1.3903049402168878e-05,
    "Node_9241": 8.797537538233385,
    "Node_9332": 3.7400257206413934,
    "Node_9355": 1.7000139030494021,
    "Node_9388": 1.7000139030494021,
    "Node_9402": 8.245037538233385,
    "Node_9431": 2.1675257206413936,
    "Node_9446": 3.2725257206413936,
    "Node_9460": 41.395120261377315,
    "Node_9620": 62.9426557141533,
    "Node_9632": 0.8500139030494022,
    "Node_9645": 2.550013903049402,
    "Node_9814": 4.845025720641394,
    "Node_9842": 1.5725257206413938,
    "Node_9843": 2.550013903049402,
    "Node_9966": 3.7400257206413934,
    "Node_10001": 1.7000139030494021,
    "Node_10006": 5.567525720641394,
    "Node_10018": 6.417525720641394,
    "Node_10050": 3.400025720641394,
    "Node_10170": 4.250013903049402,
    "Node_10180": 3.1450257206413936,
    "Node_10183": 4.250013903049402,
    "Node_10271": 7.607549355825379,
    "Node_10342": 5.100013903049402,
    "Node_10365": 3.2725257206413936,
    "Node_10388": 8.585037538233385,
    "Node_10518": 7.735037538233386,
    "Node_10540": 3.400013903049402,
    "Node_10656": 3.2725257206413936,
    "Node_10692": 6.885037538233386,
    "Node_10766": 4.250013903049402,
    "Node_10773": 2.2950257206413935
}