{
    "Node_5": 7.947549355825378,
    "Node_54": 0.8500139030494022,
    "Node_74": 88.99515571415331,
    "Node_107": 57.85752126007971,
    "Node_112": 3.8675257206413938,
    "Node_196": 1.7000257206413938,
    "Node_297": 3.8675257206413938,
    "Node_300": 0.8500139030494022,
    "Node_409": 2.2950257206413935,
    "Node_493": 0.8500139030494022,
    "Node_507": 1.7000139030494021,
    "Node_565": 12.112537538233385,
    "Node_572": 57.78529161588192,
    "Node_608": 12.325049355825376,
    "Node_654": 37.82502572064139,
    "Node_685": 4.717525720641394,
    "Node_757": 3.400013903049402,
    "Node_767": 8.712525720641395,
    "Node_859": 2.550013903049402,
    "Node_884": 2.550013903049402,
    "Node_994": 1.7000139030494021,
    "Node_1027": 3.8675257206413938,
    "Node_1060": 2.550013903049402,
    "Node_1149": 123.41177211743442,
    "Node_1170": 18.74256117341737,
    "Node_1266": 1.445025720641394,
    "Node_1393": 5.950013903049403,
    "Node_1411": 0.8500139030494022,
    "Node_1480": 58.84564862359811,
    "Node_1570": 4.845025720641394,
    "Node_1577": 4.717525720641394,
    "Node_1705": 3.1450257206413936,
    "Node_1815": 4.118285765594587,
    "Node_1868": 5.907525720641394,
    "Node_1899": 28.568603125868936,
    "Node_1996": 20.442549355825378,
    "Node_2048": 1.7000139030494021,
    "Node_2052": 13.493797583186577,
    "Node_2101": 1.3903049402168878e-05,
    "Node_2128": 0.8500139030494022,
    "Node_2238": 2.550013903049402,
    "Node_2333": 3.1450257206413936,
    "Node_2394": 1.7000139030494021,
    "Node_2541": 1.445025720641394,
    "Node_2551": 6.904160765594588,
    "Node_2849": 100.71883238657429,
    "Node_2998": 6.162525720641394,
    "Node_2999": 1.3903049402168878e-05,
    "Node_3013": 6.290037538233385,
    "Node_3034": 1.7000139030494021,
    "Node_3035": 4.250013903049402,
    "Node_3101": 5.440037538233386,
    "Node_3179": 1.7000139030494021,
    "Node_3248": 5.312549355825377,
    "Node_3322": 20.78258480860135,
    "Node_3353": 15.682561173417369,
    "Node_3389": 3.0175257206413932,
    "Node_3422": 15.215049355825375,
    "Node_3447": 2.550013903049402,
    "Node_3475": 0.722525720641394,
    "Node_3505": 10.030037538233385,
    "Node_3568": 1.7000139030494021,
    "Node_3586": 10.157537538233386,
    "Node_3597": 1.7000139030494021,
    "Node_3601": 3.7400375382333846,
    "Node_3633": 5.095807628139772,
    "Node_3635": 3.995025720641394,
    "Node_3746": 2.1675257206413936,
    "Node_3786": 6.162525720641394,
    "Node_3802": 12.920061173417368,
    "Node_3810": 3.400013903049402,
    "Node_3854": 0.8500139030494022,
    "Node_3968": 55.184243488738524,
    "Node_4003": 1.7000139030494021,
    "Node_4011": 9.199172583186577,
    "Node_4092": 60.74756262165168,
    "Node_4185": 20.017525720641395,
    "Node_4223": 0.8500139030494022,
    "Node_4304": 65.0676557141533,
    "Node_4348": 1.7000139030494021,
    "Node_4507": 267.52924900419396,
    "Node_4528": 6.035025720641394,
    "Node_4564": 4.590037538233386,
    "Node_4631": 5.567525720641394,
    "Node_4708": 6.290025720641394,
    "Node_4711": 0.722525720641394,
    "Node_4772": 22.531456263323758,
    "Node_4837": 8.585037538233383,
    "Node_4881": 1.7000139030494021,
    "Node_4925": 3.400013903049402,
    "Node_5012": 3.400013903049402,
    "Node_5111": 4.462525720641394,
    "Node_5118": 12.10404758318658,
    "Node_5120": 4.250013903049402,
    "Node_5167": 0.8500139030494022,
    "Node_5179": 2.550013903049402,
    "Node_5218": 5.907525720641394,
    "Node_5233": 5.440025720641394,
    "Node_5239": 1.7000139030494021,
    "Node_5244": 2.2950257206413935,
    "Node_5252": 44.11082121837056,
    "Node_5332": 11.645049355825376,
    "Node_5348": 2.2950257206413935,
    "Node_5361": 300.6177564301602,
    "Node_5378": 15.215049355825375,
    "Node_5397": 12.070037538233384,
    "Node_5413": 3.8675257206413938,
    "Node_5502": 3.0366607655945868,
    "Node_5526": 1.7000139030494021,
    "Node_5531": 2.4225257206413935,
    "Node_5560": 1.5725257206413938,
    "Node_5657": 4.250013903049402,
    "Node_5765": 3.400013903049402,
    "Node_5889": 5.100013903049402,
    "Node_5933": 3.0175257206413932,
    "Node_5956": 1.7000139030494021,
    "Node_6254": 1.3903049402168878e-05,
    "Node_6365": 8.457537538233385,
    "Node_6427": 1.5725257206413938,
    "Node_6601": 4.717525720641394,
    "Node_6647": 2.550013903049402,
    "Node_6708": 0.8500139030494022,
    "Node_6727": 0.8500139030494022,
    "Node_6759": 2.550013903049402,
    "Node_6816": 71.0984039415145,
    "Node_6844": 7.267537538233386,
    "Node_6861": 7.607537538233386,
    "Node_6885": 14.832537538233384,
    "Node_6892": 1.445025720641394,
    "Node_6910": 3.400013903049402,
    "Node_6933": 4.462537538233386,
    "Node_6963": 3.400013903049402,
    "Node_7029": 6.800013903049402,
    "Node_7139": 1.5725257206413938,
    "Node_7211": 2.550013903049402,
    "Node_7221": 2.295037538233385,
    "Node_7222": 1.7000139030494021,
    "Node_7531": 9.690025720641392,
    "Node_7661": 3.7400257206413934,
    "Node_7678": 1.7000139030494021,
    "Node_7683": 1.445025720641394,
    "Node_7754": 420.17380072345077,
    "Node_8091": 0.8500139030494022,
    "Node_8152": 6.290025720641394,
    "Node_8238": 6.885037538233386,
    "Node_8368": 3.1450257206413936,
    "Node_8374": 73.61010667114653,
    "Node_8435": 1.3903049402168878e-05,
    "Node_8456": 24.777537538233386,
    "Node_8592": 0.8500139030494022,
    "Node_8625": 63.41008480860135,
    "Node_8639": 5.100013903049402,
    "Node_8727": 4.717537538233386,
    "Node_8765": 4.250013903049402,
    "Node_8812": 3.400013903049402,
    "Node_8857": 4.462525720641394,
    "Node_8867": 57.927525720641384,
    "Node_8905": 5.818297583186578,
    "Node_8951": 5.695025720641395,
    "Node_8993": 2.550013903049402,
    "Node_9071": 3.400013903049402,
    "Node_9350": 3.400013903049402,
    "Node_9353": 4.009910765594587,
    "Node_9395": 11.39004935582538,
    "Node_9426": 1.445025720641394,
    "Node_9439": 7.735037538233386,
    "Node_9476": 0.8500139030494022,
    "Node_9525": 2.550013903049402,
    "Node_9526": 2.1675257206413936,
    "Node_9545": 7.480037538233385,
    "Node_9570": 24.05507299100936,
    "Node_9682": 4.122525720641394,
    "Node_9707": 7.990025720641394,
    "Node_9800": 6.162525720641394,
    "Node_9815": 1.5725257206413938,
    "Node_9817": 3.8675257206413938,
    "Node_9882": 18.827525720641393,
    "Node_9945": 8.712525720641395,
    "Node_10022": 93.41522661970525,
    "Node_10048": 2.2950257206413935,
    "Node_10105": 24.480061173417372,
    "Node_10150": 5.822525720641394,
    "Node_10167": 1.7000139030494021,
    "Node_10256": 156.68498666465848,
    "Node_10327": 8.712549355825377,
    "Node_10398": 5.185025720641394,
    "Node_10459": 5.100013903049402,
    "Node_10502": 3.7400257206413934,
    "Node_10509": 0.850025720641394,
    "Node_10576": 12.665037538233385,
    "Node_10582": 5.9075375382333855,
    "Node_10599": 3.995025720641394,
    "Node_10613": 15.340454490684955,
    "Node_10697": 3.7400375382333855,
    "Node_10758": 5.3125257206413945,
    "Node_10763": 1.5725257206413938
}