{
    "Node_88": 12.537561173417368,
    "Node_149": 12993.715382128008,
    "Node_164": 1.7000139030494021,
    "Node_268": 2.8900493558253775,
    "Node_299": 22.14256117341737,
    "Node_301": 1.7000139030494021,
    "Node_305": 2.2950257206413935,
    "Node_415": 21.590037538233386,
    "Node_431": 5.950013903049403,
    "Node_459": 6.290025720641394,
    "Node_593": 34.34007299100936,
    "Node_661": 15.994922583186577,
    "Node_665": 0.8500139030494022,
    "Node_707": 13.387537538233383,
    "Node_724": 0.8500139030494022,
    "Node_737": 11.092549355825378,
    "Node_775": 3.0175257206413932,
    "Node_821": 386.95412853369163,
    "Node_827": 2.2950257206413935,
    "Node_828": 2.2950257206413935,
    "Node_868": 13.823172583186578,
    "Node_883": 0.8500139030494022,
    "Node_998": 10.497537538233384,
    "Node_1183": 4.5900257206413935,
    "Node_1218": 1.7000139030494021,
    "Node_1254": 22.652561173417368,
    "Node_1324": 19.762525720641396,
    "Node_1399": 414.5557210353137,
    "Node_1461": 0.8500139030494022,
    "Node_1467": 3.2725257206413936,
    "Node_1511": 2.550013903049402,
    "Node_1583": 11.985037538233385,
    "Node_1605": 0.8500139030494022,
    "Node_1635": 17.595025720641395,
    "Node_1775": 1.7000139030494021,
    "Node_1929": 1.3903049402168878e-05,
    "Node_1932": 52.130685849012885,
    "Node_1948": 3.7400375382333855,
    "Node_2027": 23.630025720641395,
    "Node_2031": 2.550013903049402,
    "Node_2046": 7.990025720641394,
    "Node_2133": 0.8500139030494022,
    "Node_2259": 6.162525720641394,
    "Node_2301": 0.8500139030494022,
    "Node_2428": 15.810061173417367,
    "Node_2433": 0.8500139030494022,
    "Node_2578": 3.8675257206413938,
    "Node_2703": 4.717525720641394,
    "Node_2705": 51.28914212392251,
    "Node_2765": 0.8500139030494022,
    "Node_2865": 3.400013903049402,
    "Node_2884": 8.349184400778569,
    "Node_2910": 41.96242258318657,
    "Node_2980": 1.7000139030494021,
    "Node_2997": 3.8675257206413938,
    "Node_3089": 8.075037538233385,
    "Node_3140": 2.550013903049402,
    "Node_3141": 1.7000139030494021,
    "Node_3146": 9.936535765594584,
    "Node_3193": 1.7000139030494021,
    "Node_3231": 2.8900375382333854,
    "Node_3265": 1.7000139030494021,
    "Node_3294": 2.550013903049402,
    "Node_3304": 4.845025720641394,
    "Node_3305": 7.990025720641394,
    "Node_3360": 6.885025720641393,
    "Node_3482": 1.3903049402168878e-05,
    "Node_3488": 5.695025720641395,
    "Node_3489": 4.122525720641394,
    "Node_3607": 4.717525720641394,
    "Node_3622": 2.550013903049402,
    "Node_3869": 3.400013903049402,
    "Node_3875": 0.722525720641394,
    "Node_3902": 8.585025720641392,
    "Node_3919": 6.757549355825379,
    "Node_4024": 3.400013903049402,
    "Node_4173": 0.8500139030494022,
    "Node_4229": 5.057537538233386,
    "Node_4422": 3.612525720641394,
    "Node_4448": 9.562549355825379,
    "Node_4548": 3.400013903049402,
    "Node_4555": 2.550013903049402,
    "Node_4575": 29.988069445731767,
    "Node_4645": 28.91498167114653,
    "Node_4647": 201.39785417381128,
    "Node_4662": 7.352525720641394,
    "Node_4692": 1.7000139030494021,
    "Node_4745": 44.96084485355453,
    "Node_4802": 8.075049355825376,
    "Node_4877": 1.7000139030494021,
    "Node_4889": 4.717525720641394,
    "Node_4895": 3.400013903049402,
    "Node_4936": 3.2725257206413936,
    "Node_4942": 1.3903049402168878e-05,
    "Node_5191": 12.580037538233386,
    "Node_5204": 1.7000139030494021,
    "Node_5335": 0.8500139030494022,
    "Node_5485": 5.822525720641394,
    "Node_5497": 6.162525720641394,
    "Node_5597": 7.012525720641395,
    "Node_5609": 10.965025720641393,
    "Node_5737": 1.7000139030494021,
    "Node_5757": 6.630025720641394,
    "Node_5799": 1.7000139030494021,
    "Node_5872": 9.902549355825377,
    "Node_5919": 20.18754935582538,
    "Node_5955": 1.445025720641394,
    "Node_5962": 8.330025720641393,
    "Node_5994": 8.925025720641393,
    "Node_6030": 0.8500139030494022,
    "Node_6042": 10.030037538233385,
    "Node_6054": 2.2950257206413935,
    "Node_6078": 13.642537538233384,
    "Node_6094": 2.550013903049402,
    "Node_6113": 0.8500139030494022,
    "Node_6147": 0.8500139030494022,
    "Node_6302": 1.3903049402168878e-05,
    "Node_6370": 8.004922583186577,
    "Node_6386": 1.5725257206413938,
    "Node_6545": 11.815037538233385,
    "Node_6597": 1.3903049402168878e-05,
    "Node_6670": 5.780025720641394,
    "Node_6697": 9.562525720641394,
    "Node_6865": 4.845025720641394,
    "Node_6922": 8.712525720641395,
    "Node_6925": 1.3903049402168878e-05,
    "Node_6956": 1.7000139030494021,
    "Node_7015": 12.112525720641393,
    "Node_7084": 17.000037538233386,
    "Node_7120": 0.8500139030494022,
    "Node_7126": 5.100013903049402,
    "Node_7198": 6.162525720641394,
    "Node_7274": 2.550013903049402,
    "Node_7312": 1.7000139030494021,
    "Node_7365": 11.475049355825378,
    "Node_7369": 5.695025720641395,
    "Node_7371": 2.550013903049402,
    "Node_7398": 4.250013903049402,
    "Node_7436": 15.257537538233382,
    "Node_7439": 17.308219853554544,
    "Node_7471": 28.772572991009365,
    "Node_7479": 0.8500139030494022,
    "Node_7594": 8.117525720641392,
    "Node_7689": 5.100013903049402,
    "Node_7705": 6.800013903049402,
    "Node_7839": 9.307537538233385,
    "Node_7866": 4.250013903049402,
    "Node_8050": 3.995025720641394,
    "Node_8072": 2.4225257206413935,
    "Node_8170": 4.972525720641394,
    "Node_8216": 4.122525720641394,
    "Node_8277": 0.8500139030494022,
    "Node_8310": 7.012525720641395,
    "Node_8324": 3.400013903049402,
    "Node_8332": 2.2950257206413935,
    "Node_8367": 1.7000139030494021,
    "Node_8376": 4.250013903049402,
    "Node_8414": 1.7000139030494021,
    "Node_8458": 4.845025720641394,
    "Node_8540": 2.550013903049402,
    "Node_8604": 11.815025720641392,
    "Node_8781": 0.8500139030494022,
    "Node_8791": 6.035025720641394,
    "Node_8833": 26.84306944573176,
    "Node_8839": 20.293821218370564,
    "Node_8859": 5.185025720641394,
    "Node_8868": 1.3903049402168878e-05,
    "Node_8891": 6.545025720641394,
    "Node_8927": 2.550013903049402,
    "Node_9002": 93.37269116692929,
    "Node_9012": 2.550013903049402,
    "Node_9139": 25.92506117341737,
    "Node_9148": 1.7000139030494021,
    "Node_9224": 3.1450257206413936,
    "Node_9239": 6.162525720641394,
    "Node_9254": 3.995025720641394,
    "Node_9270": 1.5725257206413938,
    "Node_9325": 7.480049355825378,
    "Node_9375": 369.2592328529057,
    "Node_9380": 13.827422583186577,
    "Node_9416": 7.225037538233386,
    "Node_9454": 0.8500139030494022,
    "Node_9459": 0.8500139030494022,
    "Node_9468": 2.2950257206413935,
    "Node_9496": 416.72323285290565,
    "Node_9518": 2.2950257206413935,
    "Node_9558": 32.85257299100936,
    "Node_9566": 5.057537538233386,
    "Node_9606": 2.550013903049402,
    "Node_9706": 0.8500139030494022,
    "Node_9729": 2.2950257206413935,
    "Node_9752": 79.48994621837056,
    "Node_9771": 0.8500139030494022,
    "Node_9874": 3.0175257206413932,
    "Node_9924": 3.8675257206413938,
    "Node_9951": 5.185025720641394,
    "Node_9954": 3.1450257206413936,
    "Node_10019": 1.7000139030494021,
    "Node_10059": 6.162525720641394,
    "Node_10065": 22.31257299100936,
    "Node_10083": 9.052537538233386,
    "Node_10095": 4.5900257206413935,
    "Node_10186": 3.400013903049402,
    "Node_10191": 0.8500139030494022,
    "Node_10212": 1.7000139030494021,
    "Node_10230": 6.757537538233386,
    "Node_10239": 2.550013903049402,
    "Node_10245": 28.889872931921406,
    "Node_10298": 8.372525720641391,
    "Node_10463": 0.8500139030494022,
    "Node_10476": 7.352537538233387,
    "Node_10521": 3.8675257206413938,
    "Node_10618": 5.567525720641394,
    "Node_10628": 3.2725257206413936,
    "Node_10652": 0.8500139030494022,
    "Node_10762": 11.11168440077857
}