{
    "Node_14": 8.330037538233384,
    "Node_93": 4.717525720641394,
    "Node_158": 2.550013903049402,
    "Node_166": 1.7000139030494021,
    "Node_203": 3.400013903049402,
    "Node_263": 4.717525720641394,
    "Node_320": 5.440037538233387,
    "Node_376": 2.550013903049402,
    "Node_383": 9.647549355825376,
    "Node_425": 0.8500139030494022,
    "Node_476": 4.717537538233385,
    "Node_520": 9.095025720641393,
    "Node_522": 6.502525720641394,
    "Node_605": 4.462525720641394,
    "Node_611": 1.7000139030494021,
    "Node_621": 2.550013903049402,
    "Node_647": 2.550013903049402,
    "Node_668": 11.400670810547778,
    "Node_727": 1.7000139030494021,
    "Node_747": 6.035025720641394,
    "Node_772": 2.4225257206413935,
    "Node_857": 5.822525720641394,
    "Node_954": 1.7000139030494021,
    "Node_978": 4.2500257206413945,
    "Node_1024": 1.7000139030494021,
    "Node_1087": 6.630025720641394,
    "Node_1191": 11.772525720641394,
    "Node_1200": 0.8500139030494022,
    "Node_1284": 0.8500139030494022,
    "Node_1334": 1.3903049402168878e-05,
    "Node_1345": 1.7000139030494021,
    "Node_1350": 1.3903049402168878e-05,
    "Node_1363": 6.035025720641394,
    "Node_1374": 3.400013903049402,
    "Node_1674": 22.308285765594587,
    "Node_1702": 7.140025720641394,
    "Node_1746": 5.100013903049402,
    "Node_1783": 7.607537538233386,
    "Node_1979": 9.520049355825378,
    "Node_2072": 6.885025720641393,
    "Node_2091": 2.2950257206413935,
    "Node_2241": 3.400013903049402,
    "Node_2307": 2.2950257206413935,
    "Node_2331": 1.7000139030494021,
    "Node_2344": 3.995025720641394,
    "Node_2355": 4.462537538233386,
    "Node_2492": 1.7000139030494021,
    "Node_2506": 9.794172583186578,
    "Node_2560": 0.8500139030494022,
    "Node_2585": 1.7000139030494021,
    "Node_2642": 2.550013903049402,
    "Node_2649": 11.517537538233386,
    "Node_2682": 3.2725257206413936,
    "Node_2793": 1.7000139030494021,
    "Node_2842": 0.8500139030494022,
    "Node_2846": 63.91171302947446,
    "Node_2877": 6.290025720641394,
    "Node_2926": 4.462525720641394,
    "Node_3054": 36.380025720641385,
    "Node_3079": 1.7000139030494021,
    "Node_3082": 2.550013903049402,
    "Node_3171": 21.080037538233388,
    "Node_3256": 3.8675257206413938,
    "Node_3355": 9.775025720641393,
    "Node_3383": 7.480037538233385,
    "Node_3471": 0.8500139030494022,
    "Node_3688": 0.8500139030494022,
    "Node_3743": 3.8675257206413938,
    "Node_3761": 7.140037538233386,
    "Node_3840": 3.1450257206413936,
    "Node_3887": 49.28309308091574,
    "Node_4103": 6.545025720641394,
    "Node_4129": 3.400013903049402,
    "Node_4135": 5.440025720641394,
    "Node_4136": 7.225049355825377,
    "Node_4137": 9.775049355825377,
    "Node_4139": 3.8675257206413938,
    "Node_4182": 1.3903049402168878e-05,
    "Node_4184": 1.7000139030494021,
    "Node_4237": 3.2725257206413936,
    "Node_4263": 1.5725257206413938,
    "Node_4309": 2.550013903049402,
    "Node_4337": 2.550013903049402,
    "Node_4354": 7.990037538233387,
    "Node_4372": 25.670049355825377,
    "Node_4406": 10.157537538233385,
    "Node_4536": 8.585049355825376,
    "Node_4613": 0.8500139030494022,
    "Node_4628": 1.7000139030494021,
    "Node_4660": 3.0175257206413932,
    "Node_4701": 2.550013903049402,
    "Node_4710": 0.8500139030494022,
    "Node_4811": 3.7400375382333855,
    "Node_4822": 1.3903049402168878e-05,
    "Node_4926": 1.7000139030494021,
    "Node_4946": 6.162525720641394,
    "Node_5063": 4.845025720641394,
    "Node_5132": 10.370049355825378,
    "Node_5169": 9.180037538233384,
    "Node_5237": 3.1450257206413936,
    "Node_5304": 1.7000139030494021,
    "Node_5309": 1.7000139030494021,
    "Node_5312": 8.117525720641392,
    "Node_5337": 11.942525720641392,
    "Node_5446": 10.412537538233385,
    "Node_5449": 0.8500139030494022,
    "Node_5515": 0.8500139030494022,
    "Node_5521": 1.5725257206413938,
    "Node_5659": 3.400013903049402,
    "Node_5698": 1.7000139030494021,
    "Node_5715": 6.162525720641394,
    "Node_5794": 3.8675257206413938,
    "Node_5834": 0.8500139030494022,
    "Node_5877": 1.7000139030494021,
    "Node_5881": 4.5900257206413935,
    "Node_5939": 2.550013903049402,
    "Node_5980": 1.7000139030494021,
    "Node_6002": 3.400013903049402,
    "Node_6059": 6.290025720641394,
    "Node_6179": 2.1675375382333857,
    "Node_6256": 13.557537538233385,
    "Node_6323": 14.110049355825378,
    "Node_6420": 5.185025720641394,
    "Node_6440": 2.550013903049402,
    "Node_6487": 2.550013903049402,
    "Node_6529": 1.7000139030494021,
    "Node_6540": 11.007537538233386,
    "Node_6581": 1.7000139030494021,
    "Node_6587": 4.717525720641394,
    "Node_6633": 8.797537538233385,
    "Node_6655": 1840.5603531751087,
    "Node_6657": 8.368285765594587,
    "Node_6664": 3.400013903049402,
    "Node_6810": 3.2725257206413936,
    "Node_6851": 3.2725257206413936,
    "Node_6906": 3.6316725831865786,
    "Node_6911": 4.250013903049402,
    "Node_6918": 1.7000139030494021,
    "Node_6935": 3.1450257206413936,
    "Node_6979": 0.722525720641394,
    "Node_7006": 3.8675257206413938,
    "Node_7073": 1.7000139030494021,
    "Node_7279": 0.8500139030494022,
    "Node_7406": 4.5900257206413935,
    "Node_7448": 1.3903049402168878e-05,
    "Node_7524": 1.7000139030494021,
    "Node_7529": 1.7000139030494021,
    "Node_7534": 0.8500139030494022,
    "Node_7543": 1.7000139030494021,
    "Node_7567": 1.5725257206413938,
    "Node_7583": 1.7000139030494021,
    "Node_7644": 16.67708953563815,
    "Node_7649": 1.3903049402168878e-05,
    "Node_7684": 0.8500139030494022,
    "Node_7695": 5.312537538233386,
    "Node_7700": 3.400013903049402,
    "Node_7706": 74.5302013196311,
    "Node_7712": 7.352537538233387,
    "Node_7817": 1.7000139030494021,
    "Node_7833": 1.7000139030494021,
    "Node_7854": 2.550013903049402,
    "Node_7860": 1.7000139030494021,
    "Node_7907": 10.19155940077857,
    "Node_7939": 2.550013903049402,
    "Node_8013": 1.7000139030494021,
    "Node_8034": 1.7000139030494021,
    "Node_8055": 6.290025720641394,
    "Node_8065": 2.550013903049402,
    "Node_8081": 8.221660765594587,
    "Node_8107": 0.8500139030494022,
    "Node_8164": 16.745025720641394,
    "Node_8195": 1.7000139030494021,
    "Node_8259": 1.7000139030494021,
    "Node_8264": 3.400013903049402,
    "Node_8317": 6.290025720641394,
    "Node_8355": 5.100013903049402,
    "Node_8393": 1.7000139030494021,
    "Node_8396": 16.419934400778573,
    "Node_8403": 2.5500257206413934,
    "Node_8407": 36.167572991009365,
    "Node_8434": 20.612525720641397,
    "Node_8454": 0.8500139030494022,
    "Node_8657": 1.7000139030494021,
    "Node_8745": 6.757537538233387,
    "Node_8779": 42.349243488738516,
    "Node_8796": 0.8500139030494022,
    "Node_8815": 8.117525720641392,
    "Node_8840": 2.550013903049402,
    "Node_8944": 1.7000139030494021,
    "Node_8973": 4.972525720641394,
    "Node_9068": 3.995025720641394,
    "Node_9097": 1.445025720641394,
    "Node_9212": 12.915821218370562,
    "Node_9295": 10.370049355825378,
    "Node_9363": 6.757537538233386,
    "Node_9377": 1.7000139030494021,
    "Node_9392": 1.7000139030494021,
    "Node_9414": 8.330037538233384,
    "Node_9421": 0.8500139030494022,
    "Node_9466": 3.995025720641394,
    "Node_9594": 2.550013903049402,
    "Node_9605": 3.400013903049402,
    "Node_9650": 7.990025720641394,
    "Node_9721": 33.490025720641384,
    "Node_9742": 1.7000139030494021,
    "Node_9873": 5.312537538233386,
    "Node_9892": 0.8500139030494022,
    "Node_9932": 2.550013903049402,
    "Node_9968": 1.7000139030494021,
    "Node_10074": 6.162525720641394,
    "Node_10079": 4.590037538233386,
    "Node_10172": 17.482434400778573,
    "Node_10232": 1.3903049402168878e-05,
    "Node_10311": 4.5900257206413935,
    "Node_10319": 20.78257299100936,
    "Node_10320": 4.859910765594587,
    "Node_10325": 0.8500139030494022,
    "Node_10488": 1.7000139030494021,