{
    "Node_27": 27.24256117341737,
    "Node_50": 8.058035765594585,
    "Node_126": 9.052525720641393,
    "Node_255": 2.550013903049402,
    "Node_282": 1.7000139030494021,
    "Node_324": 3.0175257206413932,
    "Node_355": 67.49004935582539,
    "Node_374": 3.400013903049402,
    "Node_438": 5.057525720641395,
    "Node_452": 8.840049355825377,
    "Node_483": 5.100025720641394,
    "Node_529": 19.00816076559459,
    "Node_544": 5.312537538233387,
    "Node_613": 3.400013903049402,
    "Node_673": 1.7000139030494021,
    "Node_687": 0.8500139030494022,
    "Node_730": 2.550013903049402,
    "Node_746": 1.7000139030494021,
    "Node_798": 5.100013903049402,
    "Node_841": 3.612537538233385,
    "Node_896": 2.2950257206413935,
    "Node_900": 3.8675257206413938,
    "Node_934": 9.307525720641394,
    "Node_981": 2.550013903049402,
    "Node_1121": 4.250013903049402,
    "Node_1124": 15.591202718046155,
    "Node_1134": 3.400013903049402,
    "Node_1247": 3.400013903049402,
    "Node_1257": 1.7000139030494021,
    "Node_1338": 7.990025720641394,
    "Node_1483": 5.440025720641394,
    "Node_1494": 34.72257299100936,
    "Node_1506": 3.1450257206413936,
    "Node_1558": 2.550013903049402,
    "Node_1581": 8.967525720641394,
    "Node_1590": 3.400013903049402,
    "Node_1900": 20.329958035962555,
    "Node_1986": 10.157525720641393,
    "Node_1995": 1.3903049402168878e-05,
    "Node_2078": 1.5725257206413938,
    "Node_2099": 2.550013903049402,
    "Node_2112": 1.3903049402168878e-05,
    "Node_2130": 25.627584808601355,
    "Node_2139": 1.3903049402168878e-05,
    "Node_2155": 2.2950257206413935,
    "Node_2220": 1.7000139030494021,
    "Node_2339": 8.797537538233385,
    "Node_2384": 1.3903049402168878e-05,
    "Node_2434": 5.695025720641395,
    "Node_2501": 6.290037538233386,
    "Node_2650": 1.7000139030494021,
    "Node_2662": 3.400013903049402,
    "Node_2694": 3.7400375382333855,
    "Node_2698": 14.407537538233383,
    "Node_2794": 7.267525720641394,
    "Node_2821": 4.250013903049402,
    "Node_2883": 5.100013903049402,
    "Node_2895": 0.8500139030494022,
    "Node_2896": 10.752549355825376,
    "Node_3064": 3.400013903049402,
    "Node_3124": 1.7000139030494021,
    "Node_3208": 2.8900257206413933,
    "Node_3245": 9.180049355825377,
    "Node_3348": 0.8500139030494022,
    "Node_3376": 5.185037538233385,
    "Node_3483": 0.8500139030494022,
    "Node_3495": 6.417525720641394,
    "Node_3551": 2.550013903049402,
    "Node_3566": 20.315037538233387,
    "Node_3572": 11.602537538233385,
    "Node_3632": 47.9975401682269,
    "Node_3644": 0.8500139030494022,
    "Node_3678": 1.7000139030494021,
    "Node_3907": 8.585025720641392,
    "Node_3953": 2.550013903049402,
    "Node_4007": 0.8500139030494022,
    "Node_4060": 0.8500139030494022,
    "Node_4164": 51.21252572064139,
    "Node_4196": 2.550013903049402,
    "Node_4218": 12.792561173417369,
    "Node_4428": 7.012537538233386,
    "Node_4436": 25.66793262813977,
    "Node_4457": 3.1450257206413936,
    "Node_4577": 9.307537538233385,
    "Node_4622": 8.633910765594585,
    "Node_4634": 1.445025720641394,
    "Node_4644": 59.67014389656131,
    "Node_4689": 2.550013903049402,
    "Node_4704": 2.550013903049402,
    "Node_4718": 1.445025720641394,
    "Node_4730": 3.0175257206413932,
    "Node_4789": 8.07505940077857,
    "Node_4790": 5.3125257206413945,
    "Node_4931": 1.7000139030494021,
    "Node_5077": 12.707549355825378,
    "Node_5081": 11.815025720641392,
    "Node_5114": 2.550013903049402,
    "Node_5123": 1.7000139030494021,
    "Node_5159": 1.445025720641394,
    "Node_5209": 1.7000257206413938,
    "Node_5297": 11.783182628139771,
    "Node_5373": 9.520037538233385,
    "Node_5421": 0.8500139030494022,
    "Node_5440": 0.8500139030494022,
    "Node_5491": 4.845025720641394,
    "Node_5505": 1.5725257206413938,
    "Node_5524": 0.8500139030494022,
    "Node_5552": 3.8675257206413938,
    "Node_5567": 2.550013903049402,
    "Node_5616": 0.8500139030494022,
    "Node_5635": 1.7000139030494021,
    "Node_5647": 19.04003753823339,
    "Node_5745": 8.075037538233385,
    "Node_5891": 13.302549355825379,
    "Node_5902": 1.7000139030494021,
    "Node_5925": 2.8900257206413933,
    "Node_5931": 2.550013903049402,
    "Node_5987": 5.100013903049402,
    "Node_6045": 0.8500139030494022,
    "Node_6159": 0.8500139030494022,
    "Node_6189": 1.445025720641394,
    "Node_6299": 3.0175257206413932,
    "Node_6359": 3.7400257206413934,
    "Node_6457": 1.7000139030494021,
    "Node_6492": 4.250013903049402,
    "Node_6533": 1.7000139030494021,
    "Node_6625": 5.100013903049402,
    "Node_6746": 12.197525720641393,
    "Node_6839": 7.140025720641394,
    "Node_6876": 0.8500139030494022,
    "Node_6893": 3.400013903049402,
    "Node_7044": 3.8675257206413938,
    "Node_7102": 18.785037538233386,
    "Node_7152": 3.400013903049402,
    "Node_7319": 2.550013903049402,
    "Node_7363": 16.320037538233386,
    "Node_7375": 12.452525720641393,
    "Node_7392": 6.885025720641393,
    "Node_7423": 7.480025720641394,
    "Node_7425": 3.400013903049402,
    "Node_7428": 15.002537538233385,
    "Node_7508": 206.89027389007322,
    "Node_7525": 0.8500139030494022,
    "Node_7549": 1.7000139030494021,
    "Node_7591": 2.550013903049402,
    "Node_7647": 1.5725257206413938,
    "Node_7672": 54.24492258318657,
    "Node_7858": 1.3903049402168878e-05,
    "Node_7914": 9.052549355825377,
    "Node_7935": 2.550013903049402,
    "Node_7988": 1.7000139030494021,
    "Node_8017": 6.162525720641394,
    "Node_8056": 3.7400257206413934,
    "Node_8076": 2.550013903049402,
    "Node_8090": 3.7400257206413934,
    "Node_8243": 3.400013903049402,
    "Node_8258": 2.550013903049402,
    "Node_8308": 3.2725257206413936,
    "Node_8340": 1.7000139030494021,
    "Node_8359": 2.550013903049402,
    "Node_8364": 28.77256117341737,
    "Node_8422": 153.83328038974878,
    "Node_8475": 2.550013903049402,
    "Node_8621": 0.8500139030494022,
    "Node_8647": 5.312537538233386,
    "Node_8676": 0.8500139030494022,
    "Node_8710": 3.612537538233385,
    "Node_8718": 1.7000139030494021,
    "Node_8747": 5.100013903049402,
    "Node_8860": 3.400013903049402,
    "Node_8909": 2.4225257206413935,
    "Node_9006": 1.7000139030494021,
    "Node_9054": 7.607549355825377,
    "Node_9072": 13.982561173417368,
    "Node_9188": 2.4225257206413935,
    "Node_9232": 4.5900257206413935,
    "Node_9343": 0.8500139030494022,
    "Node_9408": 0.8500139030494022,
    "Node_9429": 1.7000139030494021,
    "Node_9490": 0.8500139030494022,
    "Node_9597": 0.8500139030494022,
    "Node_9610": 9.180049355825377,
    "Node_9612": 1.3903049402168878e-05,
    "Node_9680": 1.7000139030494021,
    "Node_9753": 3.400013903049402,
    "Node_9890": 7.395049355825377,
    "Node_9907": 4.845025720641394,
    "Node_9931": 0.8500139030494022,
    "Node_9958": 3.400013903049402,
    "Node_9959": 2.550013903049402,
    "Node_9995": 7.267537538233386,
    "Node_10039": 19.295049355825377,
    "Node_10060": 3.400013903049402,
    "Node_10102": 1.7000139030494021,
    "Node_10109": 1.7000139030494021,
    "Node_10147": 2.550013903049402,
    "Node_10200": 3.8675257206413938,
    "Node_10222": 2.4225257206413935,
    "Node_10250": 37.06003753823339,
    "Node_10329": 7.480037538233385,
    "Node_10524": 13.685037538233384,
    "Node_10577": 7.607537538233386,
    "Node_10654": 4.5900257206413935,
    "Node_10686": 10.795025720641393,
    "Node_10752": 1.3903049402168878e-05
}