{
    "Node_17": 4.5900257206413935,
    "Node_63": 3.7400257206413934,
    "Node_64": 33.92992258318658,
    "Node_145": 1.7000139030494021,
    "Node_183": 4.845025720641394,
    "Node_207": 0.8500139030494022,
    "Node_233": 3.1450257206413936,
    "Node_265": 4.717537538233385,
    "Node_318": 2.550013903049402,
    "Node_365": 2.550013903049402,
    "Node_373": 0.8500139030494022,
    "Node_375": 22.01284496130318,
    "Node_404": 4.250013903049402,
    "Node_413": 21.67504935582538,
    "Node_437": 40.97004935582537,
    "Node_443": 1.3903049402168878e-05,
    "Node_482": 1.7000139030494021,
    "Node_681": 1.7000139030494021,
    "Node_682": 6.545025720641394,
    "Node_813": 0.8500139030494022,
    "Node_853": 3.8675257206413938,
    "Node_885": 13.430061173417368,
    "Node_908": 4.250013903049402,
    "Node_927": 0.8500139030494022,
    "Node_971": 6.162525720641394,
    "Node_1013": 0.8500139030494022,
    "Node_1031": 3.7400257206413934,
    "Node_1146": 3.400013903049402,
    "Node_1152": 2.550013903049402,
    "Node_1258": 29.84999171609973,
    "Node_1308": 3.995025720641394,
    "Node_1490": 1.7000139030494021,
    "Node_1501": 1.7000139030494021,
    "Node_1612": 1.7000139030494021,
    "Node_1701": 1.7000139030494021,
    "Node_1800": 1.7000139030494021,
    "Node_1872": 2.550013903049402,
    "Node_1889": 7.990025720641394,
    "Node_2129": 1.7000139030494021,
    "Node_2159": 3.0175257206413932,
    "Node_2199": 1.7000139030494021,
    "Node_2210": 4.968285765594588,
    "Node_2300": 2.550013903049402,
    "Node_2362": 1.7000139030494021,
    "Node_2376": 11.292297583186578,
    "Node_2455": 3.400013903049402,
    "Node_2497": 6.668285765594588,
    "Node_2632": 7.877410765594588,
    "Node_2743": 2.550013903049402,
    "Node_2751": 2.1675257206413936,
    "Node_2790": 12.665049355825376,
    "Node_2850": 5.440025720641394,
    "Node_2977": 3.400013903049402,
    "Node_3147": 1.7000139030494021,
    "Node_3152": 3.0175257206413932,
    "Node_3268": 2.1675257206413936,
    "Node_3280": 2.4225257206413935,
    "Node_3391": 18.190025720641394,
    "Node_3425": 1.3903049402168878e-05,
    "Node_3451": 4.462525720641394,
    "Node_3630": 2.550013903049402,
    "Node_3681": 1861.3548515959565,
    "Node_3706": 8.364047583186577,
    "Node_3735": 15.215049355825375,
    "Node_3783": 13.897561173417367,
    "Node_3812": 5.950013903049403,
    "Node_3856": 34.76720626332375,
    "Node_3881": 6.630025720641394,
    "Node_3890": 3.400013903049402,
    "Node_3916": 1.7000139030494021,
    "Node_3975": 4.122525720641394,
    "Node_4075": 3.1450375382333853,
    "Node_4111": 0.8500139030494022,
    "Node_4122": 1.445025720641394,
    "Node_4167": 0.8500139030494022,
    "Node_4214": 14.280037538233385,
    "Node_4249": 3.1450257206413936,
    "Node_4345": 1.7000139030494021,
    "Node_4420": 3.2725257206413936,
    "Node_4461": 3.1450257206413936,
    "Node_4587": 0.8500139030494022,
    "Node_4643": 4.717525720641394,
    "Node_4682": 41.22504935582538,
    "Node_4722": 0.8500139030494022,
    "Node_4763": 0.8500139030494022,
    "Node_4831": 5.567525720641394,
    "Node_4869": 3.2725257206413936,
    "Node_5113": 0.8500139030494022,
    "Node_5152": 20.697537538233387,
    "Node_5201": 21.64743440077857,
    "Node_5294": 1.7000139030494021,
    "Node_5314": 4.3350257206413945,
    "Node_5344": 2.550013903049402,
    "Node_5625": 1.7000139030494021,
    "Node_5646": 5.185037538233385,
    "Node_5747": 2.550013903049402,
    "Node_5845": 1.7000139030494021,
    "Node_5882": 0.8500139030494022,
    "Node_5940": 5.100013903049402,
    "Node_5946": 2.2950257206413935,
    "Node_5996": 3.8675257206413938,
    "Node_6041": 6.417525720641394,
    "Node_6052": 6.035025720641394,
    "Node_6133": 8.259922583186578,
    "Node_6164": 2.550013903049402,
    "Node_6236": 10.370037538233387,
    "Node_6243": 2.550013903049402,
    "Node_6245": 6.162525720641394,
    "Node_6279": 3.400013903049402,
    "Node_6310": 11.602549355825376,
    "Node_6403": 3.0175257206413932,
    "Node_6654": 0.8500139030494022,
    "Node_6660": 9.19493440077857,
    "Node_6665": 1.3903049402168878e-05,
    "Node_6666": 1.7000139030494021,
    "Node_6687": 2.550013903049402,
    "Node_6800": 54.952549355825376,
    "Node_6878": 3.9950375382333854,
    "Node_7093": 2.4225257206413935,
    "Node_7138": 1.3903049402168878e-05,
    "Node_7153": 0.8500139030494022,
    "Node_7277": 7.267525720641394,
    "Node_7352": 1.7000139030494021,
    "Node_7396": 6.035037538233386,
    "Node_7430": 3.1450257206413936,
    "Node_7547": 2.295037538233385,
    "Node_7612": 103.1710612232366,
    "Node_7798": 5.3125257206413945,
    "Node_7878": 3.2725257206413936,
    "Node_7951": 5.9075375382333855,
    "Node_7955": 0.8500139030494022,
    "Node_7975": 0.8500139030494022,
    "Node_8001": 9.520049355825376,
    "Node_8085": 2.550013903049402,
    "Node_8114": 6.035025720641394,
    "Node_8125": 13.047537538233385,
    "Node_8133": 1.7000139030494021,
    "Node_8213": 17.425084808601355,
    "Node_8268": 3.8675257206413938,
    "Node_8300": 0.8500139030494022,
    "Node_8410": 3.400013903049402,
    "Node_8433": 7.735037538233386,
    "Node_8442": 7.2250375382333845,
    "Node_8453": 35.02007299100936,
    "Node_8479": 4.717525720641394,
    "Node_8547": 6.545025720641394,
    "Node_8554": 4.122525720641394,
    "Node_8558": 0.8500139030494022,
    "Node_8583": 1.7000139030494021,
    "Node_8673": 5.057537538233386,
    "Node_8691": 68.80764389656132,
    "Node_8696": 7.267525720641394,
    "Node_8748": 3.7400375382333855,
    "Node_8790": 2.2950257206413935,
    "Node_8819": 3.867537538233386,
    "Node_8836": 3.400013903049402,
    "Node_8858": 698.0807795671516,
    "Node_8892": 0.8500139030494022,
    "Node_8945": 8.075037538233385,
    "Node_8953": 3.7400257206413934,
    "Node_8985": 5.567525720641394,
    "Node_9187": 3.9950375382333854,
    "Node_9220": 5.312537538233386,
    "Node_9281": 2.2950257206413935,
    "Node_9290": 4.717525720641394,
    "Node_9299": 1.3903049402168878e-05,
    "Node_9348": 4.590037538233386,
    "Node_9506": 0.8500139030494022,
    "Node_9510": 3.8675257206413938,
    "Node_9697": 1.7000139030494021,
    "Node_9724": 4.122525720641394,
    "Node_9739": 4.122525720641394,
    "Node_9824": 1.3903049402168878e-05,
    "Node_9996": 10.965025720641393,
    "Node_10010": 1.5725257206413938,
    "Node_10110": 3.7400257206413934,
    "Node_10141": 8.925025720641393,
    "Node_10208": 0.8500139030494022,
    "Node_10306": 49.72719267309296,
    "Node_10357": 15.682537538233383,
    "Node_10418": 53.81999348873853,
    "Node_10421": 0.8500139030494022,
    "Node_10549": 1.5725257206413938,
    "Node_10564": 3.995025720641394,
    "Node_10664": 1.445025720641394,
    "Node_10665": 2.550013903049402
}