{
    "Node_61": 3.2725257206413936,
    "Node_97": 1.445025720641394,
    "Node_154": 16.150037538233384,
    "Node_176": 3.400013903049402,
    "Node_180": 1.7000139030494021,
    "Node_370": 0.8500139030494022,
    "Node_542": 0.8500139030494022,
    "Node_564": 3.0175375382333853,
    "Node_579": 11.636547583186578,
    "Node_588": 3.0175257206413932,
    "Node_597": 10.242525720641392,
    "Node_614": 2.550013903049402,
    "Node_642": 3.612525720641394,
    "Node_653": 5.9075375382333855,
    "Node_691": 3.1450257206413936,
    "Node_713": 3.0175257206413932,
    "Node_742": 3.995025720641394,
    "Node_755": 10.531583035962553,
    "Node_960": 2.5720641394012423e-05,
    "Node_983": 21.717549355825376,
    "Node_1064": 0.722525720641394,
    "Node_1088": 1.3903049402168878e-05,
    "Node_1128": 5.440037538233387,
    "Node_1160": 1.7000139030494021,
    "Node_1219": 9.817525720641394,
    "Node_1230": 4.250013903049402,
    "Node_1244": 3.2725257206413936,
    "Node_1282": 26.902525720641393,
    "Node_1303": 4.3350257206413945,
    "Node_1311": 6.290025720641394,
    "Node_1358": 1.7000139030494021,
    "Node_1407": 42.591378907336164,
    "Node_1448": 6.757537538233386,
    "Node_1466": 26.73257299100936,
    "Node_1489": 16.787549355825377,
    "Node_1541": 8.967525720641394,
    "Node_1563": 2.550013903049402,
    "Node_1589": 959.0024002896458,
    "Node_1623": 52.30267768444711,
    "Node_1670": 9.180025720641392,
    "Node_1681": 3.8675257206413938,
    "Node_1742": 1.445025720641394,
    "Node_1750": 3.612537538233385,
    "Node_1770": 7.352549355825376,
    "Node_1788": 4.462525720641394,
    "Node_1794": 3.0175257206413932,
    "Node_1965": 2.2950257206413935,
    "Node_2018": 2.4225257206413935,
    "Node_2050": 3.0175257206413932,
    "Node_2064": 3.8675257206413938,
    "Node_2097": 7.735049355825379,
    "Node_2120": 5.089323098757993,
    "Node_2157": 6.290025720641394,
    "Node_2213": 0.8500139030494022,
    "Node_2237": 1.3903049402168878e-05,
    "Node_2272": 7.862537538233386,
    "Node_2342": 0.8500139030494022,
    "Node_2386": 6.545025720641394,
    "Node_2397": 4.250013903049402,
    "Node_2422": 11.543065900454165,
    "Node_2543": 0.8500139030494022,
    "Node_2626": 0.8500139030494022,
    "Node_2689": 1.7000139030494021,
    "Node_2736": 1.7000139030494021,
    "Node_2801": 1.3903049402168878e-05,
    "Node_2805": 1.7000139030494021,
    "Node_2856": 1.7000139030494021,
    "Node_2894": 10.965025720641393,
    "Node_2906": 4.987422583186578,
    "Node_2939": 2.550013903049402,
    "Node_2965": 1.7000139030494021,
    "Node_3019": 3.0175257206413932,
    "Node_3142": 11.16905940077857,
    "Node_3161": 1.7000139030494021,
    "Node_3169": 13.168672583186577,
    "Node_3183": 3.400013903049402,
    "Node_3244": 3.2725257206413936,
    "Node_3275": 16.339196218370564,
    "Node_3287": 1.7000139030494021,
    "Node_3326": 2.550013903049402,
    "Node_3327": 28.687584808601354,
    "Node_3386": 1.7000139030494021,
    "Node_3418": 5.185025720641394,
    "Node_3420": 0.8500139030494022,
    "Node_3532": 7.267525720641394,
    "Node_3565": 5.440025720641394,
    "Node_3575": 31.25242258318658,
    "Node_3578": 2.550013903049402,
    "Node_3707": 1.7000139030494021,
    "Node_3785": 2.550013903049402,
    "Node_3829": 1.7000139030494021,
    "Node_3849": 27.45506117341737,
    "Node_3872": 0.8500139030494022,
    "Node_3885": 6.290025720641394,
    "Node_3899": 12.580061173417368,
    "Node_3915": 5.3125257206413945,
    "Node_3921": 9.052537538233386,
    "Node_3976": 3.8675257206413938,
    "Node_4004": 1.3903049402168878e-05,
    "Node_4008": 3.0175257206413932,
    "Node_4021": 7.480037538233385,
    "Node_4042": 1.3903049402168878e-05,
    "Node_4063": 1.5725257206413938,
    "Node_4097": 6.417525720641394,
    "Node_4217": 0.8500139030494022,
    "Node_4248": 2.550013903049402,
    "Node_4368": 5.9075375382333855,
    "Node_4404": 2.550013903049402,
    "Node_4476": 3.1450257206413936,
    "Node_4506": 9.902537538233386,
    "Node_4527": 14.280037538233385,
    "Node_4561": 1.3903049402168878e-05,
    "Node_4615": 1.7000139030494021,
    "Node_4752": 7.012525720641395,
    "Node_4821": 4.845025720641394,
    "Node_4849": 1.7000139030494021,
    "Node_4861": 5.3125257206413945,
    "Node_4991": 1.7000139030494021,
    "Node_5032": 8.585037538233385,
    "Node_5067": 4.845025720641394,
    "Node_5087": 1.5725257206413938,
    "Node_5117": 8.075037538233383,
    "Node_5168": 3.400013903049402,
    "Node_5198": 0.8500139030494022,
    "Node_5273": 11.645025720641394,
    "Node_5458": 7.267525720641394,
    "Node_5541": 30.67229581054778,
    "Node_5569": 6.035025720641394,
    "Node_5572": 0.8500139030494022,
    "Node_5661": 1.7000139030494021,
    "Node_5763": 3.995025720641394,
    "Node_5775": 0.8500139030494022,
    "Node_5782": 2.550013903049402,
    "Node_5858": 0.8500139030494022,
    "Node_5893": 18.275049355825377,
    "Node_5917": 2.550013903049402,
    "Node_5944": 27.497584808601353,
    "Node_6021": 0.8500139030494022,
    "Node_6095": 10.625025720641393,
    "Node_6128": 3.7400257206413934,
    "Node_6160": 3.2725257206413936,
    "Node_6237": 0.8500139030494022,
    "Node_6320": 17.72254935582538,
    "Node_6334": 9.577410765594587,
    "Node_6388": 2.550013903049402,
    "Node_6391": 14.804922583186576,
    "Node_6477": 2.550013903049402,
    "Node_6489": 0.8500139030494022,
    "Node_6538": 15.725049355825377,
    "Node_6607": 2.550013903049402,
    "Node_6630": 2.550013903049402,
    "Node_6707": 8.585037538233385,
    "Node_6710": 3.400013903049402,
    "Node_6733": 3.995025720641394,
    "Node_6834": 18.572572991009363,
    "Node_6837": 2.550013903049402,
    "Node_6866": 5.950013903049403,
    "Node_6875": 5.100013903049402,
    "Node_6920": 1.7000139030494021,
    "Node_6948": 4.250013903049402,
    "Node_7000": 71.86766753174528,
    "Node_7018": 3.995025720641394,
    "Node_7134": 5.950013903049403,
    "Node_7197": 2.550013903049402,
    "Node_7254": 5.185025720641394,
    "Node_7326": 5.3125257206413945,
    "Node_7486": 2.550013903049402,
    "Node_7498": 1.7000139030494021,
    "Node_7521": 4.462537538233386,
    "Node_7539": 3.400013903049402,
    "Node_7586": 1.5725257206413938,
    "Node_7660": 3.1450257206413936,
    "Node_7663": 28.97229581054778,
    "Node_7696": 0.8500139030494022,
    "Node_7719": 5.695025720641395,
    "Node_7728": 4.250013903049402,
    "Node_7799": 6.885025720641393,
    "Node_7810": 4.250013903049402,
    "Node_7819": 2.550013903049402,
    "Node_7938": 3.7400375382333855,
    "Node_7979": 1.7000257206413942,
    "Node_7991": 0.8500139030494022,
    "Node_8083": 11.220025720641392,
    "Node_8185": 6.795785765594587,
    "Node_8260": 3.400013903049402,
    "Node_8339": 3.400013903049402,
    "Node_8418": 11.602537538233385,
    "Node_8468": 1.7000139030494021,
    "Node_8589": 5.3125257206413945,
    "Node_8612": 2.550013903049402,
    "Node_8648": 3.523297583186578,
    "Node_8699": 5.440025720641394,
    "Node_8770": 2.550013903049402,
    "Node_8863": 15.616684400778569,
    "Node_8877": 5.440025720641394,
    "Node_8885": 6.290025720641394,
    "Node_8907": 1.7000139030494021,
    "Node_8917": 3.867537538233385,
    "Node_9086": 0.8500139030494022,
    "Node_9208": 1.7000139030494021,
    "Node_9234": 1.7000139030494021,
    "Node_9367": 0.8500139030494022,
    "Node_9371": 0.8500139030494022,
    "Node_9406": 5.567525720641394,
    "Node_9514": 0.8500139030494022,
    "Node_9589": 4.250013903049402,
    "Node_9621": 3.7400375382333855,
    "Node_9625": 3.759160765594587,
    "Node_9711": 3.400013903049402,
    "Node_9715": 6.417525720641394,
    "Node_9716": 1.7000139030494021,
    "Node_9765": 4.2500257206413945,
    "Node_9809": 1.3903049402168878e-05,
    "Node_9852": 3.612525720641394,
    "Node_9915": 1.7000139030494021,
    "Node_10012": 1.3903049402168878e-05,
    "Node_10015": 8.245025720641394,
    "Node_10041": 17.722525720641393,