{
    "Node_75": 3.0175257206413932,
    "Node_242": 5.780025720641394,
    "Node_244": 3.995025720641394,
    "Node_287": 7.352537538233387,
    "Node_322": 11.475037538233385,
    "Node_426": 84.10128307767168,
    "Node_434": 23.26880940077857,
    "Node_445": 2.550013903049402,
    "Node_505": 1.7000139030494021,
    "Node_512": 20.387321218370563,
    "Node_556": 7.140025720641394,
    "Node_559": 0.8500139030494022,
    "Node_626": 3.1450257206413936,
    "Node_705": 3.995025720641394,
    "Node_715": 16.405072991009362,
    "Node_744": 1.3903049402168878e-05,
    "Node_843": 4.845025720641394,
    "Node_893": 5.100013903049402,
    "Node_898": 2.550013903049402,
    "Node_1026": 5.822525720641394,
    "Node_1051": 1.5725257206413938,
    "Node_1063": 2.550013903049402,
    "Node_1073": 1.7000139030494021,
    "Node_1086": 2.550013903049402,
    "Node_1097": 0.8500139030494022,
    "Node_1113": 6.885037538233386,
    "Node_1116": 0.8500139030494022,
    "Node_1119": 3.1450257206413936,
    "Node_1256": 3.2725257206413936,
    "Node_1315": 1.7000139030494021,
    "Node_1355": 11.135037538233385,
    "Node_1357": 3.0175257206413932,
    "Node_1389": 3.0175257206413932,
    "Node_1530": 19.46507299100936,
    "Node_1650": 0.8500139030494022,
    "Node_1706": 4.845025720641394,
    "Node_1724": 4.250013903049402,
    "Node_1762": 6.417525720641394,
    "Node_1787": 2.8900257206413933,
    "Node_1824": 0.8500139030494022,
    "Node_1830": 0.8500139030494022,
    "Node_1859": 9.817537538233385,
    "Node_1887": 2.550013903049402,
    "Node_1981": 4.250013903049402,
    "Node_2016": 17.977525720641395,
    "Node_2041": 7.607525720641394,
    "Node_2057": 8.009160765594586,
    "Node_2100": 1.7000139030494021,
    "Node_2110": 0.8500139030494022,
    "Node_2121": 2.2950257206413935,
    "Node_2178": 5.695025720641395,
    "Node_2351": 1.7000139030494021,
    "Node_2498": 2.550013903049402,
    "Node_2629": 0.8500139030494022,
    "Node_2652": 1.7000139030494021,
    "Node_2863": 34.12752572064139,
    "Node_2887": 7.607549355825377,
    "Node_2941": 4.250013903049402,
    "Node_2953": 40.46013207896932,
    "Node_2976": 1.7000139030494021,
    "Node_3026": 5.567537538233386,
    "Node_3052": 5.907549355825377,
    "Node_3196": 2.1675257206413936,
    "Node_3259": 1.7000139030494021,
    "Node_3301": 17.637561173417367,
    "Node_3359": 8.925037538233385,
    "Node_3361": 5.7099208105477794,
    "Node_3406": 131.55043230373528,
    "Node_3426": 0.8500139030494022,
    "Node_3528": 11.942525720641392,
    "Node_3564": 0.8500139030494022,
    "Node_3628": 6.035037538233386,
    "Node_3645": 0.8500139030494022,
    "Node_3686": 8.70832121837056,
    "Node_3687": 3.995025720641394,
    "Node_3689": 2.550013903049402,
    "Node_3771": 8.925049355825378,
    "Node_3795": 2.1675257206413936,
    "Node_3824": 0.722525720641394,
    "Node_3935": 4.250025720641394,
    "Node_3937": 2.550013903049402,
    "Node_3996": 18.870037538233383,
    "Node_4108": 4.250013903049402,
    "Node_4112": 2.4225257206413935,
    "Node_4306": 6.757537538233386,
    "Node_4409": 1.3903049402168878e-05,
    "Node_4421": 320.4594989919131,
    "Node_4477": 3.400013903049402,
    "Node_4485": 8.670025720641393,
    "Node_4490": 8.670037538233386,
    "Node_4502": 1.7000139030494021,
    "Node_4551": 0.8500139030494022,
    "Node_4565": 20.995025720641394,
    "Node_4586": 54.92924348873853,
    "Node_4614": 296.0611311219761,
    "Node_4626": 1.3903049402168878e-05,
    "Node_4750": 6.757549355825377,
    "Node_4893": 8.117525720641392,
    "Node_4906": 1.445025720641394,
    "Node_4941": 1.5725257206413938,
    "Node_4952": 1.7000139030494021,
    "Node_5033": 2.2950257206413935,
    "Node_5068": 3.400013903049402,
    "Node_5110": 32.172561173417364,
    "Node_5189": 10.370049355825376,
    "Node_5307": 10.372182628139772,
    "Node_5438": 1.7000139030494021,
    "Node_5448": 6.035025720641394,
    "Node_5507": 3.8675257206413938,
    "Node_5603": 14.152549355825375,
    "Node_5621": 5.780037538233385,
    "Node_5694": 1.7000139030494021,
    "Node_5701": 1.7000139030494021,
    "Node_5722": 0.8500139030494022,
    "Node_5770": 3.7400375382333855,
    "Node_5835": 5.100013903049402,
    "Node_5993": 8.835797583186578,
    "Node_6020": 16.405037538233387,
    "Node_6085": 1.7000139030494021,
    "Node_6213": 51.28275117017331,
    "Node_6321": 14.790037538233385,
    "Node_6358": 7.140025720641394,
    "Node_6400": 2.550013903049402,
    "Node_6429": 2.550013903049402,
    "Node_6441": 17.37828576559459,
    "Node_6456": 0.8500139030494022,
    "Node_6460": 3.1450257206413936,
    "Node_6526": 2.4225257206413935,
    "Node_6549": 12.537537538233384,
    "Node_6598": 0.8500139030494022,
    "Node_6604": 7.140025720641394,
    "Node_6722": 12.962525720641395,
    "Node_6729": 1.7000139030494021,
    "Node_6795": 4.462525720641394,
    "Node_6842": 0.8500139030494022,
    "Node_6962": 2.2950257206413935,
    "Node_6990": 2.8900257206413933,
    "Node_7008": 7.140037538233386,
    "Node_7023": 11.347549355825377,
    "Node_7067": 2.550013903049402,
    "Node_7106": 70.02532443924368,
    "Node_7123": 3.0175257206413932,
    "Node_7185": 1.7000139030494021,
    "Node_7252": 23.251819445731766,
    "Node_7438": 3.0175257206413932,
    "Node_7519": 5.567525720641394,
    "Node_7536": 11.220049355825378,
    "Node_7584": 18.20067258318658,
    "Node_7597": 2.550013903049402,
    "Node_7610": 4.972525720641394,
    "Node_7648": 1.445025720641394,
    "Node_7659": 57.33263207896931,
    "Node_7679": 11.27742258318658,
    "Node_7687": 2.550013903049402,
    "Node_7847": 1.5725257206413938,
    "Node_7940": 3.400013903049402,
    "Node_8024": 4.717525720641394,
    "Node_8101": 7.522525720641394,
    "Node_8154": 1.3903049402168878e-05,
    "Node_8165": 4.717525720641394,
    "Node_8292": 2.4225257206413935,
    "Node_8391": 9.194946218370562,
    "Node_8411": 2.550013903049402,
    "Node_8415": 1.7000139030494021,
    "Node_8457": 2.4225257206413935,
    "Node_8473": 3.0175257206413932,
    "Node_8552": 1.7000139030494021,
    "Node_8561": 3.9950375382333854,
    "Node_8701": 3.395797583186578,
    "Node_8735": 1.7000139030494021,
    "Node_8898": 3.400013903049402,
    "Node_8995": 0.8500139030494022,
    "Node_9008": 1.7000139030494021,
    "Node_9027": 9.307537538233385,
    "Node_9030": 3.0175257206413932,
    "Node_9050": 5.100013903049402,
    "Node_9162": 7.140025720641394,
    "Node_9166": 3.0175257206413932,
    "Node_9205": 1.7000139030494021,
    "Node_9211": 1.7000139030494021,
    "Node_9307": 1.7000139030494021,
    "Node_9351": 4.717525720641394,
    "Node_9362": 1.7000139030494021,
    "Node_9436": 4.717537538233385,
    "Node_9486": 1.7000139030494021,
    "Node_9617": 412.8557210353137,
    "Node_9733": 0.722525720641394,
    "Node_9794": 1.3903049402168878e-05,
    "Node_9831": 2.550013903049402,
    "Node_9909": 3.1450257206413936,
    "Node_9944": 3.400013903049402,
    "Node_9989": 73.71655149399851,
    "Node_10103": 5.950013903049403,
    "Node_10224": 88.44265571415328,
    "Node_10270": 5.9075375382333855,
    "Node_10272": 8.330037538233384,
    "Node_10382": 2.550013903049402,
    "Node_10392": 5.780037538233385,
    "Node_10498": 0.8500139030494022,
    "Node_10627": 1.7000139030494021,
    "Node_10673": 4.250013903049402,
    "Node_10715": 5.567525720641394
}