{
    "Node_165": 2.550013903049402,
    "Node_181": 0.8500139030494022,
    "Node_253": 76.02842757669848,
    "Node_261": 24.31006117341737,
    "Node_298": 9.052525720641393,
    "Node_326": 2.2950257206413935,
    "Node_331": 2.550013903049402,
    "Node_360": 1.7000139030494021,
    "Node_363": 0.8500139030494022,
    "Node_386": 0.8500139030494022,
    "Node_388": 10.261660765594584,
    "Node_402": 21.207525720641396,
    "Node_405": 58.684130306330516,
    "Node_460": 0.8500139030494022,
    "Node_465": 6.417525720641394,
    "Node_475": 7.607525720641394,
    "Node_519": 1.7000139030494021,
    "Node_620": 1.7000139030494021,
    "Node_652": 1.7000139030494021,
    "Node_702": 8.202537538233386,
    "Node_794": 1.7000139030494021,
    "Node_819": 24.669208035962555,
    "Node_882": 5.907525720641394,
    "Node_889": 1.7000139030494021,
    "Node_918": 4.717525720641394,
    "Node_961": 1.3903049402168878e-05,
    "Node_1187": 56.28897162503474,
    "Node_1337": 3.400013903049402,
    "Node_1362": 3.400013903049402,
    "Node_1402": 7.352537538233387,
    "Node_1433": 1.7000139030494021,
    "Node_1627": 3.8675257206413938,
    "Node_1713": 23.502537538233387,
    "Node_1716": 4.250013903049402,
    "Node_1735": 7.735037538233386,
    "Node_1828": 2.5500257206413934,
    "Node_1857": 1.7000257206413942,
    "Node_1881": 3.2725257206413936,
    "Node_1903": 0.8500139030494022,
    "Node_2005": 0.722525720641394,
    "Node_2026": 4.717525720641394,
    "Node_2090": 95.74000852720363,
    "Node_2147": 2.550013903049402,
    "Node_2290": 1.7000139030494021,
    "Node_2349": 2.550013903049402,
    "Node_2353": 1.3903049402168878e-05,
    "Node_2436": 16.022537538233387,
    "Node_2443": 2.550013903049402,
    "Node_2477": 3.1450257206413936,
    "Node_2496": 6.290025720641394,
    "Node_2499": 2.550013903049402,
    "Node_2512": 16.207422583186577,
    "Node_2537": 49.472275396236896,
    "Node_2562": 1.3903049402168878e-05,
    "Node_2563": 3.9950375382333854,
    "Node_2567": 7.012525720641395,
    "Node_2603": 18.53004935582538,
    "Node_2606": 5.695037538233386,
    "Node_2641": 1.7000139030494021,
    "Node_2643": 3.995025720641394,
    "Node_2692": 4.717525720641394,
    "Node_2702": 2.550013903049402,
    "Node_2756": 4.5900257206413935,
    "Node_2934": 3.867537538233385,
    "Node_2958": 3.7400257206413934,
    "Node_2994": 1.3903049402168878e-05,
    "Node_3020": 9.052525720641393,
    "Node_3028": 4.250013903049402,
    "Node_3063": 3.867537538233385,
    "Node_3109": 3.0175257206413932,
    "Node_3207": 0.8500139030494022,
    "Node_3276": 16.660084808601354,
    "Node_3281": 0.8500139030494022,
    "Node_3314": 0.8500139030494022,
    "Node_3323": 1.7000139030494021,
    "Node_3463": 10.030049355825378,
    "Node_3579": 3.8675257206413938,
    "Node_3584": 0.8500139030494022,
    "Node_3620": 1.7000139030494021,
    "Node_3651": 3.0175257206413932,
    "Node_3655": 14.407537538233383,
    "Node_3668": 27.144821218370563,
    "Node_3737": 1.3903049402168878e-05,
    "Node_3853": 22.057572991009362,
    "Node_3857": 1.7000139030494021,
    "Node_3889": 21.67504935582538,
    "Node_3892": 0.8500139030494022,
    "Node_3894": 1.7000139030494021,
    "Node_4020": 2.550013903049402,
    "Node_4086": 1.5725257206413938,
    "Node_4174": 11.007537538233384,
    "Node_4220": 0.8500139030494022,
    "Node_4303": 1.7000139030494021,
    "Node_4380": 13.557549355825378,
    "Node_4413": 1.7000139030494021,
    "Node_4450": 29.112537538233386,
    "Node_4542": 3.1450257206413936,
    "Node_4637": 7.480037538233385,
    "Node_4691": 8.727422583186579,
    "Node_4724": 0.8500139030494022,
    "Node_4765": 1.7000139030494021,
    "Node_4792": 6.162525720641394,
    "Node_4817": 6.162525720641394,
    "Node_4891": 0.8500139030494022,
    "Node_4984": 5.185037538233386,
    "Node_4997": 1.7000139030494021,
    "Node_5013": 2.8900257206413933,
    "Node_5025": 2.550013903049402,
    "Node_5071": 5.950013903049403,
    "Node_5096": 28.14992258318658,
    "Node_5099": 0.8500139030494022,
    "Node_5220": 6.23479581054778,
    "Node_5293": 5.695025720641395,
    "Node_5311": 4.250013903049402,
    "Node_5330": 8.075049355825376,
    "Node_5469": 22.363565900454166,
    "Node_5484": 3.7400257206413934,
    "Node_5492": 3.8675257206413938,
    "Node_5539": 10.625025720641393,
    "Node_5601": 3.1450257206413936,
    "Node_5627": 1.3903049402168878e-05,
    "Node_5649": 0.8500139030494022,
    "Node_5793": 6.672525720641394,
    "Node_5798": 3.0175257206413932,
    "Node_5839": 2.550013903049402,
    "Node_5860": 2.550013903049402,
    "Node_5909": 6.162537538233386,
    "Node_5942": 3.400013903049402,
    "Node_5947": 0.8500139030494022,
    "Node_6005": 0.8500139030494022,
    "Node_6013": 0.8500139030494022,
    "Node_6019": 1.7000139030494021,
    "Node_6149": 19.762537538233385,
    "Node_6153": 1.7000139030494021,
    "Node_6260": 1.7000139030494021,
    "Node_6352": 6.290025720641394,
    "Node_6363": 3.0175257206413932,
    "Node_6418": 3.1450257206413936,
    "Node_6436": 14.407561173417369,
    "Node_6451": 6.885025720641393,
    "Node_6530": 1.3903049402168878e-05,
    "Node_6563": 1.7000139030494021,
    "Node_6618": 0.8500139030494022,
    "Node_6698": 2.2950257206413935,
    "Node_6748": 1.7000139030494021,
    "Node_6750": 3.400013903049402,
    "Node_6771": 16.87894444573176,
    "Node_6789": 43.01006117341736,
    "Node_6958": 1.7000139030494021,
    "Node_6994": 4.122525720641394,
    "Node_7040": 22.99254935582538,
    "Node_7069": 9.052549355825377,
    "Node_7149": 54.910025720641386,
    "Node_7187": 2.550013903049402,
    "Node_7217": 5.3125257206413945,
    "Node_7236": 10.497549355825377,
    "Node_7435": 1.3903049402168878e-05,
    "Node_7481": 1.7000139030494021,
    "Node_7540": 12.452561173417369,
    "Node_7542": 3.400013903049402,
    "Node_7600": 4.335037538233386,
    "Node_7795": 49.81013207896932,
    "Node_7800": 17.64817081054778,
    "Node_7864": 4.250013903049402,
    "Node_7945": 1.3903049402168878e-05,
    "Node_7953": 3.0175257206413932,
    "Node_7958": 3.400013903049402,
    "Node_8019": 2.4225257206413935,
    "Node_8112": 2.550013903049402,
    "Node_8178": 4.250013903049402,
    "Node_8211": 0.8500139030494022,
    "Node_8266": 5.440037538233385,
    "Node_8298": 3.400013903049402,
    "Node_8315": 1.7000139030494021,
    "Node_8429": 5.440025720641394,
    "Node_8606": 13.189934400778569,
    "Node_8675": 1.7000139030494021,
    "Node_8743": 0.8500139030494022,
    "Node_8749": 7.607537538233386,
    "Node_8764": 7.267525720641394,
    "Node_8771": 1.7000139030494021,
    "Node_8774": 4.5900257206413935,
    "Node_8789": 6.417525720641394,
    "Node_8845": 1.7000139030494021,
    "Node_8862": 2.550013903049402,
    "Node_8869": 6.630025720641394,
    "Node_8899": 5.907525720641394,
    "Node_8919": 3.0175257206413932,
    "Node_8954": 2.550013903049402,
    "Node_8975": 0.8500139030494022,
    "Node_9005": 12.537537538233384,
    "Node_9021": 3.400013903049402,
    "Node_9032": 0.8500139030494022,
    "Node_9055": 1.7000139030494021,
    "Node_9064": 21.037572991009363,
    "Node_9147": 3.0175257206413932,
    "Node_9248": 38.34992081054777,
    "Node_9389": 2.550013903049402,
    "Node_9409": 3.8675257206413938,
    "Node_9456": 14.492572991009359,
    "Node_9463": 2.550013903049402,
    "Node_9485": 3.1450257206413936,
    "Node_9509": 2.550013903049402,
    "Node_9522": 1.7000139030494021,
    "Node_9772": 0.8500139030494022,
    "Node_9792": 3.400013903049402,
    "Node_9872": 4.250013903049402,
    "Node_9969": 0.8500139030494022,
    "Node_10108": 2.4225257206413935,
    "Node_10160": 5.567525720641394,
    "Node_10164": 4.250013903049402,
    "Node_10197": 2.550013903049402,
    "Node_10220": 0.8500139030494022,
    "Node_10240": 1.7000139030494021,
    "Node_10268": 0.8500139030494022,
    "Node_10427": 4.250013903049402,
    "Node_10474": 4.250013903049402,
    "Node_10475": 9.435037538233384,