{
    "Node_12": 2.550013903049402,
    "Node_22": 1.7000139030494021,
    "Node_42": 2.2950257206413935,
    "Node_96": 105.1450943119149,
    "Node_105": 1.3903049402168878e-05,
    "Node_111": 2.550013903049402,
    "Node_210": 1.7000139030494021,
    "Node_239": 36.80294621837056,
    "Node_245": 3.1450257206413936,
    "Node_313": 1.3903049402168878e-05,
    "Node_346": 2.4225257206413935,
    "Node_354": 705.8710786593982,
    "Node_539": 5.185025720641394,
    "Node_640": 3.1450257206413936,
    "Node_646": 3.1450257206413936,
    "Node_710": 102.99261166465844,
    "Node_1000": 3.7400257206413934,
    "Node_1111": 7.607537538233386,
    "Node_1237": 1.7000139030494021,
    "Node_1238": 1.7000139030494021,
    "Node_1293": 4.122525720641394,
    "Node_1367": 0.8500139030494022,
    "Node_1383": 12.792549355825377,
    "Node_1486": 2.550013903049402,
    "Node_1531": 0.8500139030494022,
    "Node_1539": 8.075025720641392,
    "Node_1624": 10.752537538233385,
    "Node_1666": 699.1187255161504,
    "Node_1752": 11.262537538233383,
    "Node_1759": 5.567525720641394,
    "Node_1776": 11.220037538233385,
    "Node_1973": 6.757537538233386,
    "Node_1987": 21.20753753823339,
    "Node_2039": 41.31002572064139,
    "Node_2067": 1.7000139030494021,
    "Node_2248": 2.550013903049402,
    "Node_2286": 3.9950375382333854,
    "Node_2304": 1.7000139030494021,
    "Node_2414": 1.7000139030494021,
    "Node_2435": 0.8500139030494022,
    "Node_2589": 0.8500139030494022,
    "Node_2622": 2.9091607655945864,
    "Node_2647": 3.1450257206413936,
    "Node_2681": 22.907549355825378,
    "Node_2684": 7.862525720641395,
    "Node_2709": 4.250013903049402,
    "Node_2713": 0.8500139030494022,
    "Node_2783": 4.717525720641394,
    "Node_2873": 16.575049355825378,
    "Node_3029": 3.2725375382333857,
    "Node_3080": 5.312537538233386,
    "Node_3081": 7.607525720641394,
    "Node_3200": 41.565108443785334,
    "Node_3210": 29.92006117341737,
    "Node_3214": 9.520037538233387,
    "Node_3222": 2.2950257206413935,
    "Node_3302": 9.180025720641392,
    "Node_3321": 3.400013903049402,
    "Node_3336": 2.550013903049402,
    "Node_3428": 3.400013903049402,
    "Node_3441": 0.8500139030494022,
    "Node_3444": 1.7000139030494021,
    "Node_3461": 1.7000139030494021,
    "Node_3464": 3.2725257206413936,
    "Node_3469": 2.4225257206413935,
    "Node_3569": 197.9489531258689,
    "Node_3587": 3.1450257206413936,
    "Node_3955": 18.445072991009365,
    "Node_3967": 4.717525720641394,
    "Node_3995": 0.8500139030494022,
    "Node_4049": 18.02004935582538,
    "Node_4071": 4.5900257206413935,
    "Node_4169": 1.7000139030494021,
    "Node_4313": 10.06829758318658,
    "Node_4651": 3.400013903049402,
    "Node_4667": 0.8500139030494022,
    "Node_4679": 1.7000139030494021,
    "Node_4733": 4.250013903049402,
    "Node_4971": 4.5900257206413935,
    "Node_4976": 1.7000139030494021,
    "Node_5263": 7.352537538233387,
    "Node_5296": 1.7000139030494021,
    "Node_5412": 1.7000139030494021,
    "Node_5427": 8.457525720641394,
    "Node_5428": 59.55743440077857,
    "Node_5434": 6.757525720641395,
    "Node_5455": 1.7000139030494021,
    "Node_5550": 11.390025720641393,
    "Node_5584": 3.612549355825377,
    "Node_5592": 44.200025720641385,
    "Node_5637": 5.567525720641394,
    "Node_5735": 6.540785765594588,
    "Node_5766": 2.550013903049402,
    "Node_5832": 0.8500139030494022,
    "Node_5974": 2.550013903049402,
    "Node_6010": 11.730049355825377,
    "Node_6117": 1.7000139030494021,
    "Node_6182": 2.550013903049402,
    "Node_6200": 11.092549355825378,
    "Node_6331": 4.5900257206413935,
    "Node_6385": 25.468196218370565,
    "Node_6409": 5.100013903049402,
    "Node_6443": 9.180037538233384,
    "Node_6447": 1.7000139030494021,
    "Node_6509": 2.550013903049402,
    "Node_6534": 2.550013903049402,
    "Node_6584": 3.7400375382333846,
    "Node_6631": 2.550013903049402,
    "Node_6650": 10.752549355825375,
    "Node_6652": 7.012525720641395,
    "Node_6719": 8.075037538233385,
    "Node_6900": 5.695025720641395,
    "Node_6939": 3.400013903049402,
    "Node_6972": 28.24557121837056,
    "Node_7034": 1.7000139030494021,
    "Node_7065": 20.612525720641397,
    "Node_7075": 2.550013903049402,
    "Node_7098": 2.550013903049402,
    "Node_7161": 6.290025720641394,
    "Node_7204": 2.1675257206413936,
    "Node_7246": 19.819922583186578,
    "Node_7314": 2.550013903049402,
    "Node_7339": 1.3903049402168878e-05,
    "Node_7386": 2.550013903049402,
    "Node_7405": 1.7000139030494021,
    "Node_7577": 2.550013903049402,
    "Node_7746": 1.7000139030494021,
    "Node_7758": 600.8404307635379,
    "Node_7780": 2.550013903049402,
    "Node_7805": 3.1450257206413936,
    "Node_7829": 1.7000139030494021,
    "Node_7836": 0.8500139030494022,
    "Node_7956": 5.695025720641395,
    "Node_8061": 3.400013903049402,
    "Node_8070": 5.185037538233385,
    "Node_8105": 1.7000139030494021,
    "Node_8174": 3.0175375382333853,
    "Node_8184": 1.7000139030494021,
    "Node_8263": 5.440037538233387,
    "Node_8327": 3.1450257206413936,
    "Node_8381": 0.8500139030494022,
    "Node_8405": 4.250013903049402,
    "Node_8437": 99.16755080405967,
    "Node_8449": 15.172537538233382,
    "Node_8506": 4.845025720641394,
    "Node_8560": 1.7000139030494021,
    "Node_8633": 15.040797583186578,
    "Node_8649": 0.8500139030494022,
    "Node_8687": 0.8500139030494022,
    "Node_8798": 1.7000139030494021,
    "Node_8896": 17.297549355825378,
    "Node_8960": 3.400013903049402,
    "Node_9000": 2.550013903049402,
    "Node_9087": 9.350013903049401,
    "Node_9126": 0.722525720641394,
    "Node_9213": 0.8500139030494022,
    "Node_9265": 4.717525720641394,
    "Node_9279": 2.550013903049402,
    "Node_9288": 21.802525720641395,
    "Node_9316": 1.7000139030494021,
    "Node_9419": 6.304910765594587,
    "Node_9440": 1.7000139030494021,
    "Node_9457": 3.400013903049402,
    "Node_9557": 1.7000139030494021,
    "Node_9574": 4.250013903049402,
    "Node_9599": 4.717525720641394,
    "Node_9600": 17.297561173417368,
    "Node_9622": 1.3903049402168878e-05,
    "Node_9692": 1.7000139030494021,
    "Node_9693": 5.690797583186578,
    "Node_9801": 823.7177040851791,
    "Node_9811": 6.417525720641394,
    "Node_9819": 2.550013903049402,
    "Node_9900": 2.550013903049402,
    "Node_9937": 5.185037538233386,
    "Node_10021": 2.550013903049402,
    "Node_10030": 8.529797583186578,
    "Node_10143": 6.417525720641394,
    "Node_10148": 1.7000139030494021,
    "Node_10193": 1.7000139030494021,
    "Node_10196": 4.250013903049402,
    "Node_10203": 3.8675257206413938,
    "Node_10219": 11.092525720641392,
    "Node_10266": 19.78168262813977,
    "Node_10312": 0.8500139030494022,
    "Node_10317": 3.1450375382333853,
    "Node_10660": 24.097537538233382,
    "Node_10699": 0.8500139030494022,
    "Node_10702": 18.615049355825377,
    "Node_10727": 1.7000139030494021
}