{
    "Node_189": 4.5900257206413935,
    "Node_252": 1.7000139030494021,
    "Node_440": 0.8500139030494022,
    "Node_490": 1.3903049402168878e-05,
    "Node_631": 4.250013903049402,
    "Node_699": 5.3125257206413945,
    "Node_771": 0.8500139030494022,
    "Node_795": 2.550013903049402,
    "Node_915": 8.72743440077857,
    "Node_947": 5.780049355825377,
    "Node_957": 4.250013903049402,
    "Node_1016": 3.1450257206413936,
    "Node_1044": 3.1450257206413936,
    "Node_1068": 15.130049355825374,
    "Node_1139": 414.5557210353137,
    "Node_1229": 7.395025720641394,
    "Node_1285": 5.3125257206413945,
    "Node_1401": 7.650025720641393,
    "Node_1430": 483.03824789137076,
    "Node_1647": 3.0175257206413932,
    "Node_1654": 140.13350170312356,
    "Node_1657": 2.550013903049402,
    "Node_1737": 3.400013903049402,
    "Node_1771": 2.550013903049402,
    "Node_1816": 3.0175257206413932,
    "Node_1858": 36.641452718046146,
    "Node_1943": 3.400013903049402,
    "Node_1978": 2.550013903049402,
    "Node_2011": 21.887561173417367,
    "Node_2066": 2.4225257206413935,
    "Node_2085": 3.1450257206413936,
    "Node_2149": 2.550013903049402,
    "Node_2207": 3.400013903049402,
    "Node_2276": 5.3125257206413945,
    "Node_2317": 7.480037538233385,
    "Node_2323": 32.25756117341736,
    "Node_2423": 102.20845121188246,
    "Node_2425": 9.562525720641394,
    "Node_2465": 0.8500139030494022,
    "Node_2489": 4.968285765594588,
    "Node_2505": 0.8500139030494022,
    "Node_2672": 1.445025720641394,
    "Node_2718": 3.7400375382333846,
    "Node_2733": 6.290025720641394,
    "Node_2742": 1.7000139030494021,
    "Node_2747": 3.1450257206413936,
    "Node_2752": 0.8500139030494022,
    "Node_2760": 4.250013903049402,
    "Node_2775": 111.36936166465841,
    "Node_2776": 6.545037538233386,
    "Node_2784": 3.400013903049402,
    "Node_2802": 1.7000139030494021,
    "Node_2861": 2.550013903049402,
    "Node_2931": 23.290025720641395,
    "Node_2957": 0.8500139030494022,
    "Node_3015": 2.4225257206413935,
    "Node_3134": 2.4225257206413935,
    "Node_3162": 3.995025720641394,
    "Node_3184": 7.244160765594587,
    "Node_3242": 3.400013903049402,
    "Node_3249": 1.7000139030494021,
    "Node_3293": 5.3125257206413945,
    "Node_3316": 6.162525720641394,
    "Node_3332": 1.7000139030494021,
    "Node_3388": 49.85252572064139,
    "Node_3411": 2.4225257206413935,
    "Node_3436": 2.550013903049402,
    "Node_3540": 9.052537538233386,
    "Node_3570": 0.8500139030494022,
    "Node_3580": 3.400013903049402,
    "Node_3617": 2.550013903049402,
    "Node_3621": 3.8675257206413938,
    "Node_3629": 0.8500139030494022,
    "Node_3653": 11.602549355825376,
    "Node_3695": 5.057525720641395,
    "Node_3704": 0.8500139030494022,
    "Node_3732": 2.4225257206413935,
    "Node_3733": 4.250013903049402,
    "Node_3798": 2.550013903049402,
    "Node_3961": 1.3903049402168878e-05,
    "Node_3979": 3.400013903049402,
    "Node_4026": 3.867537538233386,
    "Node_4047": 7.522525720641394,
    "Node_4087": 14.832537538233384,
    "Node_4159": 1.7000139030494021,
    "Node_4191": 7.607537538233386,
    "Node_4212": 2.550013903049402,
    "Node_4221": 1.7000139030494021,
    "Node_4251": 6.885025720641393,
    "Node_4258": 1.3903049402168878e-05,
    "Node_4331": 7.140025720641394,
    "Node_4342": 2.550013903049402,
    "Node_4377": 2.550013903049402,
    "Node_4397": 7.140025720641394,
    "Node_4407": 18.01582121837056,
    "Node_4449": 0.8500139030494022,
    "Node_4578": 18.40254935582538,
    "Node_4609": 7.140025720641394,
    "Node_4673": 13.387549355825376,
    "Node_4696": 1.7000139030494021,
    "Node_4768": 10.285037538233386,
    "Node_4779": 3174.2753445540598,
    "Node_4823": 0.8500139030494022,
    "Node_4857": 11.220025720641392,
    "Node_4908": 3.2725257206413936,
    "Node_4982": 4.250013903049402,
    "Node_5028": 21.122596626193346,
    "Node_5055": 1.7000139030494021,
    "Node_5165": 3.2725257206413936,
    "Node_5215": 0.8500139030494022,
    "Node_5238": 2.550013903049402,
    "Node_5287": 3.2725257206413936,
    "Node_5292": 6.885037538233386,
    "Node_5303": 2.1675257206413936,
    "Node_5308": 3.1450257206413936,
    "Node_5318": 9.180037538233384,
    "Node_5340": 3.400013903049402,
    "Node_5353": 3.1450257206413936,
    "Node_5356": 13.175037538233385,
    "Node_5399": 45.29663030633051,
    "Node_5481": 4.717525720641394,
    "Node_5518": 23.683196218370565,
    "Node_5596": 7.140025720641394,
    "Node_5610": 4.250013903049402,
    "Node_5634": 72.25007299100936,
    "Node_5716": 3.7400375382333846,
    "Node_5742": 4.5900257206413935,
    "Node_5769": 118.85580757021036,
    "Node_5808": 30.64257299100936,
    "Node_5958": 3.8675257206413938,
    "Node_5991": 31.067596626193346,
    "Node_6062": 10.752537538233385,
    "Node_6065": 23.630037538233385,
    "Node_6104": 7.650013903049402,
    "Node_6140": 512.2640063143015,
    "Node_6172": 8.925037538233385,
    "Node_6219": 3.995025720641394,
    "Node_6249": 4.462525720641394,
    "Node_6289": 2.1675257206413936,
    "Node_6332": 4.590037538233386,
    "Node_6339": 2.550013903049402,
    "Node_6406": 1.7000139030494021,
    "Node_6506": 0.8500139030494022,
    "Node_6569": 10.072525720641394,
    "Node_6576": 0.8500139030494022,
    "Node_6594": 2.550013903049402,
    "Node_6617": 7.352537538233385,
    "Node_6639": 5.185025720641394,
    "Node_6718": 1.5725257206413938,
    "Node_6736": 0.8500139030494022,
    "Node_6761": 26.337321218370562,
    "Node_6787": 2.550013903049402,
    "Node_6882": 2.550013903049402,
    "Node_6883": 1.5725257206413938,
    "Node_7184": 1.7000139030494021,
    "Node_7233": 1.7000139030494021,
    "Node_7360": 72.33510844378534,
    "Node_7381": 4.250025720641394,
    "Node_7416": 3.400013903049402,
    "Node_7418": 4.5900257206413935,
    "Node_7554": 2.550013903049402,
    "Node_7592": 1.7000139030494021,
    "Node_7714": 4.717525720641394,
    "Node_7715": 52.6491539415145,
    "Node_7741": 4.250013903049402,
    "Node_7803": 1.445025720641394,
    "Node_7827": 22.78003753823339,
    "Node_7831": 6.162525720641394,
    "Node_7889": 1.7000257206413942,
    "Node_7913": 2.550013903049402,
    "Node_7934": 3.2725257206413936,
    "Node_8005": 5.057537538233386,
    "Node_8008": 0.8500139030494022,
    "Node_8094": 0.8500139030494022,
    "Node_8157": 30.26003753823339,
    "Node_8162": 7.947537538233386,
    "Node_8237": 8.202537538233386,
    "Node_8316": 0.8500139030494022,
    "Node_8337": 2.550013903049402,
    "Node_8351": 75.86051535128371,
    "Node_8372": 1.7000139030494021,
    "Node_8378": 0.8500139030494022,
    "Node_8426": 8.712549355825377,
    "Node_8557": 0.8500139030494022,
    "Node_8672": 2.550013903049402,
    "Node_8712": 4.717525720641394,
    "Node_8730": 2.2950257206413935,
    "Node_8776": 6.417525720641394,
    "Node_8870": 2.550013903049402,
    "Node_8904": 63.80025161912595,
    "Node_8938": 3.612525720641394,
    "Node_9016": 2.2950257206413935,
    "Node_9189": 0.8500139030494022,
    "Node_9221": 0.722525720641394,
    "Node_9261": 6.290025720641394,
    "Node_9298": 3.8675257206413938,
    "Node_9311": 1.7000139030494021,
    "Node_9385": 4.250013903049402,
    "Node_9450": 5.567525720641394,
    "Node_9488": 3.400013903049402,
    "Node_9580": 1.7000139030494021,
    "Node_9634": 3.400013903049402,
    "Node_9689": 1.7000139030494021,
    "Node_9698": 2.550013903049402,
    "Node_9718": 10.965037538233384,
    "Node_9802": 0.8500139030494022,
    "Node_9961": 8.330025720641393,
    "Node_9964": 0.8500139030494022,
    "Node_10004": 1.7000139030494021,
    "Node_10071": 357.55740041825,
    "Node_10078": 11.517525720641393,
    "Node_10159": 0.8500139030494022,
    "Node_10161": 2.550013903049402,
    "Node_10227": 27.242549355825375,
    "Node_10261": 3.7400257206413934,
    "Node_10273": 28.00757299100936,
    "Node_10296": 2.550013903049402,
    "Node_10326": 6.630037538233386,