{
    "Node_7": 17.7980880538048,
    "Node_32": 7.947525720641393,
    "Node_87": 3.400013903049402,
    "Node_92": 2.550013903049402,
    "Node_98": 9.350013903049401,
    "Node_190": 3.1450257206413936,
    "Node_194": 1.445025720641394,
    "Node_199": 3.886660765594587,
    "Node_262": 0.8500139030494022,
    "Node_283": 9.180049355825377,
    "Node_337": 1.7000139030494021,
    "Node_550": 5.3125257206413945,
    "Node_554": 3.995025720641394,
    "Node_555": 6.035025720641394,
    "Node_748": 10.88006117341737,
    "Node_830": 3.0175257206413932,
    "Node_852": 3.400013903049402,
    "Node_907": 2.4225257206413935,
    "Node_988": 2.550025720641394,
    "Node_999": 1.7000139030494021,
    "Node_1034": 1.7000139030494021,
    "Node_1178": 2.4225257206413935,
    "Node_1185": 3.995025720641394,
    "Node_1198": 3.867537538233385,
    "Node_1327": 96.32644766660488,
    "Node_1366": 3.1450257206413936,
    "Node_1500": 4.335037538233386,
    "Node_1509": 3.2725257206413936,
    "Node_1522": 8.344922583186577,
    "Node_1619": 6.545025720641394,
    "Node_1643": 5.567525720641394,
    "Node_1662": 1.7000139030494021,
    "Node_1663": 3.400013903049402,
    "Node_1677": 5.950013903049403,
    "Node_1740": 27.922572991009357,
    "Node_1772": 8.925025720641393,
    "Node_1814": 1.7000139030494021,
    "Node_1867": 4.972525720641394,
    "Node_1879": 11.730049355825377,
    "Node_1960": 0.8500139030494022,
    "Node_1982": 1.3903049402168878e-05,
    "Node_2038": 0.8500139030494022,
    "Node_2065": 21.802537538233388,
    "Node_2092": 3.400013903049402,
    "Node_2170": 22.737561173417372,
    "Node_2187": 2.550013903049402,
    "Node_2255": 9.713324871396793,
    "Node_2312": 0.8500139030494022,
    "Node_2373": 1.7000139030494021,
    "Node_2393": 14.471285765594583,
    "Node_2404": 7.990025720641394,
    "Node_2528": 14.535049355825377,
    "Node_2530": 2.2950257206413935,
    "Node_2548": 0.8500139030494022,
    "Node_2697": 8.245025720641394,
    "Node_2738": 26.989694445731764,
    "Node_2955": 8.202525720641393,
    "Node_2979": 5.950013903049403,
    "Node_3136": 16.06507299100936,
    "Node_3145": 8.117525720641392,
    "Node_3159": 18.02004935582538,
    "Node_3224": 74.26682621188247,
    "Node_3235": 3.995025720641394,
    "Node_3288": 4.736672583186579,
    "Node_3289": 6.177410765594587,
    "Node_3341": 4.5900257206413935,
    "Node_3553": 5.100013903049402,
    "Node_3606": 8.457525720641394,
    "Node_3720": 7.154910765594586,
    "Node_3741": 5.695025720641395,
    "Node_3805": 1.7000139030494021,
    "Node_3818": 13.557549355825378,
    "Node_3832": 2.550013903049402,
    "Node_3876": 1.7000139030494021,
    "Node_3879": 0.8500139030494022,
    "Node_3914": 1.7000139030494021,
    "Node_4160": 4.590037538233386,
    "Node_4188": 1.7000139030494021,
    "Node_4224": 3.2725375382333852,
    "Node_4291": 2.8900257206413933,
    "Node_4424": 4.009910765594587,
    "Node_4504": 4.717525720641394,
    "Node_4511": 0.8500139030494022,
    "Node_4781": 3.995025720641394,
    "Node_4784": 14.960049355825378,
    "Node_4819": 1.3903049402168878e-05,
    "Node_4848": 4.5900257206413935,
    "Node_4852": 16.32004935582538,
    "Node_4903": 0.8500139030494022,
    "Node_4995": 4.264910765594586,
    "Node_5030": 5.695025720641395,
    "Node_5134": 35.44293262813976,
    "Node_5150": 9.350013903049401,
    "Node_5194": 1.7000139030494021,
    "Node_5258": 1.7000139030494021,
    "Node_5275": 243.20046382889987,
    "Node_5367": 1.3903049402168878e-05,
    "Node_5606": 1.7000139030494021,
    "Node_5658": 6.417525720641394,
    "Node_5672": 0.8500139030494022,
    "Node_5705": 1.7000139030494021,
    "Node_5708": 4.590037538233386,
    "Node_5743": 26.137561173417367,
    "Node_5867": 3.400013903049402,
    "Node_5897": 1.7000139030494021,
    "Node_5930": 1.7000139030494021,
    "Node_5959": 4.717525720641394,
    "Node_6088": 0.8500139030494022,
    "Node_6090": 13.047549355825376,
    "Node_6124": 5.695025720641395,
    "Node_6150": 0.722525720641394,
    "Node_6185": 86.40262026137732,
    "Node_6190": 1.7000139030494021,
    "Node_6194": 17.89256117341737,
    "Node_6202": 1.7000139030494021,
    "Node_6225": 4.462525720641394,
    "Node_6246": 18.289946218370563,
    "Node_6356": 1.5725257206413938,
    "Node_6468": 3.7400257206413934,
    "Node_6485": 2.4225257206413935,
    "Node_6504": 4.845025720641394,
    "Node_6515": 0.8500139030494022,
    "Node_6516": 0.8500139030494022,
    "Node_6552": 4.462525720641394,
    "Node_6701": 3.0175257206413932,
    "Node_6723": 17.850084808601352,
    "Node_6806": 8.330037538233384,
    "Node_6835": 5.100037538233385,
    "Node_6945": 3.400013903049402,
    "Node_7061": 3.0175257206413932,
    "Node_7251": 2.4225257206413935,
    "Node_7329": 2.550013903049402,
    "Node_7394": 3.400013903049402,
    "Node_7477": 3.995025720641394,
    "Node_7506": 7.480037538233385,
    "Node_7514": 15.130037538233385,
    "Node_7528": 4.5900257206413935,
    "Node_7532": 1.5725257206413938,
    "Node_7568": 14.237549355825376,
    "Node_7642": 20.329946218370562,
    "Node_7776": 1.7000139030494021,
    "Node_7807": 19.46506117341737,
    "Node_7814": 0.8500139030494022,
    "Node_7830": 1.3903049402168878e-05,
    "Node_7870": 2.550013903049402,
    "Node_7897": 0.8500139030494022,
    "Node_7930": 3.995025720641394,
    "Node_7933": 3.400013903049402,
    "Node_7936": 3.995025720641394,
    "Node_7941": 0.8500139030494022,
    "Node_7949": 902.6386601167856,
    "Node_8023": 17.017055855500974,
    "Node_8028": 19.295025720641394,
    "Node_8069": 11.730049355825377,
    "Node_8111": 3.1450257206413936,
    "Node_8116": 0.8500139030494022,
    "Node_8161": 1.445025720641394,
    "Node_8232": 1.3903049402168878e-05,
    "Node_8250": 1.7000139030494021,
    "Node_8438": 0.8500139030494022,
    "Node_8513": 4.250013903049402,
    "Node_8556": 548.7990653425942,
    "Node_8573": 7.012537538233385,
    "Node_8577": 3.1450257206413936,
    "Node_8578": 3.0175257206413932,
    "Node_8726": 1.7000139030494021,
    "Node_8754": 3.400013903049402,
    "Node_8809": 5.185025720641394,
    "Node_8950": 1.3903049402168878e-05,
    "Node_8968": 4.462525720641394,
    "Node_9047": 1.7000139030494021,
    "Node_9073": 10.795025720641393,
    "Node_9096": 1.3903049402168878e-05,
    "Node_9130": 1.3903049402168878e-05,
    "Node_9192": 99.31842757669847,
    "Node_9284": 6.800013903049402,
    "Node_9370": 6.559932628139772,
    "Node_9469": 4.845025720641394,
    "Node_9470": 6.304910765594587,
    "Node_9551": 1.7000139030494021,
    "Node_9564": 3.0175375382333853,
    "Node_9568": 5.440037538233385,
    "Node_9573": 0.8500139030494022,
    "Node_9585": 278.70451673985076,
    "Node_9595": 2.550013903049402,
    "Node_9601": 0.8500139030494022,
    "Node_9667": 3.2725257206413936,
    "Node_9676": 7.012525720641395,
    "Node_9728": 0.8500139030494022,
    "Node_9736": 4.373285765594587,
    "Node_9776": 4.250013903049402,
    "Node_9778": 13.685037538233388,
    "Node_9867": 3.7400257206413934,
    "Node_9896": 4.717525720641394,
    "Node_9903": 7.012525720641395,
    "Node_10086": 7.267525720641394,
    "Node_10115": 1259.6396987029032,
    "Node_10153": 2.550013903049402,
    "Node_10231": 2.550013903049402,
    "Node_10247": 0.8500139030494022,
    "Node_10314": 3.0175375382333853,
    "Node_10411": 6.304910765594587,
    "Node_10415": 1.7000139030494021,
    "Node_10424": 17.017055855500974,
    "Node_10483": 0.8500139030494022,
    "Node_10552": 6.451535765594587,
    "Node_10560": 0.8500139030494022,
    "Node_10586": 12.962525720641395,
    "Node_10622": 4.462525720641394,
    "Node_10728": 1.7000139030494021
}