{
    "Node_119": 0.8500139030494022,
    "Node_192": 2.4225257206413935,
    "Node_254": 8.925037538233385,
    "Node_292": 2.550013903049402,
    "Node_342": 2.8900257206413933,
    "Node_353": 26.137525720641396,
    "Node_391": 8.202549355825376,
    "Node_610": 4.335037538233386,
    "Node_680": 2.550013903049402,
    "Node_759": 3.395797583186578,
    "Node_761": 7.409910765594587,
    "Node_773": 20.35754935582538,
    "Node_797": 1.7000139030494021,
    "Node_807": 3.8675257206413938,
    "Node_839": 4.972525720641394,
    "Node_909": 16.33918440077857,
    "Node_917": 3.995025720641394,
    "Node_946": 17.212549355825377,
    "Node_991": 2.550013903049402,
    "Node_1006": 6.672525720641394,
    "Node_1054": 5.057537538233386,
    "Node_1078": 55.9747653512837,
    "Node_1210": 0.8500139030494022,
    "Node_1259": 4.122525720641394,
    "Node_1268": 7.735025720641393,
    "Node_1269": 10.370025720641392,
    "Node_1274": 3.8675257206413938,
    "Node_1294": 4.5900257206413935,
    "Node_1307": 13.260025720641393,
    "Node_1328": 1.5725257206413938,
    "Node_1342": 13.855025720641391,
    "Node_1380": 1.7000139030494021,
    "Node_1518": 1.3903049402168878e-05,
    "Node_1597": 4.250013903049402,
    "Node_1736": 1.7000139030494021,
    "Node_1834": 20.655037538233387,
    "Node_1876": 0.8500139030494022,
    "Node_1934": 56.39760844378534,
    "Node_1993": 13.302549355825377,
    "Node_2058": 0.8500139030494022,
    "Node_2080": 0.8500139030494022,
    "Node_2125": 8.245025720641394,
    "Node_2151": 4.462525720641394,
    "Node_2169": 3.1450375382333853,
    "Node_2278": 6.885025720641393,
    "Node_2292": 8.712525720641395,
    "Node_2348": 41.182584808601355,
    "Node_2383": 1.3903049402168878e-05,
    "Node_2415": 3.7400257206413934,
    "Node_2482": 0.8500139030494022,
    "Node_2500": 0.8500139030494022,
    "Node_2511": 3.7400375382333846,
    "Node_2517": 0.8500139030494022,
    "Node_2532": 0.8500139030494022,
    "Node_2568": 7.012525720641395,
    "Node_2618": 5.822525720641394,
    "Node_2621": 5.440025720641394,
    "Node_2630": 3.995025720641394,
    "Node_2635": 3.612537538233385,
    "Node_2679": 0.8500139030494022,
    "Node_2759": 21.562446218370564,
    "Node_2767": 1.7000139030494021,
    "Node_2773": 0.850025720641394,
    "Node_2787": 1.3903049402168878e-05,
    "Node_2792": 1.7000139030494021,
    "Node_2868": 1.7000139030494021,
    "Node_2879": 2.295037538233385,
    "Node_2880": 7.480037538233385,
    "Node_2899": 3.400013903049402,
    "Node_3038": 22.652537538233386,
    "Node_3049": 16.022525720641394,
    "Node_3095": 0.850025720641394,
    "Node_3118": 32.697444445731755,
    "Node_3266": 5.3125257206413945,
    "Node_3277": 0.8500139030494022,
    "Node_3335": 5.907525720641394,
    "Node_3340": 2.4225257206413935,
    "Node_3396": 87.61186166465846,
    "Node_3423": 8.925037538233385,
    "Node_3435": 1.7000139030494021,
    "Node_3468": 4.250013903049402,
    "Node_3539": 3.400013903049402,
    "Node_3554": 4.845025720641394,
    "Node_3581": 3.995025720641394,
    "Node_3600": 3.995025720641394,
    "Node_3657": 1.3903049402168878e-05,
    "Node_3674": 7.012525720641395,
    "Node_3691": 1.7000139030494021,
    "Node_3712": 18.615072991009363,
    "Node_3736": 3.2725257206413936,
    "Node_3738": 4.250013903049402,
    "Node_3752": 5.100013903049402,
    "Node_3865": 21.802537538233388,
    "Node_3913": 2.8007857655945863,
    "Node_3943": 3.9950375382333863,
    "Node_3973": 51.510096626193345,
    "Node_4017": 12.962537538233386,
    "Node_4058": 8.202549355825377,
    "Node_4078": 19.295025720641394,
    "Node_4178": 10.62506117341737,
    "Node_4180": 2.550013903049402,
    "Node_4194": 4.250013903049402,
    "Node_4296": 4.5900257206413935,
    "Node_4324": 0.8500139030494022,
    "Node_4452": 9.945025720641393,
    "Node_4453": 1.7000139030494021,
    "Node_4464": 2.550013903049402,
    "Node_4481": 1.3903049402168878e-05,
    "Node_4487": 1.3903049402168878e-05,
    "Node_4572": 2.1675257206413936,
    "Node_4616": 2.2950257206413935,
    "Node_4671": 68.17007299100936,
    "Node_4760": 8.075037538233383,
    "Node_4912": 4.717525720641394,
    "Node_4919": 6.885037538233386,
    "Node_4928": 6.290025720641394,
    "Node_4951": 7.735025720641393,
    "Node_4990": 7.660672583186578,
    "Node_5011": 2.550013903049402,
    "Node_5023": 6.502537538233386,
    "Node_5085": 13.332319445731763,
    "Node_5315": 1.445025720641394,
    "Node_5341": 2.550013903049402,
    "Node_5345": 25.85500530633052,
    "Node_5349": 0.8500139030494022,
    "Node_5369": 37.42755633747334,
    "Node_5371": 3.7400257206413934,
    "Node_5444": 1.7000139030494021,
    "Node_5461": 4.250013903049402,
    "Node_5467": 1.7000139030494021,
    "Node_5562": 6.630037538233386,
    "Node_5772": 4.250025720641394,
    "Node_5866": 1.7000139030494021,
    "Node_5920": 1.7000139030494021,
    "Node_6009": 2.550013903049402,
    "Node_6026": 9.520049355825376,
    "Node_6191": 3.400013903049402,
    "Node_6268": 1.7000257206413942,
    "Node_6294": 0.8500139030494022,
    "Node_6300": 1.7000139030494021,
    "Node_6311": 4.250013903049402,
    "Node_6395": 11.007525720641393,
    "Node_6438": 2.550013903049402,
    "Node_6469": 17.552549355825377,
    "Node_6629": 15.555037538233384,
    "Node_6688": 1.7000139030494021,
    "Node_6737": 2.550013903049402,
    "Node_6785": 10.965037538233384,
    "Node_6845": 1.3903049402168878e-05,
    "Node_6855": 0.8500139030494022,
    "Node_6889": 63.386767123922496,
    "Node_6904": 6.162525720641394,
    "Node_6982": 0.8500139030494022,
    "Node_7004": 4.717537538233386,
    "Node_7022": 2.550013903049402,
    "Node_7041": 6.290025720641394,
    "Node_7062": 1.7000139030494021,
    "Node_7148": 0.8500139030494022,
    "Node_7175": 32.65921985355454,
    "Node_7177": 6.162525720641394,
    "Node_7179": 0.8500139030494022,
    "Node_7189": 20.25134130827695,
    "Node_7249": 1.7000139030494021,
    "Node_7294": 7.607525720641394,
    "Node_7333": 3.995025720641394,
    "Node_7346": 1.7000139030494021,
    "Node_7391": 8.457537538233387,
    "Node_7472": 4.5900257206413935,
    "Node_7473": 5.695025720641395,
    "Node_7495": 0.722525720641394,
    "Node_7522": 7.749922583186579,
    "Node_7691": 1.3903049402168878e-05,
    "Node_7701": 5.822525720641394,
    "Node_7928": 0.8500139030494022,
    "Node_7937": 1.7000139030494021,
    "Node_8021": 1.5725257206413938,
    "Node_8036": 7.267525720641394,
    "Node_8088": 1.7000139030494021,
    "Node_8093": 3.2725257206413936,
    "Node_8113": 0.8500139030494022,
    "Node_8123": 0.8500139030494022,
    "Node_8228": 3.400013903049402,
    "Node_8244": 28.53880940077857,
    "Node_8304": 16.97029581054778,
    "Node_8344": 2.550013903049402,
    "Node_8363": 2.4225257206413935,
    "Node_8419": 1.445025720641394,
    "Node_8501": 11.730049355825377,
    "Node_8517": 0.8500139030494022,
    "Node_8537": 0.8500139030494022,
    "Node_8582": 1.3903049402168878e-05,
    "Node_8632": 6.162525720641394,
    "Node_8662": 5.440025720641394,
    "Node_8665": 4.462525720641394,
    "Node_8704": 0.8500139030494022,
    "Node_8714": 1.7000139030494021,
    "Node_8755": 8.585037538233385,
    "Node_8757": 3.400013903049402,
    "Node_8817": 15.446672583186578,
    "Node_8828": 2.550013903049402,
    "Node_8871": 4.845025720641394,
    "Node_8873": 8.075025720641392,
    "Node_8914": 1.7000139030494021,
    "Node_8972": 2.890049355825377,
    "Node_9037": 1.7000139030494021,
    "Node_9053": 7.267525720641394,
    "Node_9081": 11.475049355825377,
    "Node_9094": 0.8500139030494022,
    "Node_9135": 4.717537538233385,
    "Node_9200": 1.7000139030494021,
    "Node_9285": 4.5900257206413935,
    "Node_9310": 6.162525720641394,
    "Node_9483": 41.437572991009354,
    "Node_9536": 1.3903049402168878e-05,
    "Node_9641": 5.567525720641394,
    "Node_9652": 9.902549355825377,
    "Node_9657": 1.3903049402168878e-05,
    "Node_9660": 4.5900257206413935,