{
    "Node_36": 1.7000139030494021,
    "Node_58": 3.400013903049402,
    "Node_60": 4.250013903049402,
    "Node_102": 5.9649107655945866,
    "Node_175": 15.045025720641393,
    "Node_205": 2.550013903049402,
    "Node_228": 6.885025720641393,
    "Node_230": 4.5900257206413935,
    "Node_270": 2.550013903049402,
    "Node_302": 46.62258480860135,
    "Node_312": 17.469706263323754,
    "Node_315": 5.950013903049403,
    "Node_372": 2.550013903049402,
    "Node_416": 0.8500139030494022,
    "Node_506": 1.7000139030494021,
    "Node_528": 0.8500139030494022,
    "Node_615": 3.0175257206413932,
    "Node_635": 12.580061173417368,
    "Node_700": 2.550013903049402,
    "Node_784": 17.595037538233385,
    "Node_886": 3.9950375382333854,
    "Node_958": 3.2725257206413936,
    "Node_995": 3.0175257206413932,
    "Node_1002": 11.092549355825378,
    "Node_1004": 2.550013903049402,
    "Node_1028": 15.319172583186578,
    "Node_1137": 2.890049355825377,
    "Node_1151": 0.8500139030494022,
    "Node_1156": 6.035037538233386,
    "Node_1172": 0.8500139030494022,
    "Node_1415": 2.550013903049402,
    "Node_1422": 3.3957958105477792,
    "Node_1447": 6.757537538233386,
    "Node_1595": 2.2950257206413935,
    "Node_1700": 1.3903049402168878e-05,
    "Node_1727": 3.0175257206413932,
    "Node_1769": 1.3903049402168878e-05,
    "Node_1793": 11.001170810547778,
    "Node_1866": 7.480037538233385,
    "Node_1931": 1.7000139030494021,
    "Node_2076": 21.06735312586894,
    "Node_2082": 3.400013903049402,
    "Node_2093": 1.7000139030494021,
    "Node_2181": 7.012525720641395,
    "Node_2205": 6.290025720641394,
    "Node_2230": 63.50574998841412,
    "Node_2421": 6.814910765594586,
    "Node_2463": 1.7000139030494021,
    "Node_2520": 7.650013903049402,
    "Node_2644": 1.7000139030494021,
    "Node_2711": 3.5424107655945862,
    "Node_2746": 61.37643262813977,
    "Node_2803": 2.550013903049402,
    "Node_2806": 1.5725257206413938,
    "Node_2871": 9.775037538233386,
    "Node_2897": 13.468297583186576,
    "Node_2975": 4.335037538233386,
    "Node_2986": 6.757537538233386,
    "Node_3076": 3.8675257206413938,
    "Node_3106": 1.7000139030494021,
    "Node_3157": 10.922525720641394,
    "Node_3233": 0.8500139030494022,
    "Node_3238": 0.8500139030494022,
    "Node_3450": 5.3125257206413945,
    "Node_3625": 0.8500139030494022,
    "Node_3634": 1.7000139030494021,
    "Node_3664": 2.550013903049402,
    "Node_3750": 3.2725257206413936,
    "Node_3835": 23.43241076559459,
    "Node_3843": 3.400013903049402,
    "Node_3938": 16.91506117341737,
    "Node_3948": 1.7000139030494021,
    "Node_3971": 37.52762026137733,
    "Node_4123": 2.550013903049402,
    "Node_4247": 79.0457857655946,
    "Node_4294": 5.567537538233386,
    "Node_4332": 7.267537538233386,
    "Node_4352": 255.51685628881262,
    "Node_4379": 1.7000139030494021,
    "Node_4454": 2.550013903049402,
    "Node_4466": 4.717525720641394,
    "Node_4499": 4.5900257206413935,
    "Node_4538": 1.445025720641394,
    "Node_4558": 2.550013903049402,
    "Node_4630": 102.45975093671797,
    "Node_4748": 0.8500139030494022,
    "Node_4754": 27.327549355825383,
    "Node_4776": 3.995025720641394,
    "Node_4899": 0.8500139030494022,
    "Node_4914": 2.5500257206413934,
    "Node_4965": 1.7000139030494021,
    "Node_4975": 1.7000139030494021,
    "Node_4993": 3.400013903049402,
    "Node_5065": 5.440025720641394,
    "Node_5139": 4.250013903049402,
    "Node_5259": 1.7000139030494021,
    "Node_5276": 3.400013903049402,
    "Node_5486": 5.567525720641394,
    "Node_5540": 1.7000139030494021,
    "Node_5545": 1.5725257206413938,
    "Node_5571": 10.62506117341737,
    "Node_5581": 1.3903049402168878e-05,
    "Node_5717": 0.8500139030494022,
    "Node_5800": 2.550013903049402,
    "Node_5965": 1.7000139030494021,
    "Node_5971": 11.730037538233384,
    "Node_6069": 7.352549355825378,
    "Node_6083": 0.8500139030494022,
    "Node_6110": 1.7000139030494021,
    "Node_6138": 1.5725257206413938,
    "Node_6139": 1.7000139030494021,
    "Node_6177": 6.417537538233386,
    "Node_6349": 2.1675257206413936,
    "Node_6550": 0.8500139030494022,
    "Node_6573": 5.695025720641395,
    "Node_6595": 11.942537538233385,
    "Node_6671": 23.90416076559459,
    "Node_6678": 12.112525720641393,
    "Node_6691": 2.550013903049402,
    "Node_6728": 5.185037538233386,
    "Node_6772": 0.8500139030494022,
    "Node_6784": 3.995025720641394,
    "Node_6793": 5.312537538233386,
    "Node_6817": 0.8500139030494022,
    "Node_6838": 2.550013903049402,
    "Node_6874": 1.7000139030494021,
    "Node_6887": 3.400013903049402,
    "Node_6908": 2.2950257206413935,
    "Node_6946": 3.1450257206413936,
    "Node_6989": 3.8675257206413938,
    "Node_7012": 75.6457857655946,
    "Node_7033": 3.1450257206413936,
    "Node_7165": 0.8500139030494022,
    "Node_7230": 8.202537538233386,
    "Node_7292": 13.387537538233385,
    "Node_7324": 5.185025720641394,
    "Node_7335": 0.8500139030494022,
    "Node_7399": 9.435049355825376,
    "Node_7407": 7.012537538233386,
    "Node_7431": 1.7000139030494021,
    "Node_7449": 5.440037538233385,
    "Node_7457": 2.550013903049402,
    "Node_7469": 2.550013903049402,
    "Node_7491": 7.225037538233386,
    "Node_7504": 2.4225257206413935,
    "Node_7557": 1.7000139030494021,
    "Node_7562": 1.3903049402168878e-05,
    "Node_7606": 5.695025720641395,
    "Node_7634": 19.890037538233386,
    "Node_7721": 2.550013903049402,
    "Node_7726": 2.550013903049402,
    "Node_7781": 4.462525720641394,
    "Node_7902": 1.3903049402168878e-05,
    "Node_7969": 1.7000139030494021,
    "Node_8006": 2.2950257206413935,
    "Node_8261": 0.8500139030494022,
    "Node_8274": 7.267525720641394,
    "Node_8285": 0.8500139030494022,
    "Node_8328": 83.12588030633054,
    "Node_8370": 5.950013903049403,
    "Node_8444": 1.3903049402168878e-05,
    "Node_8467": 1.7000139030494021,
    "Node_8485": 15.805795810547778,
    "Node_8516": 3.400013903049402,
    "Node_8668": 28.6875257206414,
    "Node_8752": 2.4225257206413935,
    "Node_8852": 2.550013903049402,
    "Node_8875": 1.7000139030494021,
    "Node_8903": 0.850025720641394,
    "Node_8989": 2.4225257206413935,
    "Node_9043": 9.775049355825377,
    "Node_9060": 19.12504935582538,
    "Node_9093": 0.8500139030494022,
    "Node_9105": 4.717525720641394,
    "Node_9117": 3.0175257206413932,
    "Node_9143": 7.607549355825379,
    "Node_9165": 5.057525720641395,
    "Node_9245": 3.400013903049402,
    "Node_9253": 1.7000139030494021,
    "Node_9373": 0.8500139030494022,
    "Node_9393": 13.733946218370562,
    "Node_9411": 4.590037538233386,
    "Node_9418": 1.7000139030494021,
    "Node_9465": 2.550013903049402,
    "Node_9467": 15.597537538233384,
    "Node_9631": 6.885025720641393,
    "Node_9653": 1.5725257206413938,
    "Node_9691": 1.7000139030494021,
    "Node_9694": 5.822525720641394,
    "Node_9798": 15.300037538233383,
    "Node_9827": 3.2725257206413936,
    "Node_9876": 0.8500139030494022,
    "Node_9881": 7.352537538233387,
    "Node_10002": 4.717525720641394,
    "Node_10008": 6.848910765594587,
    "Node_10122": 0.8500139030494022,
    "Node_10136": 0.8500139030494022,
    "Node_10226": 3.400013903049402,
    "Node_10229": 1.445025720641394,
    "Node_10332": 4.250013903049402,
    "Node_10393": 0.8500139030494022,
    "Node_10481": 1.7000139030494021,
    "Node_10493": 4.845025720641394,
    "Node_10534": 4.250013903049402,
    "Node_10583": 3.8675257206413938,
    "Node_10584": 0.8500139030494022,
    "Node_10595": 10.795025720641393,
    "Node_10760": 1.7000139030494021,
    "Node_10771": 7.140025720641394
}