{
    "Node_18": 2.550013903049402,
    "Node_37": 14.237561173417367,
    "Node_72": 5.100013903049402,
    "Node_101": 2.550013903049402,
    "Node_113": 1.5725257206413938,
    "Node_144": 6.630025720641394,
    "Node_211": 1.7000139030494021,
    "Node_236": 2.295037538233385,
    "Node_237": 0.850025720641394,
    "Node_290": 3.400013903049402,
    "Node_453": 3.400013903049402,
    "Node_469": 0.8500139030494022,
    "Node_472": 1.7000139030494021,
    "Node_501": 2.550013903049402,
    "Node_538": 1.445025720641394,
    "Node_587": 4.250025720641394,
    "Node_600": 0.8500139030494022,
    "Node_749": 0.850025720641394,
    "Node_760": 0.8500139030494022,
    "Node_769": 5.567525720641394,
    "Node_941": 6.162537538233385,
    "Node_1130": 1.7000139030494021,
    "Node_1186": 1.7000139030494021,
    "Node_1246": 2.550013903049402,
    "Node_1360": 5.950013903049403,
    "Node_1381": 3.400013903049402,
    "Node_1408": 2.4225257206413935,
    "Node_1576": 14.110061173417368,
    "Node_1607": 3.400013903049402,
    "Node_1754": 1.7000139030494021,
    "Node_1835": 7.735037538233386,
    "Node_1837": 5.695025720641395,
    "Node_1838": 10.242537538233384,
    "Node_1846": 6.630037538233386,
    "Node_1895": 1.3903049402168878e-05,
    "Node_1928": 1.7000139030494021,
    "Node_1961": 0.8500139030494022,
    "Node_2113": 2.2950257206413935,
    "Node_2141": 1.7000139030494021,
    "Node_2160": 6.290025720641394,
    "Node_2164": 4.250013903049402,
    "Node_2186": 32.51252572064139,
    "Node_2226": 28.97009496130318,
    "Node_2260": 8.500013903049402,
    "Node_2308": 5.100013903049402,
    "Node_2359": 3.400013903049402,
    "Node_2504": 1.7000139030494021,
    "Node_2516": 1.7000139030494021,
    "Node_2627": 2.550013903049402,
    "Node_2770": 11.942525720641392,
    "Node_2771": 4.250013903049402,
    "Node_2822": 16.24569621837056,
    "Node_2885": 8.585037538233385,
    "Node_2898": 2.550013903049402,
    "Node_2921": 4.250013903049402,
    "Node_2951": 12.958297583186578,
    "Node_2989": 17.552549355825377,
    "Node_2991": 5.350785765594587,
    "Node_3044": 0.8500139030494022,
    "Node_3102": 0.8500139030494022,
    "Node_3156": 0.8500139030494022,
    "Node_3176": 7.480037538233385,
    "Node_3180": 1.3903049402168878e-05,
    "Node_3201": 3.8675257206413938,
    "Node_3202": 1.3903049402168878e-05,
    "Node_3254": 14.620025720641394,
    "Node_3337": 0.8500139030494022,
    "Node_3394": 4.590037538233386,
    "Node_3402": 3.1450257206413936,
    "Node_3530": 2.550013903049402,
    "Node_3588": 9.902537538233386,
    "Node_3658": 1.445025720641394,
    "Node_3699": 4.335037538233386,
    "Node_3847": 6.630025720641394,
    "Node_3954": 28.53243440077857,
    "Node_4010": 1.7000139030494021,
    "Node_4045": 7.267525720641394,
    "Node_4104": 3.1450257206413936,
    "Node_4140": 2.550013903049402,
    "Node_4154": 3.1450257206413936,
    "Node_4158": 2.550013903049402,
    "Node_4176": 29.962549355825377,
    "Node_4202": 1.7000139030494021,
    "Node_4241": 146.52519090045416,
    "Node_4290": 5.3125257206413945,
    "Node_4301": 0.8500139030494022,
    "Node_4451": 11.517537538233384,
    "Node_4473": 3.995025720641394,
    "Node_4557": 4.250013903049402,
    "Node_4716": 2.550013903049402,
    "Node_4753": 0.8500139030494022,
    "Node_4773": 6.800013903049402,
    "Node_4800": 16.915049355825378,
    "Node_4801": 4.250013903049402,
    "Node_4888": 13.521420810547777,
    "Node_4954": 3.7400375382333846,
    "Node_4959": 1.7000139030494021,
    "Node_4967": 0.8500139030494022,
    "Node_5043": 5.185037538233386,
    "Node_5127": 5.9075375382333855,
    "Node_5144": 1.7000139030494021,
    "Node_5154": 1.7000139030494021,
    "Node_5171": 5.100013903049402,
    "Node_5231": 1.7000139030494021,
    "Node_5286": 0.8500139030494022,
    "Node_5310": 8.202537538233386,
    "Node_5325": 5.3125257206413945,
    "Node_5339": 3.995025720641394,
    "Node_5380": 1.7000139030494021,
    "Node_5386": 5.567525720641394,
    "Node_5417": 1.3903049402168878e-05,
    "Node_5432": 6.757525720641395,
    "Node_5459": 5.185025720641394,
    "Node_5490": 2.550013903049402,
    "Node_5618": 1.3903049402168878e-05,
    "Node_5624": 1.7000139030494021,
    "Node_5638": 2.550013903049402,
    "Node_5756": 3.1450257206413936,
    "Node_5825": 1.7000139030494021,
    "Node_5843": 2.550013903049402,
    "Node_5869": 0.8500139030494022,
    "Node_5943": 9.562525720641394,
    "Node_5970": 6.162525720641394,
    "Node_6011": 0.8500139030494022,
    "Node_6043": 3.2725257206413936,
    "Node_6070": 2.4225257206413935,
    "Node_6086": 12.070061173417368,
    "Node_6134": 2.2950257206413935,
    "Node_6308": 48.88998167114653,
    "Node_6319": 3.1450257206413936,
    "Node_6330": 0.8500139030494022,
    "Node_6335": 3.8675257206413938,
    "Node_6382": 1.3903049402168878e-05,
    "Node_6397": 7.012537538233385,
    "Node_6402": 2.2950257206413935,
    "Node_6461": 0.8500139030494022,
    "Node_6559": 4.250013903049402,
    "Node_6591": 1.7000139030494021,
    "Node_6593": 2414.913350435052,
    "Node_6612": 3.1450257206413936,
    "Node_6749": 2.550013903049402,
    "Node_6767": 1.7000139030494021,
    "Node_6780": 8.967525720641394,
    "Node_6809": 2.1675257206413936,
    "Node_6823": 3.8675257206413938,
    "Node_6843": 0.8500139030494022,
    "Node_6886": 0.8500139030494022,
    "Node_7031": 1.5725257206413938,
    "Node_7059": 3.1450257206413936,
    "Node_7107": 13.430049355825377,
    "Node_7160": 5.950013903049403,
    "Node_7167": 4.845025720641394,
    "Node_7183": 0.8500139030494022,
    "Node_7291": 0.8500139030494022,
    "Node_7343": 21.632584808601354,
    "Node_7359": 5.100013903049402,
    "Node_7390": 4.5900257206413935,
    "Node_7393": 1.7000139030494021,
    "Node_7397": 2.550013903049402,
    "Node_7476": 3.8675257206413938,
    "Node_7499": 0.8500139030494022,
    "Node_7611": 2.550013903049402,
    "Node_7748": 4.462525720641394,
    "Node_7838": 16.83006117341737,
    "Node_7869": 4.462525720641394,
    "Node_7931": 4.122525720641394,
    "Node_7984": 1.7000139030494021,
    "Node_8015": 388.7815930809157,
    "Node_8058": 8.967525720641394,
    "Node_8062": 2.550013903049402,
    "Node_8068": 1.7000139030494021,
    "Node_8151": 6.417525720641394,
    "Node_8212": 1.445025720641394,
    "Node_8217": 3.2725257206413936,
    "Node_8221": 5.695025720641395,
    "Node_8289": 9.180037538233384,
    "Node_8392": 23.625833035962557,
    "Node_8428": 0.8500139030494022,
    "Node_8462": 40.24753753823338,
    "Node_8465": 3.995025720641394,
    "Node_8616": 1.7000139030494021,
    "Node_8708": 0.850025720641394,
    "Node_8794": 6.757525720641395,
    "Node_8824": 3.7400257206413934,
    "Node_8920": 2.550013903049402,
    "Node_8923": 10.370037538233385,
    "Node_8943": 2.2950257206413935,
    "Node_8967": 24.055084808601354,
    "Node_9069": 7.650013903049402,
    "Node_9168": 3.8675257206413938,
    "Node_9173": 0.8500139030494022,
    "Node_9303": 9.647537538233385,
    "Node_9323": 6.162525720641394,
    "Node_9349": 7.522525720641394,
    "Node_9397": 7.607537538233386,
    "Node_9420": 3.400013903049402,
    "Node_9498": 1.3903049402168878e-05,
    "Node_9623": 4.5900257206413935,
    "Node_9644": 5.185037538233386,
    "Node_9786": 105.64236671609973,
    "Node_9787": 20.060037538233388,
    "Node_9812": 6.630025720641394,
    "Node_9813": 0.8500139030494022,
    "Node_9816": 3.1450257206413936,
    "Node_9844": 30.719140351283713,
    "Node_9854": 3.1450257206413936,
    "Node_9877": 8.117525720641392,
    "Node_9956": 3.8675257206413938,
    "Node_10038": 2.550013903049402,
    "Node_10044": 1.7000139030494021,
    "Node_10063": 203.13353801325422,
    "Node_10165": 1.7000139030494021,
    "Node_10177": 6.800013903049402,
    "Node_10217": 2.550013903049402,
    "Node_10263": 4.250013903049402,
    "Node_10304": 3.400013903049402,
    "Node_10442": 1.7000139030494021,
    "Node_10537": 2.550013903049402,