{
    "Node_49": 4.462537538233386,
    "Node_55": 0.722525720641394,
    "Node_81": 1.7000139030494021,
    "Node_109": 1.3903049402168878e-05,
    "Node_188": 6.885037538233386,
    "Node_214": 1.7000139030494021,
    "Node_279": 7.735025720641393,
    "Node_307": 9.095025720641393,
    "Node_319": 1.7000139030494021,
    "Node_359": 8.797525720641392,
    "Node_417": 6.290025720641394,
    "Node_463": 64.7792964344471,
    "Node_484": 10.242537538233384,
    "Node_508": 4.250013903049402,
    "Node_532": 8.202537538233386,
    "Node_638": 12.367525720641392,
    "Node_667": 3.612537538233385,
    "Node_938": 0.8500139030494022,
    "Node_992": 1.5725257206413938,
    "Node_1020": 1.3903049402168878e-05,
    "Node_1045": 0.8500139030494022,
    "Node_1439": 11.262537538233385,
    "Node_1460": 6.630025720641394,
    "Node_1487": 2.550013903049402,
    "Node_1525": 1.3903049402168878e-05,
    "Node_1574": 1.7000139030494021,
    "Node_1634": 3.400013903049402,
    "Node_1692": 6.593920810547781,
    "Node_1729": 11.220025720641392,
    "Node_1753": 6.757537538233386,
    "Node_1786": 17.51004935582538,
    "Node_1850": 1.7000139030494021,
    "Node_1883": 5.567525720641394,
    "Node_1966": 15.93756117341737,
    "Node_1983": 697.7545714848455,
    "Node_2044": 3.7400375382333846,
    "Node_2105": 0.8500139030494022,
    "Node_2154": 1.7000139030494021,
    "Node_2209": 4.122525720641394,
    "Node_2211": 1.445025720641394,
    "Node_2247": 3.7400257206413934,
    "Node_2400": 8.202537538233386,
    "Node_2424": 0.8500139030494022,
    "Node_2467": 32.38509662619334,
    "Node_2491": 2.550013903049402,
    "Node_2503": 0.8500139030494022,
    "Node_2550": 6.757537538233386,
    "Node_2625": 2.550013903049402,
    "Node_2639": 6.162525720641394,
    "Node_2748": 3.995025720641394,
    "Node_3112": 0.8500139030494022,
    "Node_3319": 85.32528544119012,
    "Node_3434": 12.50142081054778,
    "Node_3459": 2.550013903049402,
    "Node_3481": 2.550013903049402,
    "Node_3512": 8.29392081054778,
    "Node_3640": 2.550013903049402,
    "Node_3682": 12.282537538233385,
    "Node_3784": 5.057537538233386,
    "Node_3797": 15.937537538233384,
    "Node_3932": 1.7000139030494021,
    "Node_4000": 11.942525720641392,
    "Node_4046": 5.100013903049402,
    "Node_4057": 22.10007299100936,
    "Node_4076": 1.5725257206413938,
    "Node_4143": 34.29329758318657,
    "Node_4235": 5.907525720641394,
    "Node_4271": 2.550013903049402,
    "Node_4321": 1.7000139030494021,
    "Node_4340": 1.7000139030494021,
    "Node_4343": 0.8500139030494022,
    "Node_4403": 0.8500139030494022,
    "Node_4410": 14.620037538233383,
    "Node_4438": 45.43256117341737,
    "Node_4486": 1.3903049402168878e-05,
    "Node_4533": 87.2058803063305,
    "Node_4552": 6.630049355825378,
    "Node_4590": 5.9075375382333855,
    "Node_4641": 1.7000139030494021,
    "Node_4652": 7.012525720641395,
    "Node_4747": 4.590037538233386,
    "Node_4816": 4.8450375382333855,
    "Node_4834": 5.3125257206413945,
    "Node_4872": 1.7000139030494021,
    "Node_4998": 41.947608443785334,
    "Node_5050": 0.8500139030494022,
    "Node_5122": 8.925037538233385,
    "Node_5130": 1.7000139030494021,
    "Node_5206": 1.7000139030494021,
    "Node_5329": 1.3903049402168878e-05,
    "Node_5382": 2.550013903049402,
    "Node_5476": 244.17359447122058,
    "Node_5575": 40.47711494346092,
    "Node_5653": 1.7000139030494021,
    "Node_5671": 1.3903049402168878e-05,
    "Node_5688": 3.7400257206413934,
    "Node_5714": 0.8500139030494022,
    "Node_5718": 2.550013903049402,
    "Node_5822": 6.630037538233386,
    "Node_5824": 7.267525720641394,
    "Node_5847": 3.2725257206413936,
    "Node_5855": 3.8675257206413938,
    "Node_5901": 9.520037538233385,
    "Node_5916": 3.1450257206413936,
    "Node_6012": 4.5900257206413935,
    "Node_6023": 1.7000139030494021,
    "Node_6076": 1.7000139030494021,
    "Node_6097": 2.550013903049402,
    "Node_6106": 5.9075375382333855,
    "Node_6118": 6.290025720641394,
    "Node_6120": 9.647537538233385,
    "Node_6216": 0.8500139030494022,
    "Node_6297": 0.8500139030494022,
    "Node_6364": 122.07308770506998,
    "Node_6416": 7.735025720641393,
    "Node_6566": 4.250013903049402,
    "Node_6682": 7.012549355825378,
    "Node_6702": 31.11012026137733,
    "Node_6726": 0.8500139030494022,
    "Node_6751": 9.392549355825377,
    "Node_6779": 15.087537538233384,
    "Node_6831": 18.275049355825374,
    "Node_6924": 16.320061173417372,
    "Node_6936": 3.400013903049402,
    "Node_7011": 1.7000139030494021,
    "Node_7051": 5.185037538233385,
    "Node_7058": 2.1866607655945867,
    "Node_7133": 51.09991076559458,
    "Node_7193": 7.862537538233385,
    "Node_7241": 0.8500139030494022,
    "Node_7313": 77.95584984706645,
    "Node_7341": 8.797549355825378,
    "Node_7403": 3.995025720641394,
    "Node_7414": 3.400013903049402,
    "Node_7422": 3.0175257206413932,
    "Node_7458": 3.0175257206413932,
    "Node_7465": 6.502537538233386,
    "Node_7740": 5.74392081054778,
    "Node_7753": 8.925025720641393,
    "Node_7820": 0.8500139030494022,
    "Node_7824": 4.845025720641394,
    "Node_7850": 4.250013903049402,
    "Node_7892": 1.7000139030494021,
    "Node_7894": 3.400013903049402,
    "Node_7922": 5.695025720641395,
    "Node_7959": 3.400013903049402,
    "Node_8051": 1.3903049402168878e-05,
    "Node_8108": 1.7000139030494021,
    "Node_8163": 2.550013903049402,
    "Node_8176": 2.1675257206413936,
    "Node_8187": 4.122525720641394,
    "Node_8463": 1.5725257206413938,
    "Node_8564": 5.100013903049402,
    "Node_8650": 4.5900257206413935,
    "Node_8700": 1.7000139030494021,
    "Node_8818": 6.885025720641393,
    "Node_8888": 3.1450257206413936,
    "Node_8902": 2.550013903049402,
    "Node_8908": 3.8675257206413938,
    "Node_8913": 7.225025720641393,
    "Node_8976": 14.834694445731762,
    "Node_9039": 2.550013903049402,
    "Node_9095": 11.475037538233384,
    "Node_9120": 4.250013903049402,
    "Node_9142": 52.90836848873853,
    "Node_9144": 5.567525720641394,
    "Node_9159": 21.590025720641393,
    "Node_9178": 10.2000139030494,
    "Node_9283": 3.0175257206413932,
    "Node_9398": 48.87507299100936,
    "Node_9448": 2.2950257206413935,
    "Node_9528": 20.612525720641397,
    "Node_9535": 3.400013903049402,
    "Node_9541": 0.8500139030494022,
    "Node_9618": 3.1450257206413936,
    "Node_9656": 5.440037538233386,
    "Node_9685": 4.462525720641394,
    "Node_9712": 2.2950257206413935,
    "Node_9818": 12.707537538233385,
    "Node_9846": 1.7000139030494021,
    "Node_10026": 0.722525720641394,
    "Node_10033": 13.175037538233385,
    "Node_10037": 7.352549355825378,
    "Node_10053": 0.8500139030494022,
    "Node_10302": 5.185037538233385,
    "Node_10345": 1.7000139030494021,
    "Node_10433": 1.3903049402168878e-05,
    "Node_10465": 10.53155940077857,
    "Node_10469": 0.8500139030494022,
    "Node_10482": 58.05502572064139,
    "Node_10492": 8.585025720641392,
    "Node_10515": 11.254035765594585,
    "Node_10550": 10.242549355825377,
    "Node_10587": 15.980037538233384,
    "Node_10600": 0.8500139030494022,
    "Node_10605": 2.550013903049402,
    "Node_10669": 2.2950257206413935,
    "Node_10731": 2.550013903049402
}