{
    "Node_195": 21.97257299100936,
    "Node_234": 11.135037538233385,
    "Node_257": 9.435037538233384,
    "Node_289": 2.550013903049402,
    "Node_325": 1.7000139030494021,
    "Node_349": 20.676329490684957,
    "Node_643": 1.3903049402168878e-05,
    "Node_669": 3.400025720641394,
    "Node_758": 1.7000139030494021,
    "Node_778": 6.885049355825378,
    "Node_864": 7.012525720641395,
    "Node_901": 1.7000139030494021,
    "Node_905": 0.8500139030494022,
    "Node_912": 1.445025720641394,
    "Node_921": 12.325049355825376,
    "Node_924": 1.7000139030494021,
    "Node_1015": 23.247525720641395,
    "Node_1018": 4.717525720641394,
    "Node_1082": 1.7000139030494021,
    "Node_1158": 1.3903049402168878e-05,
    "Node_1192": 0.8500139030494022,
    "Node_1208": 69.42182621188248,
    "Node_1227": 3.0175257206413932,
    "Node_1264": 4.462525720641394,
    "Node_1272": 1.7000139030494021,
    "Node_1273": 1.7000139030494021,
    "Node_1377": 52.02003753823338,
    "Node_1414": 9.520025720641392,
    "Node_1446": 1.7000139030494021,
    "Node_1472": 21.335037538233387,
    "Node_1504": 3.995025720641394,
    "Node_1524": 3.0175357655945865,
    "Node_1532": 12.962525720641395,
    "Node_1567": 60.05396938722307,
    "Node_1575": 8.457537538233385,
    "Node_1587": 1.7000139030494021,
    "Node_1631": 5.350785765594587,
    "Node_1646": 18.570456263323756,
    "Node_1723": 0.8500139030494022,
    "Node_1865": 2.550013903049402,
    "Node_1871": 5.440025720641394,
    "Node_1893": 101.37759984706645,
    "Node_1898": 3.400013903049402,
    "Node_1910": 2.550013903049402,
    "Node_2032": 1.7000139030494021,
    "Node_2083": 7.263297583186579,
    "Node_2084": 2.550013903049402,
    "Node_2167": 3.612525720641394,
    "Node_2215": 0.8500139030494022,
    "Node_2219": 4.462525720641394,
    "Node_2225": 22.99256117341737,
    "Node_2336": 1.5725257206413938,
    "Node_2395": 1.7000139030494021,
    "Node_2403": 2.550013903049402,
    "Node_2413": 6.885025720641393,
    "Node_2660": 1.7000139030494021,
    "Node_2704": 1.7000139030494021,
    "Node_2720": 4.250013903049402,
    "Node_2781": 0.8500139030494022,
    "Node_2811": 20.485037538233385,
    "Node_2815": 10.370025720641392,
    "Node_2875": 1.7000139030494021,
    "Node_2996": 14.832537538233384,
    "Node_3012": 5.907525720641394,
    "Node_3025": 0.8500139030494022,
    "Node_3087": 4.250013903049402,
    "Node_3138": 4.226672583186579,
    "Node_3143": 4.029045810547779,
    "Node_3216": 2.8900257206413933,
    "Node_3220": 2.1675257206413936,
    "Node_3241": 1.7000139030494021,
    "Node_3343": 3.8675257206413938,
    "Node_3352": 9.435037538233384,
    "Node_3354": 40.81279758318657,
    "Node_3416": 1.5725257206413938,
    "Node_3443": 3.8675257206413938,
    "Node_3457": 7.947537538233386,
    "Node_3491": 1.3903049402168878e-05,
    "Node_3518": 6.035025720641394,
    "Node_3556": 0.8500139030494022,
    "Node_3659": 4.5900257206413935,
    "Node_3679": 35.61510844378533,
    "Node_3698": 1.5725257206413938,
    "Node_3716": 5.440037538233386,
    "Node_3726": 2.550013903049402,
    "Node_3858": 3.8675257206413938,
    "Node_3905": 23.97007299100936,
    "Node_3970": 0.8500139030494022,
    "Node_4121": 1.7000139030494021,
    "Node_4147": 1.7000139030494021,
    "Node_4206": 6.885025720641393,
    "Node_4213": 1.3903049402168878e-05,
    "Node_4298": 2.2950257206413935,
    "Node_4333": 1.7000139030494021,
    "Node_4474": 0.8500139030494022,
    "Node_4479": 0.8500139030494022,
    "Node_4580": 1.7000139030494021,
    "Node_4632": 10.554922583186578,
    "Node_4658": 1.7000139030494021,
    "Node_4668": 30.855061173417372,
    "Node_4674": 0.8500139030494022,
    "Node_4734": 3.995025720641394,
    "Node_4737": 2.550013903049402,
    "Node_5093": 3.2725257206413936,
    "Node_5153": 0.8500139030494022,
    "Node_5180": 1.7000139030494021,
    "Node_5208": 2.550013903049402,
    "Node_5359": 2.550013903049402,
    "Node_5360": 0.8500139030494022,
    "Node_5423": 52.572608443785334,
    "Node_5430": 1.7000139030494021,
    "Node_5465": 2.2950257206413935,
    "Node_5544": 5.950013903049403,
    "Node_5547": 2.550013903049402,
    "Node_5551": 4.250013903049402,
    "Node_5598": 3.1450257206413936,
    "Node_5632": 23.37503753823339,
    "Node_5681": 6.757549355825378,
    "Node_5796": 1.7000139030494021,
    "Node_5804": 1.7000139030494021,
    "Node_5814": 9.945025720641393,
    "Node_5961": 4.845025720641394,
    "Node_6024": 9.902549355825377,
    "Node_6051": 5.440025720641394,
    "Node_6061": 3.400013903049402,
    "Node_6068": 4.5900257206413935,
    "Node_6079": 12.537549355825377,
    "Node_6107": 9.180037538233384,
    "Node_6226": 7.660682628139773,
    "Node_6244": 3.1450257206413936,
    "Node_6287": 0.8500139030494022,
    "Node_6296": 8.7387104319214,
    "Node_6338": 6.800013903049402,
    "Node_6350": 6.290025720641394,
    "Node_6394": 5.440025720641394,
    "Node_6428": 2.550013903049402,
    "Node_6458": 3.0175257206413932,
    "Node_6518": 10.280819445731762,
    "Node_6580": 4.972525720641394,
    "Node_6596": 1.3903049402168878e-05,
    "Node_6615": 2.1675257206413936,
    "Node_6693": 11.475049355825377,
    "Node_6743": 2.550013903049402,
    "Node_6762": 0.8500139030494022,
    "Node_6848": 29.41006117341737,
    "Node_6852": 2.550013903049402,
    "Node_6859": 0.8500139030494022,
    "Node_6864": 1.7000139030494021,
    "Node_6916": 7.480037538233385,
    "Node_6926": 4.717525720641394,
    "Node_6930": 2.550013903049402,
    "Node_6974": 5.4740357655945875,
    "Node_7016": 63.5801438965613,
    "Node_7039": 8.075049355825376,
    "Node_7091": 3.995025720641394,
    "Node_7218": 1.7000139030494021,
    "Node_7248": 3.400013903049402,
    "Node_7361": 1.7000139030494021,
    "Node_7362": 4.972525720641394,
    "Node_7408": 3.1450257206413936,
    "Node_7451": 38.802525720641384,
    "Node_7453": 6.162525720641394,
    "Node_7513": 11.730025720641393,
    "Node_7632": 2.550013903049402,
    "Node_7673": 3.1450257206413936,
    "Node_7676": 67.87260844378532,
    "Node_7743": 1.445025720641394,
    "Node_7760": 2.550013903049402,
    "Node_7766": 6.162537538233386,
    "Node_7794": 0.8500139030494022,
    "Node_7812": 1.7000139030494021,
    "Node_7884": 1.7000139030494021,
    "Node_7898": 3.0175257206413932,
    "Node_7909": 0.8500139030494022,
    "Node_7952": 13.459829490684957,
    "Node_8027": 17.000025720641396,
    "Node_8037": 1.7000139030494021,
    "Node_8229": 0.8500139030494022,
    "Node_8281": 1.7000139030494021,
    "Node_8295": 2.550013903049402,
    "Node_8360": 6.162537538233385,
    "Node_8406": 4.250013903049402,
    "Node_8460": 2.4225257206413935,
    "Node_8538": 31.59242081054778,
    "Node_8546": 13.515037538233384,
    "Node_8614": 7.480037538233385,
    "Node_8643": 3.400013903049402,
    "Node_8644": 3.1450257206413936,
    "Node_8651": 2.550013903049402,
    "Node_8802": 1.7000257206413942,
    "Node_8811": 3.1450375382333853,
    "Node_8922": 0.8500139030494022,
    "Node_8997": 6.885037538233386,
    "Node_9108": 7.862525720641395,
    "Node_9115": 2.2950257206413935,
    "Node_9160": 0.850025720641394,
    "Node_9172": 4.5900257206413935,
    "Node_9206": 0.8500139030494022,
    "Node_9272": 1.7000139030494021,
    "Node_9278": 2.550013903049402,
    "Node_9383": 2.4225257206413935,
    "Node_9474": 3.7400375382333846,
    "Node_9505": 7.622434400778571,
    "Node_9559": 0.8500139030494022,
    "Node_9586": 0.8500139030494022,
    "Node_9596": 0.8500139030494022,
    "Node_9677": 0.8500139030494022,
    "Node_9686": 4.717537538233385,
    "Node_9705": 7.605420810547781,
    "Node_9761": 0.8500139030494022,
    "Node_9919": 2.550013903049402,
    "Node_10025": 6.885049355825378,
    "Node_10190": 3.8675257206413938,
    "Node_10204": 7.012537538233386,
    "Node_10235": 2.550013903049402,
    "Node_10254": 5.567525720641394,
    "Node_10269": 7.650013903049402,
    "Node_10358": 3.2725257206413936,