{
    "Node_73": 3.0175375382333853,
    "Node_125": 4.250013903049402,
    "Node_142": 10.285025720641393,
    "Node_191": 15.002561173417368,
    "Node_273": 112.11526207248123,
    "Node_335": 1.7000139030494021,
    "Node_357": 26.86007299100936,
    "Node_447": 3.7400257206413934,
    "Node_495": 3.400013903049402,
    "Node_557": 23.33682594540736,
    "Node_574": 5.440025720641394,
    "Node_583": 7.480037538233385,
    "Node_606": 1.3903049402168878e-05,
    "Node_612": 4.250013903049402,
    "Node_706": 0.8500139030494022,
    "Node_779": 2.550013903049402,
    "Node_872": 3.1450257206413936,
    "Node_939": 8.075037538233383,
    "Node_982": 13.685037538233384,
    "Node_1037": 0.8500139030494022,
    "Node_1135": 8.585025720641392,
    "Node_1175": 4.250013903049402,
    "Node_1176": 1.7000139030494021,
    "Node_1242": 5.9075375382333855,
    "Node_1287": 1.3903049402168878e-05,
    "Node_1395": 2.550013903049402,
    "Node_1434": 14.237525720641392,
    "Node_1512": 2.550013903049402,
    "Node_1519": 2.550013903049402,
    "Node_1606": 2.1675257206413936,
    "Node_1629": 1.7000257206413942,
    "Node_1656": 27.965037538233386,
    "Node_1721": 85.76308625683566,
    "Node_1809": 4.462525720641394,
    "Node_1853": 0.8500139030494022,
    "Node_1939": 3.400013903049402,
    "Node_1941": 6.162537538233385,
    "Node_1955": 4.250013903049402,
    "Node_2030": 6.181660765594587,
    "Node_2033": 1.7000139030494021,
    "Node_2071": 8.840025720641393,
    "Node_2114": 0.8500139030494022,
    "Node_2123": 2.550013903049402,
    "Node_2135": 0.8500139030494022,
    "Node_2142": 7.1931607655945875,
    "Node_2177": 3.400013903049402,
    "Node_2303": 3.0175257206413932,
    "Node_2315": 6.757537538233386,
    "Node_2556": 1.7000139030494021,
    "Node_2566": 5.185025720641394,
    "Node_2608": 5.440025720641394,
    "Node_2619": 0.8500139030494022,
    "Node_2693": 0.8500139030494022,
    "Node_2816": 4.250013903049402,
    "Node_2859": 1.7000139030494021,
    "Node_2920": 27.030037538233387,
    "Node_3000": 2.550013903049402,
    "Node_3041": 1.445025720641394,
    "Node_3058": 7.480049355825378,
    "Node_3133": 0.8500139030494022,
    "Node_3227": 0.8500139030494022,
    "Node_3228": 1.7000139030494021,
    "Node_3257": 0.8500139030494022,
    "Node_3267": 0.8500139030494022,
    "Node_3269": 1.3903049402168878e-05,
    "Node_3272": 1.7000139030494021,
    "Node_3284": 7.012525720641395,
    "Node_3342": 15.640025720641393,
    "Node_3404": 19.422549355825378,
    "Node_3453": 2.550013903049402,
    "Node_3506": 2.550013903049402,
    "Node_3511": 1.7000257206413942,
    "Node_3559": 3.400013903049402,
    "Node_3616": 1.7000139030494021,
    "Node_3626": 2.1675257206413936,
    "Node_3717": 10.497549355825376,
    "Node_3756": 6.540797583186579,
    "Node_3770": 38.556099580591344,
    "Node_3837": 1.7000139030494021,
    "Node_3845": 0.8500139030494022,
    "Node_3848": 0.8500139030494022,
    "Node_3891": 5.3125257206413945,
    "Node_3999": 0.8500139030494022,
    "Node_4038": 3.0175257206413932,
    "Node_4077": 47.47252572064139,
    "Node_4230": 5.440025720641394,
    "Node_4244": 4.5900257206413935,
    "Node_4272": 2.550013903049402,
    "Node_4328": 1.7000139030494021,
    "Node_4416": 1.7000139030494021,
    "Node_4512": 1.7000139030494021,
    "Node_4556": 2.550013903049402,
    "Node_4582": 5.185037538233385,
    "Node_4602": 1.7000139030494021,
    "Node_4603": 6.885025720641393,
    "Node_4638": 17.722537538233382,
    "Node_4731": 3.612537538233385,
    "Node_4787": 0.8500139030494022,
    "Node_4870": 7.140025720641394,
    "Node_4890": 11.602549355825376,
    "Node_4921": 2.550013903049402,
    "Node_4964": 5.567537538233386,
    "Node_4972": 0.8500139030494022,
    "Node_5022": 0.8500139030494022,
    "Node_5052": 2.550013903049402,
    "Node_5080": 3.400013903049402,
    "Node_5108": 7.140025720641394,
    "Node_5116": 1.3903049402168878e-05,
    "Node_5199": 4.845025720641394,
    "Node_5240": 0.850025720641394,
    "Node_5254": 4.250013903049402,
    "Node_5323": 0.8500139030494022,
    "Node_5395": 2.550013903049402,
    "Node_5493": 0.8500139030494022,
    "Node_5510": 3.400013903049402,
    "Node_5703": 1.7000139030494021,
    "Node_5892": 0.8500139030494022,
    "Node_5969": 4.717525720641394,
    "Node_6007": 2.550013903049402,
    "Node_6266": 2.2950257206413935,
    "Node_6303": 6.035025720641394,
    "Node_6307": 238.8247754952962,
    "Node_6351": 1.5725257206413938,
    "Node_6376": 12.537537538233384,
    "Node_6381": 2.550013903049402,
    "Node_6390": 6.757537538233386,
    "Node_6448": 1.7000139030494021,
    "Node_6467": 2.550013903049402,
    "Node_6496": 1.7000139030494021,
    "Node_6514": 3.9950375382333863,
    "Node_6535": 1.7000139030494021,
    "Node_6624": 6.630037538233386,
    "Node_6637": 8.500013903049402,
    "Node_6689": 3.995025720641394,
    "Node_6692": 40.72146808091575,
    "Node_6713": 5.440025720641394,
    "Node_6814": 2.550013903049402,
    "Node_6952": 18.317537538233385,
    "Node_7055": 4.250013903049402,
    "Node_7070": 3.1450257206413936,
    "Node_7089": 3.1450257206413936,
    "Node_7092": 0.8500139030494022,
    "Node_7225": 5.440037538233386,
    "Node_7227": 0.8500139030494022,
    "Node_7228": 6.343160765594587,
    "Node_7309": 189.19760129530076,
    "Node_7332": 3.2725257206413936,
    "Node_7374": 3.400013903049402,
    "Node_7488": 0.8500139030494022,
    "Node_7492": 10.030049355825378,
    "Node_7571": 3.995025720641394,
    "Node_7630": 11.730037538233386,
    "Node_7671": 0.8500139030494022,
    "Node_7739": 5.5675375382333865,
    "Node_7823": 15.470037538233386,
    "Node_7885": 6.545037538233386,
    "Node_7971": 0.8500139030494022,
    "Node_8060": 0.8500139030494022,
    "Node_8118": 32.16196985355454,
    "Node_8183": 7.607525720641394,
    "Node_8210": 1.7000139030494021,
    "Node_8330": 1.7000139030494021,
    "Node_8331": 2.550013903049402,
    "Node_8383": 2.550013903049402,
    "Node_8497": 2.550013903049402,
    "Node_8530": 7.607537538233386,
    "Node_8545": 2.550013903049402,
    "Node_8613": 22.78004935582538,
    "Node_8684": 5.2232857655945875,
    "Node_8692": 5.3125257206413945,
    "Node_8695": 5.695025720641395,
    "Node_8721": 3.8675257206413938,
    "Node_8795": 7.012537538233386,
    "Node_8838": 3.7400257206413934,
    "Node_8864": 3.400013903049402,
    "Node_9035": 11.857525720641393,
    "Node_9182": 1.3903049402168878e-05,
    "Node_9218": 4.3350257206413945,
    "Node_9275": 0.8500139030494022,
    "Node_9297": 16.745035765594587,
    "Node_9300": 0.8500139030494022,
    "Node_9315": 2.550013903049402,
    "Node_9324": 5.440025720641394,
    "Node_9326": 1.7000139030494021,
    "Node_9364": 4.5900257206413935,
    "Node_9491": 1.445025720641394,
    "Node_9494": 111.19704758318659,
    "Node_9543": 1.7000139030494021,
    "Node_9552": 0.8500139030494022,
    "Node_9561": 4.5900257206413935,
    "Node_9584": 3.400013903049402,
    "Node_9732": 9.562537538233386,
    "Node_9766": 2.2950257206413935,
    "Node_9808": 0.8500139030494022,
    "Node_9947": 6.196535765594587,
    "Node_9999": 2.2950257206413935,
    "Node_10003": 0.8500139030494022,
    "Node_10034": 28.050084808601355,
    "Node_10077": 1.5725257206413938,
    "Node_10092": 0.850025720641394,
    "Node_10111": 1.7000139030494021,
    "Node_10114": 1.7000139030494021,
    "Node_10129": 3.8675257206413938,
    "Node_10130": 2.550013903049402,
    "Node_10176": 1.7000139030494021,
    "Node_10213": 2.550013903049402,
    "Node_10237": 7.480037538233385,
    "Node_10255": 35.232561173417366,
    "Node_10259": 3.1450257206413936,
    "Node_10309": 3.2725257206413936,
    "Node_10441": 2.550013903049402,
    "Node_10445": 20.655072991009362,
    "Node_10458": 13.587285765594585,
    "Node_10536": 7.480025720641394,
    "Node_10543": 3.8675257206413938,
    "Node_10572": 16.745025720641394,
    "Node_10610": 5.185037538233385,
    "Node_10726": 2.550013903049402,