{
    "Node_10": 4.462525720641394,
    "Node_11": 14.365025720641393,
    "Node_31": 32.33833303596255,
    "Node_174": 0.8500139030494022,
    "Node_201": 11.815049355825375,
    "Node_250": 3.400013903049402,
    "Node_259": 4.5900257206413935,
    "Node_260": 8.117525720641392,
    "Node_321": 3.8675257206413938,
    "Node_341": 0.8500139030494022,
    "Node_345": 1.7000139030494021,
    "Node_471": 1.7000139030494021,
    "Node_474": 13.175037538233385,
    "Node_481": 0.8500139030494022,
    "Node_530": 23.672561173417368,
    "Node_562": 28.90002572064139,
    "Node_580": 11.220037538233385,
    "Node_799": 9.647549355825376,
    "Node_913": 3.612525720641394,
    "Node_1099": 8.925037538233385,
    "Node_1127": 3.7400257206413934,
    "Node_1140": 4.845025720641394,
    "Node_1155": 18.742537538233385,
    "Node_1163": 2.2950257206413935,
    "Node_1194": 14.705025720641391,
    "Node_1209": 8.500013903049402,
    "Node_1331": 2.550013903049402,
    "Node_1431": 4.462537538233386,
    "Node_1484": 3.995025720641394,
    "Node_1485": 5.907525720641394,
    "Node_1540": 8.202525720641393,
    "Node_1586": 5.3125257206413945,
    "Node_1641": 1.7000139030494021,
    "Node_1688": 5.3125257206413945,
    "Node_1744": 11.815025720641392,
    "Node_1784": 3.400013903049402,
    "Node_1842": 0.8500139030494022,
    "Node_1843": 6.035025720641394,
    "Node_1935": 12.070037538233384,
    "Node_1974": 11.135025720641393,
    "Node_2008": 1.7000139030494021,
    "Node_2153": 13.642525720641391,
    "Node_2176": 11.815025720641392,
    "Node_2242": 0.8500139030494022,
    "Node_2263": 2.550013903049402,
    "Node_2283": 5.695025720641395,
    "Node_2365": 0.8500139030494022,
    "Node_2387": 2.550013903049402,
    "Node_2447": 2.550013903049402,
    "Node_2502": 8.330025720641393,
    "Node_2521": 2.550013903049402,
    "Node_2546": 5.440025720641394,
    "Node_2576": 2.2950257206413935,
    "Node_2636": 5.945797583186578,
    "Node_2666": 2.550025720641394,
    "Node_2701": 26.605096626193344,
    "Node_2768": 2.550013903049402,
    "Node_2785": 1.3903049402168878e-05,
    "Node_2990": 5.440037538233386,
    "Node_3096": 5.567525720641394,
    "Node_3105": 2.550013903049402,
    "Node_3135": 0.8500139030494022,
    "Node_3189": 5.907525720641394,
    "Node_3290": 0.8500139030494022,
    "Node_3317": 7.352537538233387,
    "Node_3357": 1.7000139030494021,
    "Node_3368": 5.567537538233386,
    "Node_3374": 5.907525720641394,
    "Node_3378": 14.054807628139772,
    "Node_3382": 0.8500139030494022,
    "Node_3397": 2.550013903049402,
    "Node_3407": 0.8500139030494022,
    "Node_3452": 1.5725257206413938,
    "Node_3536": 0.8500139030494022,
    "Node_3723": 2.550013903049402,
    "Node_3725": 1.7000139030494021,
    "Node_3740": 3.0175257206413932,
    "Node_3793": 8.780535765594585,
    "Node_3884": 20.485061173417368,
    "Node_3896": 2.2950257206413935,
    "Node_3974": 2.550013903049402,
    "Node_3983": 0.8500139030494022,
    "Node_4117": 16.83004935582538,
    "Node_4133": 21.207525720641396,
    "Node_4281": 3.612537538233385,
    "Node_4349": 0.8500139030494022,
    "Node_4351": 3.400013903049402,
    "Node_4446": 0.8500139030494022,
    "Node_4491": 2.550013903049402,
    "Node_4496": 13.940025720641392,
    "Node_4525": 2.550013903049402,
    "Node_4588": 12.282549355825376,
    "Node_4592": 2.550013903049402,
    "Node_4604": 5.100013903049402,
    "Node_4627": 5.780037538233385,
    "Node_4729": 1.5725257206413938,
    "Node_4838": 0.8500139030494022,
    "Node_4858": 14.960025720641392,
    "Node_4910": 29.888018846162755,
    "Node_4927": 1.7000139030494021,
    "Node_4939": 17.637549355825378,
    "Node_5036": 13.442785765594584,
    "Node_5046": 5.312537538233387,
    "Node_5049": 1.3903049402168878e-05,
    "Node_5059": 11.007547583186579,
    "Node_5119": 1.3903049402168878e-05,
    "Node_5172": 4.250013903049402,
    "Node_5185": 2.550013903049402,
    "Node_5221": 1.7000139030494021,
    "Node_5253": 1.7000139030494021,
    "Node_5326": 5.567525720641394,
    "Node_5336": 25.075037538233385,
    "Node_5439": 2.550013903049402,
    "Node_5478": 4.250013903049402,
    "Node_5654": 8.075037538233383,
    "Node_5673": 1.7000139030494021,
    "Node_5699": 4.717525720641394,
    "Node_5773": 1.7000139030494021,
    "Node_5859": 11.75980762813977,
    "Node_5903": 3.8675257206413938,
    "Node_5911": 111.19704758318659,
    "Node_5941": 1.7000139030494021,
    "Node_5963": 10.497537538233384,
    "Node_6066": 1.7000139030494021,
    "Node_6073": 3.0175257206413932,
    "Node_6155": 2.550013903049402,
    "Node_6333": 3.0175257206413932,
    "Node_6362": 1.3903049402168878e-05,
    "Node_6398": 1.7000139030494021,
    "Node_6432": 0.8500139030494022,
    "Node_6472": 47.81253753823338,
    "Node_6483": 1.7000139030494021,
    "Node_6517": 3.400013903049402,
    "Node_6527": 25.912344853554544,
    "Node_6683": 25.797549355825378,
    "Node_6774": 9.180037538233384,
    "Node_6813": 3.0175257206413932,
    "Node_7037": 13.387537538233383,
    "Node_7038": 2.4225257206413935,
    "Node_7082": 42.48077088469738,
    "Node_7119": 0.8500139030494022,
    "Node_7146": 2.550013903049402,
    "Node_7256": 1.3903049402168878e-05,
    "Node_7275": 11.475037538233387,
    "Node_7299": 1.445025720641394,
    "Node_7357": 5.695025720641395,
    "Node_7367": 0.850025720641394,
    "Node_7382": 17.255049355825374,
    "Node_7489": 2.550013903049402,
    "Node_7510": 3.8675257206413938,
    "Node_7541": 3.1450257206413936,
    "Node_7589": 2.550013903049402,
    "Node_7601": 6.162537538233385,
    "Node_7618": 11.985037538233385,
    "Node_7646": 411.17061317082204,
    "Node_7675": 6.800013903049402,
    "Node_7735": 1.7000139030494021,
    "Node_7818": 7.735037538233386,
    "Node_7837": 4.462525720641394,
    "Node_7874": 1.7000139030494021,
    "Node_7948": 21.37118262813977,
    "Node_8000": 2.550013903049402,
    "Node_8029": 3.995025720641394,
    "Node_8053": 2.4225257206413935,
    "Node_8057": 1.7000139030494021,
    "Node_8148": 2.550013903049402,
    "Node_8155": 2.550013903049402,
    "Node_8168": 20.18756117341737,
    "Node_8441": 3.1450375382333853,
    "Node_8496": 3.8675257206413938,
    "Node_8502": 13.685049355825377,
    "Node_8521": 1.7000139030494021,
    "Node_8529": 4.5900257206413935,
    "Node_8742": 4.2500257206413945,
    "Node_8813": 1.7000139030494021,
    "Node_8823": 6.800013903049402,
    "Node_8825": 0.8500139030494022,
    "Node_8890": 3.400013903049402,
    "Node_8893": 1.7000139030494021,
    "Node_9004": 3.400013903049402,
    "Node_9044": 3.612525720641394,
    "Node_9085": 5.567525720641394,
    "Node_9169": 3.7400257206413934,
    "Node_9180": 0.8500139030494022,
    "Node_9197": 705.8720833024375,
    "Node_9203": 4.462525720641394,
    "Node_9204": 0.8500139030494022,
    "Node_9257": 9.775025720641393,
    "Node_9260": 3.1450257206413936,
    "Node_9263": 7.990037538233387,
    "Node_9336": 16.32004935582538,
    "Node_9387": 19.207966308276948,
    "Node_9407": 1.3903049402168878e-05,
    "Node_9524": 1.5725257206413938,
    "Node_9654": 6.035025720641394,
    "Node_9838": 1.7000139030494021,
    "Node_9856": 0.8500139030494022,
    "Node_9918": 4.717525720641394,
    "Node_10027": 1.5725257206413938,
    "Node_10029": 1.7000139030494021,
    "Node_10096": 361.79404581054774,
    "Node_10120": 4.250013903049402,
    "Node_10126": 3.1450257206413936,
    "Node_10207": 69.5960372138289,
    "Node_10300": 4.5900257206413935,
    "Node_10316": 5.950013903049403,
    "Node_10339": 3.400013903049402,
    "Node_10350": 3.400013903049402,
    "Node_10370": 0.8500139030494022,
    "Node_10386": 5.100013903049402,
    "Node_10431": 7.012537538233386,
    "Node_10644": 7.735037538233386,
    "Node_10688": 0.8500139030494022,
    "Node_10711": 3.400013903049402,
    "Node_10767": 3.759160765594587,
    "Node_10772": 1.7000139030494021
}