{
    "Node_21": 0.8500139030494022,
    "Node_38": 1.3903049402168878e-05,
    "Node_48": 1.7000139030494021,
    "Node_135": 2.550013903049402,
    "Node_235": 1.7000139030494021,
    "Node_241": 1.3903049402168878e-05,
    "Node_338": 5.100013903049402,
    "Node_399": 6.162525720641394,
    "Node_442": 1.7000139030494021,
    "Node_491": 3.400013903049402,
    "Node_594": 20.570061173417372,
    "Node_595": 1.7000139030494021,
    "Node_599": 6.757549355825377,
    "Node_602": 3.0175257206413932,
    "Node_609": 1.7000139030494021,
    "Node_645": 1.3903049402168878e-05,
    "Node_656": 0.8500139030494022,
    "Node_697": 2.2950257206413935,
    "Node_711": 1.7000139030494021,
    "Node_731": 4.717525720641394,
    "Node_745": 4.250013903049402,
    "Node_783": 4.845025720641394,
    "Node_832": 3.400013903049402,
    "Node_847": 0.8500139030494022,
    "Node_911": 712.1621069376214,
    "Node_936": 6.417525720641394,
    "Node_952": 12.070037538233384,
    "Node_1154": 145.77104575261842,
    "Node_1162": 0.8500139030494022,
    "Node_1179": 2.550013903049402,
    "Node_1250": 12.934922583186577,
    "Node_1271": 2.550013903049402,
    "Node_1276": 5.185037538233386,
    "Node_1288": 0.8500139030494022,
    "Node_1346": 11.560025720641391,
    "Node_1456": 3.400013903049402,
    "Node_1538": 4.250013903049402,
    "Node_1547": 0.8500139030494022,
    "Node_1551": 4.5900257206413935,
    "Node_1604": 7.012525720641395,
    "Node_1671": 0.8500139030494022,
    "Node_1738": 5.9075375382333855,
    "Node_1757": 3.400013903049402,
    "Node_1808": 4.250013903049402,
    "Node_1836": 1.7000139030494021,
    "Node_1904": 1.3903049402168878e-05,
    "Node_1952": 9.052537538233384,
    "Node_1999": 2.295037538233385,
    "Node_2188": 0.8500139030494022,
    "Node_2198": 2.550013903049402,
    "Node_2239": 8.457537538233385,
    "Node_2289": 6.162525720641394,
    "Node_2573": 6.162525720641394,
    "Node_2724": 18.360061173417368,
    "Node_2788": 3.400013903049402,
    "Node_2891": 4.717525720641394,
    "Node_2969": 1.7000139030494021,
    "Node_3001": 1.7000139030494021,
    "Node_3006": 1.3903049402168878e-05,
    "Node_3039": 5.440025720641394,
    "Node_3084": 0.8500139030494022,
    "Node_3137": 10.837549355825377,
    "Node_3144": 1.7000139030494021,
    "Node_3175": 3.400013903049402,
    "Node_3205": 3.2725257206413936,
    "Node_3215": 9.052537538233386,
    "Node_3246": 3.1450257206413936,
    "Node_3271": 5.100013903049402,
    "Node_3310": 1.3903049402168878e-05,
    "Node_3344": 2.550013903049402,
    "Node_3381": 1.7000139030494021,
    "Node_3431": 415.40572103531366,
    "Node_3446": 0.8500139030494022,
    "Node_3526": 1.3903049402168878e-05,
    "Node_3552": 3.8675257206413938,
    "Node_3639": 1.7000139030494021,
    "Node_3650": 104.6351557141533,
    "Node_3749": 6.290037538233387,
    "Node_3909": 3.400013903049402,
    "Node_3924": 2.4225257206413935,
    "Node_3925": 6.035025720641394,
    "Node_3984": 0.8500139030494022,
    "Node_3988": 2.1675257206413936,
    "Node_4002": 3.995025720641394,
    "Node_4089": 0.8500139030494022,
    "Node_4210": 11.347525720641393,
    "Node_4219": 8.45756117341737,
    "Node_4384": 2.550013903049402,
    "Node_4402": 6.630037538233386,
    "Node_4429": 5.100013903049402,
    "Node_4434": 23.715037538233386,
    "Node_4455": 1.7000139030494021,
    "Node_4488": 2.550013903049402,
    "Node_4510": 1.3903049402168878e-05,
    "Node_4537": 1.3903049402168878e-05,
    "Node_4585": 7.352537538233387,
    "Node_4640": 2.4225257206413935,
    "Node_4742": 17.170037538233384,
    "Node_4844": 5.950013903049403,
    "Node_4845": 2.550013903049402,
    "Node_4884": 6.035025720641394,
    "Node_4887": 0.8500139030494022,
    "Node_4900": 4.590037538233386,
    "Node_5006": 0.8500139030494022,
    "Node_5008": 1.3903049402168878e-05,
    "Node_5038": 3.400013903049402,
    "Node_5062": 4.590037538233386,
    "Node_5066": 1.7000139030494021,
    "Node_5155": 2.550013903049402,
    "Node_5157": 6.630037538233386,
    "Node_5249": 7.990025720641394,
    "Node_5250": 1.445025720641394,
    "Node_5271": 53.9007771688757,
    "Node_5281": 4.717525720641394,
    "Node_5322": 2.1675257206413936,
    "Node_5364": 6.162537538233385,
    "Node_5416": 3.400013903049402,
    "Node_5472": 9.307525720641394,
    "Node_5512": 1.7000139030494021,
    "Node_5568": 15.3000139030494,
    "Node_5640": 7.140037538233386,
    "Node_5784": 5.057537538233386,
    "Node_5871": 0.722525720641394,
    "Node_5883": 5.907525720641394,
    "Node_5887": 2.550013903049402,
    "Node_5890": 0.8500139030494022,
    "Node_5895": 4.462525720641394,
    "Node_5945": 8.712537538233386,
    "Node_5948": 1.3903049402168878e-05,
    "Node_6017": 0.722525720641394,
    "Node_6040": 4.5900257206413935,
    "Node_6093": 5.440037538233386,
    "Node_6170": 1.7000139030494021,
    "Node_6218": 3.1450257206413936,
    "Node_6290": 1.7000139030494021,
    "Node_6367": 0.8500139030494022,
    "Node_6372": 26.677331263323758,
    "Node_6399": 3.400013903049402,
    "Node_6404": 7.522525720641394,
    "Node_6473": 1.3903049402168878e-05,
    "Node_6579": 24.333472807952546,
    "Node_6603": 0.8500139030494022,
    "Node_6638": 7.607537538233386,
    "Node_6661": 0.8500139030494022,
    "Node_6662": 3.995025720641394,
    "Node_6706": 1.7000139030494021,
    "Node_6745": 1.7000139030494021,
    "Node_6778": 2.550013903049402,
    "Node_6828": 1.3903049402168878e-05,
    "Node_6840": 7.947537538233386,
    "Node_6849": 3.0175257206413932,
    "Node_6856": 7.267525720641394,
    "Node_6872": 0.8500139030494022,
    "Node_6913": 2.550013903049402,
    "Node_6949": 1.7000139030494021,
    "Node_6957": 1.7000139030494021,
    "Node_6960": 7.862525720641395,
    "Node_7009": 9.350013903049401,
    "Node_7068": 39.440096626193345,
    "Node_7095": 3.400013903049402,
    "Node_7136": 3.400013903049402,
    "Node_7155": 1.3903049402168878e-05,
    "Node_7210": 3.995025720641394,
    "Node_7276": 22.312525720641396,
    "Node_7321": 13.175049355825376,
    "Node_7437": 14.620049355825376,
    "Node_7500": 3.7400257206413934,
    "Node_7505": 0.8500139030494022,
    "Node_7511": 0.8500139030494022,
    "Node_7608": 3.0175257206413932,
    "Node_7627": 4.122525720641394,
    "Node_7631": 2.550013903049402,
    "Node_7738": 3.400013903049402,
    "Node_7745": 3.7400257206413934,
    "Node_7961": 0.8500139030494022,
    "Node_8039": 4.462537538233386,
    "Node_8122": 2.8900257206413933,
    "Node_8171": 1.7000139030494021,
    "Node_8179": 35.37069621837056,
    "Node_8249": 0.722525720641394,
    "Node_8269": 36.25252572064139,
    "Node_8278": 5.695025720641395,
    "Node_8307": 4.845025720641394,
    "Node_8313": 42.96762026137732,
    "Node_8357": 3.0175257206413932,
    "Node_8371": 8.585037538233387,
    "Node_8390": 6.162525720641394,
    "Node_8488": 3.400013903049402,
    "Node_8555": 4.972525720641394,
    "Node_8559": 13.642549355825377,
    "Node_8618": 2.550013903049402,
    "Node_8619": 1.7000139030494021,
    "Node_8635": 1.7000139030494021,
    "Node_8637": 4.717525720641394,
    "Node_8685": 0.8500139030494022,
    "Node_8689": 36.059219853554545,
    "Node_8722": 1.7000139030494021,
    "Node_8753": 26.56254935582538,
    "Node_8946": 12.325049355825376,
    "Node_8956": 0.8500139030494022,
    "Node_9023": 9.124785765594584,
    "Node_9076": 8.457537538233385,
    "Node_9107": 0.8500139030494022,
    "Node_9119": 5.3125257206413945,
    "Node_9185": 5.185025720641394,
    "Node_9238": 19.09744621837056,
    "Node_9539": 26.477584808601353,
    "Node_9565": 2.1675257206413936,
    "Node_9675": 3.0175257206413932,
    "Node_9727": 96.06509984706645,
    "Node_9764": 1.7000139030494021,
    "Node_9783": 7.140025720641394,
    "Node_9788": 0.8500139030494022,
    "Node_9839": 0.8500139030494022,
    "Node_9889": 5.695025720641395,
    "Node_9925": 8.712537538233386,
    "Node_9935": 1.7000139030494021,
    "Node_9940": 3.7400257206413934,