{
    "Node_47": 1.7000139030494021,
    "Node_56": 1.7000139030494021,
    "Node_86": 3.867537538233385,
    "Node_100": 5.818285765594587,
    "Node_219": 3.8675257206413938,
    "Node_231": 3.0175257206413932,
    "Node_344": 4.250013903049402,
    "Node_408": 5.3125257206413945,
    "Node_518": 3.8675257206413938,
    "Node_578": 6.885025720641393,
    "Node_636": 0.8500139030494022,
    "Node_651": 3.400013903049402,
    "Node_693": 3.400013903049402,
    "Node_729": 1.7000139030494021,
    "Node_765": 1.7000257206413938,
    "Node_774": 12.792549355825377,
    "Node_781": 2.1675257206413936,
    "Node_791": 0.8500139030494022,
    "Node_820": 7.947561173417369,
    "Node_844": 10.880049355825378,
    "Node_846": 0.8500139030494022,
    "Node_866": 109.31017934933726,
    "Node_940": 1.7000139030494021,
    "Node_949": 4.250013903049402,
    "Node_974": 4.3350257206413945,
    "Node_1011": 4.717525720641394,
    "Node_1032": 2.550013903049402,
    "Node_1132": 2.550013903049402,
    "Node_1171": 7.012537538233385,
    "Node_1182": 3.400013903049402,
    "Node_1215": 1.7000139030494021,
    "Node_1225": 9.690025720641392,
    "Node_1245": 6.757537538233386,
    "Node_1347": 5.100013903049402,
    "Node_1359": 4.845025720641394,
    "Node_1432": 2.550013903049402,
    "Node_1444": 2.550013903049402,
    "Node_1449": 114.88410811938085,
    "Node_1452": 6.630037538233386,
    "Node_1465": 10.752537538233383,
    "Node_1514": 3.8675257206413938,
    "Node_1659": 0.8500139030494022,
    "Node_1720": 1.7000139030494021,
    "Node_1755": 4.717525720641394,
    "Node_1763": 4.845025720641394,
    "Node_1884": 162.98772661970523,
    "Node_2007": 4.845025720641394,
    "Node_2171": 0.8500139030494022,
    "Node_2243": 4.5900257206413935,
    "Node_2266": 4.122525720641394,
    "Node_2325": 1.7000139030494021,
    "Node_2335": 1.7000139030494021,
    "Node_2361": 0.8500139030494022,
    "Node_2399": 2.550013903049402,
    "Node_2412": 8.835797583186578,
    "Node_2427": 1.5725257206413938,
    "Node_2441": 15.616684400778569,
    "Node_2552": 3.7400257206413934,
    "Node_2590": 3.400013903049402,
    "Node_2628": 6.035025720641394,
    "Node_2717": 3.1450257206413936,
    "Node_2761": 18.317525720641395,
    "Node_2933": 2.550013903049402,
    "Node_2949": 1.3903049402168878e-05,
    "Node_2988": 4.5900257206413935,
    "Node_3016": 5.312537538233387,
    "Node_3325": 3.9950357655945865,
    "Node_3403": 0.850025720641394,
    "Node_3414": 0.8500139030494022,
    "Node_3502": 4.5900257206413935,
    "Node_3571": 0.8500139030494022,
    "Node_3603": 3.400013903049402,
    "Node_3612": 469.0718904265918,
    "Node_3759": 7.990037538233385,
    "Node_3763": 1.7000139030494021,
    "Node_3765": 1.7000139030494021,
    "Node_3792": 11.347549355825377,
    "Node_3817": 3.400013903049402,
    "Node_3900": 5.057525720641395,
    "Node_3926": 1.7000139030494021,
    "Node_3927": 1.5725257206413938,
    "Node_3941": 6.162537538233385,
    "Node_3969": 2.2950257206413935,
    "Node_4005": 26.876344278895168,
    "Node_4039": 15.036571218370561,
    "Node_4064": 2.550013903049402,
    "Node_4090": 10.752549355825376,
    "Node_4226": 20.400049355825377,
    "Node_4270": 9.647525720641392,
    "Node_4276": 3.8675257206413938,
    "Node_4317": 2.550013903049402,
    "Node_4329": 3.0175257206413932,
    "Node_4394": 24.66918440077857,
    "Node_4521": 5.100013903049402,
    "Node_4543": 5.950013903049403,
    "Node_4574": 2.550013903049402,
    "Node_4589": 49.652864943460926,
    "Node_4633": 6.885037538233386,
    "Node_4795": 8.52555762813977,
    "Node_4830": 3.612525720641394,
    "Node_4850": 1.7000139030494021,
    "Node_4859": 2.550013903049402,
    "Node_4880": 3.400013903049402,
    "Node_4911": 7.862525720641395,
    "Node_4917": 13.387549355825376,
    "Node_4923": 5.129785765594587,
    "Node_4966": 26.530708035962554,
    "Node_4989": 3.400013903049402,
    "Node_5026": 7.012537538233385,
    "Node_5083": 19.80506117341737,
    "Node_5146": 2.550013903049402,
    "Node_5226": 9.052537538233384,
    "Node_5261": 3.8675257206413938,
    "Node_5262": 1.7000139030494021,
    "Node_5500": 1.7000139030494021,
    "Node_5516": 0.8500139030494022,
    "Node_5559": 1.3903049402168878e-05,
    "Node_5588": 7.012537538233386,
    "Node_5731": 1.7000139030494021,
    "Node_5856": 6.672525720641394,
    "Node_5863": 6.162525720641394,
    "Node_5873": 1.7000139030494021,
    "Node_5884": 1.7000139030494021,
    "Node_5906": 5.440025720641394,
    "Node_6016": 2.550013903049402,
    "Node_6028": 2.550013903049402,
    "Node_6056": 0.8500139030494022,
    "Node_6108": 4.462525720641394,
    "Node_6116": 2.550013903049402,
    "Node_6148": 138.16756767309295,
    "Node_6347": 1.5725257206413938,
    "Node_6361": 3.400013903049402,
    "Node_6366": 2.550013903049402,
    "Node_6378": 0.8500139030494022,
    "Node_6498": 3.995025720641394,
    "Node_6520": 5.185037538233386,
    "Node_6609": 0.8500139030494022,
    "Node_6720": 22.992584808601354,
    "Node_6730": 1.7000139030494021,
    "Node_6734": 4.5900257206413935,
    "Node_6740": 16.915072991009364,
    "Node_6760": 2.550013903049402,
    "Node_6782": 2.550013903049402,
    "Node_6853": 0.8500139030494022,
    "Node_6867": 0.8500139030494022,
    "Node_6880": 14.620037538233387,
    "Node_6914": 17.850037538233387,
    "Node_6917": 6.417537538233385,
    "Node_6966": 2.4225257206413935,
    "Node_6970": 8.967525720641394,
    "Node_7036": 2.550013903049402,
    "Node_7046": 2.550013903049402,
    "Node_7144": 87.91575320928723,
    "Node_7154": 1.3903049402168878e-05,
    "Node_7207": 3.1450257206413936,
    "Node_7266": 5.185037538233386,
    "Node_7287": 1.7000139030494021,
    "Node_7372": 1.7000139030494021,
    "Node_7426": 5.3125257206413945,
    "Node_7432": 58.11244621837056,
    "Node_7484": 4.264910765594586,
    "Node_7509": 2.4225257206413935,
    "Node_7544": 4.5900257206413935,
    "Node_7561": 4.717525720641394,
    "Node_7573": 2.8900257206413933,
    "Node_7840": 6.757537538233386,
    "Node_7841": 5.5675375382333865,
    "Node_7872": 1.5725257206413938,
    "Node_7974": 1.3903049402168878e-05,
    "Node_7980": 1.5725257206413938,
    "Node_8046": 0.8500139030494022,
    "Node_8270": 3.400013903049402,
    "Node_8287": 3.8675257206413938,
    "Node_8346": 4.250013903049402,
    "Node_8524": 0.8500139030494022,
    "Node_8534": 2.550013903049402,
    "Node_8541": 4.462537538233386,
    "Node_8671": 0.8500139030494022,
    "Node_8677": 1.7000139030494021,
    "Node_8936": 8.202549355825377,
    "Node_9048": 6.162525720641394,
    "Node_9101": 0.8500139030494022,
    "Node_9222": 6.417525720641394,
    "Node_9277": 1.3903049402168878e-05,
    "Node_9341": 3.400013903049402,
    "Node_9345": 16.42418440077857,
    "Node_9400": 3.400013903049402,
    "Node_9432": 13.770049355825376,
    "Node_9547": 2.550013903049402,
    "Node_9579": 3.400013903049402,
    "Node_9701": 6.035037538233386,
    "Node_9750": 3.7400257206413934,
    "Node_9779": 33.88743262813976,
    "Node_9832": 12.240025720641393,
    "Node_9834": 3.1450257206413936,
    "Node_9836": 0.8500139030494022,
    "Node_9847": 10.370025720641392,
    "Node_9864": 7.352537538233387,
    "Node_10032": 3.400013903049402,
    "Node_10088": 11.262525720641394,
    "Node_10189": 1.7000139030494021,
    "Node_10260": 2.550013903049402,
    "Node_10369": 5.440049355825378,
    "Node_10496": 1.3903049402168878e-05,
    "Node_10519": 1.7000139030494021,
    "Node_10588": 9.180037538233384,
    "Node_10616": 75.58007266660489,
    "Node_10624": 1.7000139030494021,
    "Node_10629": 2.550013903049402
}