{
    "Node_15": 4.845025720641394,
    "Node_68": 2.550013903049402,
    "Node_80": 1.7000139030494021,
    "Node_153": 1.445025720641394,
    "Node_160": 1.5725257206413938,
    "Node_161": 6.035025720641394,
    "Node_351": 23.035037538233386,
    "Node_401": 0.8500139030494022,
    "Node_410": 6.502537538233385,
    "Node_451": 362.58673285290575,
    "Node_563": 1.3903049402168878e-05,
    "Node_628": 59.9676438965613,
    "Node_639": 0.8500139030494022,
    "Node_739": 3.400013903049402,
    "Node_743": 17.54407121837056,
    "Node_750": 0.8500139030494022,
    "Node_801": 0.8500139030494022,
    "Node_899": 6.6874208105477795,
    "Node_956": 5.204160765594588,
    "Node_972": 0.8500139030494022,
    "Node_993": 3.400013903049402,
    "Node_1042": 3.995025720641394,
    "Node_1061": 3.995025720641394,
    "Node_1065": 21.632537538233386,
    "Node_1138": 44.57828576559458,
    "Node_1142": 6.757525720641395,
    "Node_1204": 1.7000139030494021,
    "Node_1260": 4.250013903049402,
    "Node_1270": 2.550013903049402,
    "Node_1335": 26.747458035962552,
    "Node_1385": 3.995025720641394,
    "Node_1477": 2.550013903049402,
    "Node_1496": 2.550013903049402,
    "Node_1503": 10.333942673092965,
    "Node_1536": 1.7000139030494021,
    "Node_1571": 4.5900257206413935,
    "Node_1616": 3.612525720641394,
    "Node_1676": 2.2950257206413935,
    "Node_1780": 1.7000139030494021,
    "Node_1957": 3.0175257206413932,
    "Node_2055": 4.845025720641394,
    "Node_2138": 1.7000139030494021,
    "Node_2180": 1.5725257206413938,
    "Node_2200": 4.717525720641394,
    "Node_2320": 5.440037538233385,
    "Node_2356": 8.925037538233385,
    "Node_2487": 5.185025720641394,
    "Node_2545": 3.400013903049402,
    "Node_2586": 2.5500257206413934,
    "Node_2588": 1.7000139030494021,
    "Node_2591": 0.8500139030494022,
    "Node_2653": 1.3903049402168878e-05,
    "Node_2663": 2.550013903049402,
    "Node_2758": 7.607525720641394,
    "Node_2763": 5.818285765594587,
    "Node_2779": 21.68567258318658,
    "Node_2804": 1.7000139030494021,
    "Node_3042": 1.7000139030494021,
    "Node_3074": 3.400013903049402,
    "Node_3111": 0.8500139030494022,
    "Node_3130": 1.7000139030494021,
    "Node_3190": 2.550013903049402,
    "Node_3209": 7.140025720641394,
    "Node_3274": 3.8675257206413938,
    "Node_3296": 5.440025720641394,
    "Node_3375": 2.550013903049402,
    "Node_3460": 20.01756117341737,
    "Node_3485": 1.7000139030494021,
    "Node_3515": 1.3903049402168878e-05,
    "Node_3517": 4.717525720641394,
    "Node_3593": 2.550013903049402,
    "Node_3623": 4.5900257206413935,
    "Node_3641": 5.695025720641395,
    "Node_3660": 4.462525720641394,
    "Node_3714": 1.7000139030494021,
    "Node_3727": 5.950013903049403,
    "Node_3751": 7.607549355825379,
    "Node_3778": 1.7000139030494021,
    "Node_3933": 5.695025720641395,
    "Node_4016": 1.7000139030494021,
    "Node_4069": 0.850025720641394,
    "Node_4073": 8.797549355825378,
    "Node_4186": 4.5900257206413935,
    "Node_4199": 1.7000139030494021,
    "Node_4246": 2.550013903049402,
    "Node_4283": 3.400013903049402,
    "Node_4339": 1.7000139030494021,
    "Node_4371": 1.7000139030494021,
    "Node_4462": 0.8500139030494022,
    "Node_4472": 5.3125257206413945,
    "Node_4549": 3.400013903049402,
    "Node_4554": 5.185037538233385,
    "Node_4584": 3.867537538233385,
    "Node_4600": 1.7000139030494021,
    "Node_4741": 6.162525720641394,
    "Node_4796": 0.8500139030494022,
    "Node_4835": 4.968297583186579,
    "Node_4839": 1.7000139030494021,
    "Node_4988": 2.550013903049402,
    "Node_5040": 3.0175257206413932,
    "Node_5048": 3.8675257206413938,
    "Node_5101": 0.8500139030494022,
    "Node_5148": 6.630037538233386,
    "Node_5156": 2.550013903049402,
    "Node_5282": 2.550013903049402,
    "Node_5321": 123.1419662503476,
    "Node_5376": 4.3350257206413945,
    "Node_5409": 10.965049355825377,
    "Node_5488": 2.550013903049402,
    "Node_5537": 1.7000139030494021,
    "Node_5585": 4.972525720641394,
    "Node_5651": 5.057537538233386,
    "Node_5668": 4.717525720641394,
    "Node_5669": 2.550013903049402,
    "Node_5683": 5.695025720641395,
    "Node_5704": 6.035025720641394,
    "Node_5724": 10.242549355825377,
    "Node_5752": 1.7000139030494021,
    "Node_5753": 7.990049355825378,
    "Node_5755": 5.100013903049402,
    "Node_5767": 0.8500139030494022,
    "Node_5768": 3.995025720641394,
    "Node_5810": 3.400025720641394,
    "Node_5833": 4.717525720641394,
    "Node_5844": 0.8500139030494022,
    "Node_5851": 1.7000139030494021,
    "Node_5990": 6.290025720641394,
    "Node_5999": 6.800013903049402,
    "Node_6022": 1.7000139030494021,
    "Node_6125": 2.550013903049402,
    "Node_6135": 1.7000139030494021,
    "Node_6162": 5.5675375382333865,
    "Node_6176": 20.867537538233385,
    "Node_6305": 1.7000139030494021,
    "Node_6424": 23.15035923394198,
    "Node_6484": 31.960120261377323,
    "Node_6510": 6.162525720641394,
    "Node_6524": 5.950013903049403,
    "Node_6644": 3.400013903049402,
    "Node_6738": 0.8500139030494022,
    "Node_6758": 3.8675257206413938,
    "Node_6812": 0.8500139030494022,
    "Node_6829": 3.995025720641394,
    "Node_6902": 3.0175257206413932,
    "Node_6978": 27.752572991009362,
    "Node_7080": 3.400013903049402,
    "Node_7083": 3.400013903049402,
    "Node_7110": 3.400013903049402,
    "Node_7140": 1.7000139030494021,
    "Node_7169": 2.4225257206413935,
    "Node_7209": 17.722537538233386,
    "Node_7250": 5.9075375382333855,
    "Node_7281": 1.7000139030494021,
    "Node_7290": 2.550013903049402,
    "Node_7625": 2.1675375382333857,
    "Node_7635": 0.8500139030494022,
    "Node_7658": 81.6022671239225,
    "Node_7667": 12.213090483941977,
    "Node_7692": 1.7000139030494021,
    "Node_7725": 14.237537538233386,
    "Node_7806": 12.127422583186577,
    "Node_7834": 8.797537538233385,
    "Node_7857": 3.400013903049402,
    "Node_7916": 4.717525720641394,
    "Node_7985": 0.8500139030494022,
    "Node_8129": 92.09349848225044,
    "Node_8143": 3.0175257206413932,
    "Node_8145": 6.035025720641394,
    "Node_8194": 56.61003753823337,
    "Node_8201": 31.654083035962557,
    "Node_8241": 8.147297583186576,
    "Node_8272": 1.3903049402168878e-05,
    "Node_8321": 4.250013903049402,
    "Node_8365": 6.417525720641394,
    "Node_8386": 10.856660765594587,
    "Node_8387": 0.8500139030494022,
    "Node_8417": 1.3903049402168878e-05,
    "Node_8450": 0.8500139030494022,
    "Node_8466": 4.250013903049402,
    "Node_8532": 4.250013903049402,
    "Node_8584": 359.80959420474545,
    "Node_8608": 1.7000257206413942,
    "Node_8690": 5.057547583186579,
    "Node_8737": 1.445025720641394,
    "Node_8880": 5.440025720641394,
    "Node_8910": 6.035025720641394,
    "Node_8940": 12.008334916349984,
    "Node_9020": 3.8675257206413938,
    "Node_9079": 0.8500139030494022,
    "Node_9127": 17.90104758318658,
    "Node_9140": 1.7000139030494021,
    "Node_9154": 7.012537538233385,
    "Node_9214": 6.162537538233386,
    "Node_9227": 6.417525720641394,
    "Node_9233": 0.8500139030494022,
    "Node_9267": 9.690025720641392,
    "Node_9372": 1402.1401140727833,
    "Node_9390": 0.8500139030494022,
    "Node_9423": 1.7000139030494021,
    "Node_9438": 22.19992258318658,
    "Node_9532": 2.550013903049402,
    "Node_9613": 0.8500139030494022,
    "Node_9630": 1.3903049402168878e-05,
    "Node_9659": 3.7400257206413934,
    "Node_9758": 6.162537538233385,
    "Node_9797": 10.497549355825376,
    "Node_9957": 3.2725375382333857,
    "Node_9982": 58.05288868639354,
    "Node_9988": 3.1450257206413936,
    "Node_9992": 12.6281755538048,
    "Node_10023": 1.7000139030494021,
    "Node_10043": 1.3903049402168878e-05,
    "Node_10045": 0.8500139030494022,
    "Node_10082": 5.100013903049402,
    "Node_10097": 2.550013903049402,
    "Node_10106": 0.722525720641394,
    "Node_10166": 1.7000139030494021,
    "Node_10322": 5.440025720641394,