{
    "Node_23": 2.2950257206413935,
    "Node_29": 7.012525720641395,
    "Node_79": 6.162525720641394,
    "Node_171": 5.100013903049402,
    "Node_306": 0.8500139030494022,
    "Node_327": 6.885037538233386,
    "Node_406": 1.7000139030494021,
    "Node_418": 1.7000139030494021,
    "Node_419": 0.8500139030494022,
    "Node_450": 23.757537538233386,
    "Node_487": 9.435037538233384,
    "Node_513": 1.7000139030494021,
    "Node_515": 3.612525720641394,
    "Node_543": 22.39756117341737,
    "Node_558": 2.550013903049402,
    "Node_598": 3.867537538233385,
    "Node_835": 46.49227304893873,
    "Node_838": 8.372525720641393,
    "Node_842": 8.925037538233385,
    "Node_876": 5.185037538233386,
    "Node_1059": 2.550013903049402,
    "Node_1102": 1.7000139030494021,
    "Node_1110": 7.480025720641394,
    "Node_1177": 0.8500139030494022,
    "Node_1228": 3.995025720641394,
    "Node_1243": 0.8500139030494022,
    "Node_1316": 5.695025720641395,
    "Node_1470": 21.080025720641395,
    "Node_1479": 5.567525720641394,
    "Node_1521": 17.510061173417373,
    "Node_1535": 2.1675257206413936,
    "Node_1602": 4.250013903049402,
    "Node_1611": 1.3903049402168878e-05,
    "Node_1630": 4.250013903049402,
    "Node_1644": 7.650013903049402,
    "Node_1668": 1.7000139030494021,
    "Node_1696": 0.8500139030494022,
    "Node_1870": 3.400013903049402,
    "Node_1919": 49.478624988414126,
    "Node_1956": 0.8500139030494022,
    "Node_2145": 3.8675257206413938,
    "Node_2268": 5.695025720641395,
    "Node_2284": 2.2950257206413935,
    "Node_2296": 2.550013903049402,
    "Node_2352": 10.412537538233385,
    "Node_2363": 2.550013903049402,
    "Node_2452": 0.8500139030494022,
    "Node_2481": 7.225037538233386,
    "Node_2486": 1.7000139030494021,
    "Node_2488": 16.44754935582538,
    "Node_2523": 26.90257299100936,
    "Node_2582": 5.9075375382333855,
    "Node_2749": 3.8675257206413938,
    "Node_2812": 7.49918440077857,
    "Node_2950": 3.2725257206413936,
    "Node_2981": 1.7000139030494021,
    "Node_2984": 3.0175257206413932,
    "Node_3036": 5.950013903049403,
    "Node_3055": 5.837410765594587,
    "Node_3150": 3.7400257206413934,
    "Node_3177": 5.9075375382333855,
    "Node_3182": 1.7000139030494021,
    "Node_3188": 1.7000139030494021,
    "Node_3295": 3.0175257206413932,
    "Node_3410": 1.3903049402168878e-05,
    "Node_3478": 3.400013903049402,
    "Node_3529": 2.4225257206413935,
    "Node_3548": 2.550013903049402,
    "Node_3573": 5.3125257206413945,
    "Node_3683": 0.8500139030494022,
    "Node_3690": 0.8500139030494022,
    "Node_3773": 3.400013903049402,
    "Node_3906": 91.71514389656132,
    "Node_3964": 3.400013903049402,
    "Node_3987": 6.200785765594587,
    "Node_4041": 3.995025720641394,
    "Node_4044": 4.462525720641394,
    "Node_4080": 8.202537538233386,
    "Node_4094": 4.717525720641394,
    "Node_4168": 130.27338352720358,
    "Node_4177": 5.950013903049403,
    "Node_4239": 1.7000139030494021,
    "Node_4260": 17.54830940077857,
    "Node_4292": 1.7000139030494021,
    "Node_4320": 8.967525720641394,
    "Node_4370": 8.202525720641393,
    "Node_4386": 9.214047583186577,
    "Node_4442": 3.400013903049402,
    "Node_4443": 55.18392264111595,
    "Node_4531": 1.7000139030494021,
    "Node_4541": 8.712547583186577,
    "Node_4576": 1.7000139030494021,
    "Node_4591": 4.250013903049402,
    "Node_4650": 2.550013903049402,
    "Node_4758": 3.7400257206413934,
    "Node_4833": 14.705025720641391,
    "Node_4862": 1.7000139030494021,
    "Node_4863": 0.8500139030494022,
    "Node_4867": 58.39512026137733,
    "Node_4885": 1.7000139030494021,
    "Node_4920": 2.550013903049402,
    "Node_5018": 1.7000139030494021,
    "Node_5107": 1.7000139030494021,
    "Node_5133": 2.550013903049402,
    "Node_5190": 1.7000139030494021,
    "Node_5283": 54.6742907591065,
    "Node_5327": 1.7000139030494021,
    "Node_5358": 2.550013903049402,
    "Node_5362": 3.400013903049402,
    "Node_5390": 2.2950257206413935,
    "Node_5405": 0.8500139030494022,
    "Node_5447": 5.440025720641394,
    "Node_5613": 6.290037538233386,
    "Node_5662": 11.985049355825376,
    "Node_5706": 3.0175257206413932,
    "Node_5734": 3.995025720641394,
    "Node_5785": 13.51506117341737,
    "Node_5791": 1.7000139030494021,
    "Node_5809": 2.550013903049402,
    "Node_5842": 16.26905762813977,
    "Node_5874": 0.8500139030494022,
    "Node_5986": 5.100013903049402,
    "Node_5992": 1.7000139030494021,
    "Node_6039": 8.330025720641393,
    "Node_6136": 2.550013903049402,
    "Node_6326": 4.5900257206413935,
    "Node_6360": 0.8500139030494022,
    "Node_6449": 67.15225530633053,
    "Node_6490": 3.400013903049402,
    "Node_6503": 11.007525720641393,
    "Node_6583": 3.400013903049402,
    "Node_6669": 1.7000139030494021,
    "Node_6825": 3.612537538233385,
    "Node_6847": 0.8500139030494022,
    "Node_6921": 4.250013903049402,
    "Node_7002": 1.7000139030494021,
    "Node_7057": 0.8500139030494022,
    "Node_7108": 47.68513207896932,
    "Node_7125": 3.2725257206413936,
    "Node_7141": 6.545025720641394,
    "Node_7213": 0.8500139030494022,
    "Node_7271": 1.7000139030494021,
    "Node_7284": 3.2725257206413936,
    "Node_7300": 1.7000139030494021,
    "Node_7318": 0.8500139030494022,
    "Node_7323": 34.34007299100936,
    "Node_7440": 4.250013903049402,
    "Node_7487": 2.9091607655945864,
    "Node_7527": 2.550013903049402,
    "Node_7530": 60.99609485355454,
    "Node_7720": 3.0175257206413932,
    "Node_7749": 0.8500139030494022,
    "Node_7770": 0.8500139030494022,
    "Node_7771": 4.717525720641394,
    "Node_7783": 1.7000139030494021,
    "Node_7883": 6.035037538233386,
    "Node_7911": 2.2950257206413935,
    "Node_7929": 2.4225257206413935,
    "Node_7962": 13.676535765594585,
    "Node_7989": 1.7000139030494021,
    "Node_8030": 3.400013903049402,
    "Node_8031": 0.8500139030494022,
    "Node_8077": 4.462525720641394,
    "Node_8086": 4.590037538233386,
    "Node_8132": 12.501410765594587,
    "Node_8230": 13.260049355825377,
    "Node_8299": 3.400013903049402,
    "Node_8358": 14.620025720641394,
    "Node_8439": 0.722525720641394,
    "Node_8469": 3.400013903049402,
    "Node_8477": 4.717525720641394,
    "Node_8512": 1.7000139030494021,
    "Node_8570": 0.8500139030494022,
    "Node_8576": 3.7400375382333855,
    "Node_8581": 0.8500139030494022,
    "Node_8629": 4.462525720641394,
    "Node_8669": 5.185037538233385,
    "Node_8924": 1.7000139030494021,
    "Node_8990": 1.7000139030494021,
    "Node_9013": 1.7000139030494021,
    "Node_9051": 2.550013903049402,
    "Node_9153": 3.867537538233386,
    "Node_9198": 3.7400257206413934,
    "Node_9243": 0.8500139030494022,
    "Node_9308": 4.845025720641394,
    "Node_9356": 2.550013903049402,
    "Node_9396": 0.8500139030494022,
    "Node_9401": 1.7000139030494021,
    "Node_9512": 7142.894505109937,
    "Node_9548": 1.7000139030494021,
    "Node_9567": 6.417525720641394,
    "Node_9662": 10.030037538233385,
    "Node_9672": 20.32993440077857,
    "Node_9725": 2.550013903049402,
    "Node_9726": 0.8500139030494022,
    "Node_9804": 13.897549355825378,
    "Node_9850": 7.990025720641394,
    "Node_9884": 1.7000139030494021,
    "Node_9973": 2.550013903049402,
    "Node_9975": 1.7000139030494021,
    "Node_10035": 3.995025720641394,
    "Node_10047": 0.8500139030494022,
    "Node_10101": 1.7000139030494021,
    "Node_10124": 3.7400257206413934,
    "Node_10128": 9.775025720641393,
    "Node_10283": 4.5900257206413935,
    "Node_10321": 9.817525720641394,
    "Node_10352": 4.250013903049402,
    "Node_10422": 29.981731671146534,
    "Node_10429": 3.1450257206413936,
    "Node_10546": 0.8500139030494022,
    "Node_10548": 10.412537538233385,
    "Node_10554": 5.567525720641394,
    "Node_10557": 1.7000139030494021,
    "Node_10569": 5.567525720641394,
    "Node_10612": 2.550025720641394,
    "Node_10714": 8.500013903049402,
    "Node_10719": 1.7000139030494021,
    "Node_10720": 5.312537538233387,