{
    "Node_0": 0.0076988633806892425,
    "Node_1": 0.003280003310226192,
    "Node_2": 0.03415146510141155,
    "Node_3": 0.028671751525263574,
    "Node_4": 0.001925,
    "Node_5": 0.03297423981028602,
    "Node_6": 0.011879184163962952,
    "Node_7": 0.002224551316770342,
    "Node_8": 0.003659099214192661,
    "Node_9": 0.01453226999986932,
    "Node_10": 0.0030591862812024096,
    "Node_11": 0.001938475386316639,
    "Node_12": 0.0031414313491734507,
    "Node_13": 0.007055298524475748,
    "Node_14": 0.0026660882830272636,
    "Node_15": 0.008838879181982031,
    "Node_16": 0.01801984478604462,
    "Node_17": 0.048579569030081156,
    "Node_18": 0.017883221767404905,
    "Node_19": 0.0015000000000000002,
    "Node_20": 0.0015000000000000002,
    "Node_21": 0.0068586901929722595,
    "Node_22": 0.008933323983514322,
    "Node_23": 0.09737585887396925,
    "Node_24": 0.008355744341919826,
    "Node_25": 0.0058464446008345584,
    "Node_26": 0.011301783203886102,
    "Node_27": 0.006833220116456387,
    "Node_28": 0.005090638655823852,
    "Node_29": 0.0018196278556818373,
    "Node_30": 0.0015000000000000002,
    "Node_31": 0.0036174772415494367,
    "Node_32": 0.0034909048571129773,
    "Node_33": 0.0019809439357891608,
    "Node_34": 0.0018801638569519836,
    "Node_35": 0.005912546007340889,
    "Node_36": 0.008624285844946056,
    "Node_37": 0.007663584425792434,
    "Node_38": 0.0035436818326005414,
    "Node_39": 0.03068710047005959,
    "Node_40": 0.004486788340496685,
    "Node_41": 0.023308500044726607,
    "Node_42": 0.0025661067344051247,
    "Node_43": 0.001996742270429325,
    "Node_44": 0.005033811019159603,
    "Node_45": 0.009979564371054862,
    "Node_46": 0.0022632655801842847,
    "Node_47": 0.03577472549072595,
    "Node_48": 0.0039385669979563045,
    "Node_49": 0.0015000000000000002,
    "Node_50": 0.02994831804929259,
    "Node_51": 0.0024315494390684082,
    "Node_52": 0.025333443966303368,
    "Node_53": 0.010723028341852112,
    "Node_54": 0.0027639272711528955,
    "Node_55": 0.004838364973294867,
    "Node_56": 0.004236579226722699,
    "Node_57": 0.0060642462629914564,
    "Node_58": 0.002229477033280482,
    "Node_59": 0.02385516939815645,
    "Node_60": 0.005298641844187621,
    "Node_61": 0.008980726075394518,
    "Node_62": 0.0021598885306207266,
    "Node_63": 0.002188939007736049,
    "Node_64": 0.01038870641139082,
    "Node_65": 0.0026606511727103937,
    "Node_66": 0.01716690435631039,
    "Node_67": 0.002641092598240454,
    "Node_68": 0.017780817058057206,
    "Node_69": 0.011782464611628941,
    "Node_70": 0.010716309894978031,
    "Node_71": 0.01105404741862686,
    "Node_72": 0.003659099214192661,
    "Node_73": 0.014425989406592059,
    "Node_74": 0.031654583926314823,
    "Node_75": 0.010693874831017743,
    "Node_76": 0.0022223048466613773,
    "Node_77": 0.004141129431449627,
    "Node_78": 0.003591838024396633,
    "Node_79": 0.002123917708246989,
    "Node_80": 0.002466281594515693,
    "Node_81": 0.007488308635307531,
    "Node_82": 0.0015000000000000002,
    "Node_83": 0.0019450361077995725,
    "Node_84": 0.0048687595664942615,
    "Node_85": 0.002337610684373293,
    "Node_86": 0.0025746248233428784,
    "Node_87": 0.002337610684373293,
    "Node_88": 0.0034310500633691395,
    "Node_89": 0.0020634135826665357,
    "Node_90": 0.004864359905552399,
    "Node_91": 0.006299685249874273,
    "Node_92": 0.010509452143626662,
    "Node_93": 0.003723724136240134,
    "Node_94": 0.010203562842913367,
    "Node_95": 0.008987827415283818,
    "Node_96": 0.0018801638569519836,
    "Node_97": 0.0015000000000000002,
    "Node_98": 0.0023238520391845718,
    "Node_99": 0.06359613277854115
}